"place_id","name","name_ko","category","area","address","latitude","longitude","opening_hours","cost","stay_min","bag_load","covered","website","opening_hours_source","verified_at","cost_basis","stay_basis","covered_basis","name_ko_evidence","area_evidence","address_evidence","cost_evidence","stay_min_evidence","covered_evidence","website_evidence","remaining_null_fields","recommendation_blockers","review_notes","schedule_ready","field_sources_json"
"osaka_001","道頓堀グリコサイン","도톤보리 글리코 사인","명소","大阪市中央区","大阪府大阪市中央区道頓堀1丁目10-4","34.668926","135.5010546","점등: 일몰 후~24:00 (상황에 따라 단축 가능; 관람 가능 시간과 별개)",,"120","0",,"https://www.glico.com/jp/health/contents/glicosign/","https://www.glico.com/jp/health/contents/glicosign/","2026-09-23","","사용자 제공 체류시간 범위 90~120분, 관광 명소(문화·자연 포함). 일정 여유를 위해 상한 적용. 실제 관람 소요시간이 아닌 추정값.","","","https://www.glico.com/jp/health/contents/glicosign/","https://www.glico.com/jp/health/contents/glicosign/","","https://github.com/travel-recommender/gachilo/issues/1","","https://www.glico.com/jp/health/contents/glicosign/","cost | covered","","간판 건물의 좌표이며 실제 관람 지점/입구가 아님. 공공 보행 공간의 관람 지점 좌표는 별도 확인 필요. 점등시간을 24시간 영업으로 변환하지 않음. | 기존 출처와 필드 상태 검토. 이번 회차에서 새로 확정한 주소·영업시간 없음.","false","{""name"":{""kind"":""osm"",""url"":""https://www.openstreetmap.org/node/3507545614""},""name_ko"":{""kind"":""previous_draft_not_reverified"",""place_id"":""osaka_001""},""category"":{""kind"":""osm"",""url"":""https://www.openstreetmap.org/node/3507545614""},""latitude"":{""kind"":""osm"",""url"":""https://www.openstreetmap.org/node/3507545614"",""note"":""외부에서 보는 간판 자체 좌표. 입장/보행 목적지로 사용하지 말고 공개 관람 위치 별도 확인.""},""longitude"":{""kind"":""osm"",""url"":""https://www.openstreetmap.org/node/3507545614""},""address"":{""kind"":""official_web_review"",""urls"":[""https://www.glico.com/jp/health/contents/glicosign/""],""checked_at"":""2026-09-23""},""opening_hours"":{""kind"":""official_web_review"",""urls"":[""https://www.glico.com/jp/health/contents/glicosign/""],""checked_at"":""2026-09-23""},""website"":{""kind"":""official_web_review"",""urls"":[""https://www.glico.com/jp/health/contents/glicosign/""],""checked_at"":""2026-09-23""},""opening_hours_source"":{""kind"":""official_web_review"",""urls"":[""https://www.glico.com/jp/health/contents/glicosign/""],""checked_at"":""2026-09-23""},""verified_at"":{""kind"":""review_date_only"",""check_id"":""glico_sign_20260923""},""area"":{""kind"":""derived_from_official_address"",""urls"":[""https://www.glico.com/jp/health/contents/glicosign/""],""checked_at"":""2026-09-23"",""derived_at"":""2026-09-28"",""note"":""공식 출처 주소의 행정구만 추출. 관광 권역·출입구 좌표 추정 아님.""},""bag_load"":{""kind"":""team_rule_estimate"",""urls"":[""https://github.com/travel-recommender/gachilo/issues/1""],""checked_at"":""2026-09-29"",""revision"":""team_planning_rules_20260929"",""note"":""기존 get_luggage_score와 동일: 쇼핑 2, 지정 시장·상점가·아메리카무라·신세카이 1, 나머지 0. kg가 아닌 상대 점수.""},""stay_min"":{""kind"":""team_rule_estimate"",""urls"":[""https://github.com/travel-recommender/gachilo/issues/1""],""checked_at"":""2026-09-29"",""revision"":""team_planning_rules_20260929"",""note"":""사용자 제공 체류시간 범위 90~120분, 관광 명소(문화·자연 포함). 일정 여유를 위해 상한 적용. 실제 관람 소요시간이 아닌 추정값.""}}"
"osaka_002","通天閣","쓰텐카쿠","명소","大阪市浪速区","大阪市浪速区恵美須東1-18-6","34.6525393","135.5063099","09:00-21:45 (일반 전망대 최종입장 21:15)","1500","90","0",,"https://www.tsutenkaku.co.jp/","https://www.tsutenkaku.co.jp/annai/","2026-09-23","","사용자 제공 체류시간 범위 60~90분, 전망대. 일정 여유를 위해 상한 적용. 실제 관람 소요시간이 아닌 추정값.","","","https://www.tsutenkaku.co.jp/annai/","https://www.tsutenkaku.co.jp/annai/","https://www.tsutenkaku.co.jp/annai/","https://github.com/travel-recommender/gachilo/issues/1","","https://www.tsutenkaku.co.jp/annai/","covered","","15세 이상 일반 전망대 요금 JPY. 입장 시간 예약 필요. 특별 야외 전망대·체험 비용 별도. | 기존 출처와 필드 상태 검토. 이번 회차에서 새로 확정한 주소·영업시간 없음.","false","{""name"":{""kind"":""osm"",""url"":""https://www.openstreetmap.org/way/254319878""},""name_ko"":{""kind"":""previous_draft_not_reverified"",""place_id"":""osaka_002""},""category"":{""kind"":""osm"",""url"":""https://www.openstreetmap.org/way/254319878""},""latitude"":{""kind"":""osm"",""url"":""https://www.openstreetmap.org/way/254319878""},""longitude"":{""kind"":""osm"",""url"":""https://www.openstreetmap.org/way/254319878""},""opening_hours"":{""kind"":""official_web_review"",""urls"":[""https://www.tsutenkaku.co.jp/annai/""],""checked_at"":""2026-09-23""},""website"":{""kind"":""official_web_review"",""urls"":[""https://www.tsutenkaku.co.jp/annai/""],""checked_at"":""2026-09-23""},""address"":{""kind"":""official_web_review"",""urls"":[""https://www.tsutenkaku.co.jp/annai/""],""checked_at"":""2026-09-23""},""cost"":{""kind"":""official_web_review"",""urls"":[""https://www.tsutenkaku.co.jp/annai/""],""checked_at"":""2026-09-23""},""opening_hours_source"":{""kind"":""official_web_review"",""urls"":[""https://www.tsutenkaku.co.jp/annai/""],""checked_at"":""2026-09-23""},""verified_at"":{""kind"":""review_date_only"",""check_id"":""tsutenkaku_20260923""},""area"":{""kind"":""derived_from_official_address"",""urls"":[""https://www.tsutenkaku.co.jp/annai/""],""checked_at"":""2026-09-23"",""derived_at"":""2026-09-28"",""note"":""공식 출처 주소의 행정구만 추출. 관광 권역·출입구 좌표 추정 아님.""},""bag_load"":{""kind"":""team_rule_estimate"",""urls"":[""https://github.com/travel-recommender/gachilo/issues/1""],""checked_at"":""2026-09-29"",""revision"":""team_planning_rules_20260929"",""note"":""기존 get_luggage_score와 동일: 쇼핑 2, 지정 시장·상점가·아메리카무라·신세카이 1, 나머지 0. kg가 아닌 상대 점수.""},""stay_min"":{""kind"":""team_rule_estimate"",""urls"":[""https://github.com/travel-recommender/gachilo/issues/1""],""checked_at"":""2026-09-29"",""revision"":""team_planning_rules_20260929"",""note"":""사용자 제공 체류시간 범위 60~90분, 전망대. 일정 여유를 위해 상한 적용. 실제 관람 소요시간이 아닌 추정값.""}}"
"osaka_003","新世界","신세카이","명소","大阪市浪速区","大阪市浪速区恵美須東","34.6520901","135.5061908","매일 24시간 (거리 통행 공간 기준; 개별 점포·전망대 영업시간 별도)",,"120","1",,"https://shinsekaiofficial.com/","https://maps.google.com/?cid=3941168473429300987","2026-09-30","","사용자 제공 체류시간 범위 90~120분, 관광 명소(문화·자연 포함). 일정 여유를 위해 상한 적용. 실제 관람 소요시간이 아닌 추정값.","","","https://osaka-info.jp/special/dc/event/detail701/ | https://shinsekaiofficial.com/","https://osaka-info.jp/special/dc/event/detail701/ | https://shinsekaiofficial.com/","","https://github.com/travel-recommender/gachilo/issues/1","","https://osaka-info.jp/special/dc/event/detail701/ | https://shinsekaiofficial.com/","cost | covered","","지역 명소. 단일 시설 주소·영업시간의 적용 범위 확인 필요. | 신세카이 지역 주소. 특정 상점의 번지나 영업시간을 지역 전체에 적용하지 않음. | 2026-09-30: 신세카이 지역 Google Maps 7일 모두 24시간 표시. 점포·쓰텐카쿠의 운영시간으로 사용하지 않음.","false","{""name"":{""kind"":""osm"",""url"":""https://www.openstreetmap.org/node/4190308689""},""name_ko"":{""kind"":""previous_draft_not_reverified"",""place_id"":""osaka_003""},""category"":{""kind"":""osm"",""url"":""https://www.openstreetmap.org/node/4190308689""},""latitude"":{""kind"":""osm"",""url"":""https://www.openstreetmap.org/node/4190308689""},""longitude"":{""kind"":""osm"",""url"":""https://www.openstreetmap.org/node/4190308689""},""address"":{""kind"":""official_web_review"",""urls"":[""https://osaka-info.jp/special/dc/event/detail701/"",""https://shinsekaiofficial.com/""],""checked_at"":""2026-09-28"",""note"":""신세카이 지역 주소. 특정 상점의 번지나 영업시간을 지역 전체에 적용하지 않음.""},""website"":{""kind"":""official_web_review"",""urls"":[""https://osaka-info.jp/special/dc/event/detail701/"",""https://shinsekaiofficial.com/""],""checked_at"":""2026-09-28"",""note"":""신세카이 지역 주소. 특정 상점의 번지나 영업시간을 지역 전체에 적용하지 않음.""},""verified_at"":{""kind"":""google_maps_manual_review"",""urls"":[""https://maps.google.com/?cid=3941168473429300987""],""checked_at"":""2026-09-30"",""revision"":""operating_review_20260930"",""note"":""신세카이 지역 Google Maps 7일 모두 24시간 표시. 점포·쓰텐카쿠의 운영시간으로 사용하지 않음.""},""area"":{""kind"":""derived_from_official_address"",""urls"":[""https://osaka-info.jp/special/dc/event/detail701/"",""https://shinsekaiofficial.com/""],""checked_at"":""2026-09-28"",""derived_at"":""2026-09-28"",""note"":""공식 출처 주소의 행정구만 추출. 관광 권역·출입구 좌표 추정 아님.""},""bag_load"":{""kind"":""team_rule_estimate"",""urls"":[""https://github.com/travel-recommender/gachilo/issues/1""],""checked_at"":""2026-09-29"",""revision"":""team_planning_rules_20260929"",""note"":""기존 get_luggage_score와 동일: 쇼핑 2, 지정 시장·상점가·아메리카무라·신세카이 1, 나머지 0. kg가 아닌 상대 점수.""},""stay_min"":{""kind"":""team_rule_estimate"",""urls"":[""https://github.com/travel-recommender/gachilo/issues/1""],""checked_at"":""2026-09-29"",""revision"":""team_planning_rules_20260929"",""note"":""사용자 제공 체류시간 범위 90~120분, 관광 명소(문화·자연 포함). 일정 여유를 위해 상한 적용. 실제 관람 소요시간이 아닌 추정값.""},""opening_hours"":{""kind"":""google_maps_manual_review"",""urls"":[""https://maps.google.com/?cid=3941168473429300987""],""checked_at"":""2026-09-30"",""revision"":""operating_review_20260930"",""note"":""신세카이 지역 Google Maps 7일 모두 24시간 표시. 점포·쓰텐카쿠의 운영시간으로 사용하지 않음.""},""opening_hours_source"":{""kind"":""google_maps_manual_review"",""urls"":[""https://maps.google.com/?cid=3941168473429300987""],""checked_at"":""2026-09-30"",""revision"":""operating_review_20260930"",""note"":""신세카이 지역 Google Maps 7일 모두 24시간 표시. 점포·쓰텐카쿠의 운영시간으로 사용하지 않음.""}}"
"osaka_004","アメリカ村","아메리카무라","명소","大阪市中央区","大阪市中央区西心斎橋1丁目～2丁目付近","34.672085","135.4979465","점포별 상이",,"120","1",,"https://osaka-info.jp/spot/america-mura-american-village/","https://osaka-info.jp/spot/america-mura-american-village/","2026-09-28","","사용자 제공 체류시간 범위 90~120분, 관광 명소(문화·자연 포함). 일정 여유를 위해 상한 적용. 실제 관람 소요시간이 아닌 추정값.","","","https://osaka-info.jp/spot/america-mura-american-village/","https://osaka-info.jp/spot/america-mura-american-village/","","https://github.com/travel-recommender/gachilo/issues/1","","https://osaka-info.jp/spot/america-mura-american-village/","cost | covered","","상업 지역 범위 주소. 개별 건물 주소가 아님. | 기존 공식 검증 기록의 시설 안내 페이지를 다시 열어 관련 시설·지점을 확인. 전용 홈페이지가 없는 공원은 시청 공식 소개 링크 사용.","false","{""name"":{""kind"":""osm"",""url"":""https://www.openstreetmap.org/node/4586410090""},""name_ko"":{""kind"":""previous_draft_not_reverified"",""place_id"":""osaka_004""},""category"":{""kind"":""osm"",""url"":""https://www.openstreetmap.org/node/4586410090""},""latitude"":{""kind"":""osm"",""url"":""https://www.openstreetmap.org/node/4586410090""},""longitude"":{""kind"":""osm"",""url"":""https://www.openstreetmap.org/node/4586410090""},""address"":{""kind"":""official_tourism_review"",""urls"":[""https://osaka-info.jp/spot/america-mura-american-village/""],""checked_at"":""2026-09-26"",""evidence_window"":""2026-09-24/2026-09-26""},""opening_hours"":{""kind"":""official_tourism_review"",""urls"":[""https://osaka-info.jp/spot/america-mura-american-village/""],""checked_at"":""2026-09-26"",""evidence_window"":""2026-09-24/2026-09-26""},""opening_hours_source"":{""kind"":""official_tourism_review"",""urls"":[""https://osaka-info.jp/spot/america-mura-american-village/""],""checked_at"":""2026-09-26"",""evidence_window"":""2026-09-24/2026-09-26""},""verified_at"":{""kind"":""review_date_only"",""note"":""이번에 확인한 필드만 검증. 전체 필드·영업 상태 검증을 뜻하지 않음."",""check_id"":""official_fields_20260928""},""website"":{""kind"":""official_web_review"",""urls"":[""https://osaka-info.jp/spot/america-mura-american-village/""],""checked_at"":""2026-09-28"",""note"":""기존 공식 검증 기록의 시설 안내 페이지를 다시 열어 관련 시설·지점을 확인. 전용 홈페이지가 없는 공원은 시청 공식 소개 링크 사용.""},""area"":{""kind"":""derived_from_official_address"",""urls"":[""https://osaka-info.jp/spot/america-mura-american-village/""],""checked_at"":""2026-09-26"",""derived_at"":""2026-09-28"",""note"":""공식 출처 주소의 행정구만 추출. 관광 권역·출입구 좌표 추정 아님.""},""bag_load"":{""kind"":""team_rule_estimate"",""urls"":[""https://github.com/travel-recommender/gachilo/issues/1""],""checked_at"":""2026-09-29"",""revision"":""team_planning_rules_20260929"",""note"":""기존 get_luggage_score와 동일: 쇼핑 2, 지정 시장·상점가·아메리카무라·신세카이 1, 나머지 0. kg가 아닌 상대 점수.""},""stay_min"":{""kind"":""team_rule_estimate"",""urls"":[""https://github.com/travel-recommender/gachilo/issues/1""],""checked_at"":""2026-09-29"",""revision"":""team_planning_rules_20260929"",""note"":""사용자 제공 체류시간 범위 90~120분, 관광 명소(문화·자연 포함). 일정 여유를 위해 상한 적용. 실제 관람 소요시간이 아닌 추정값.""}}"
"osaka_005","黒門市場","구로몬시장","명소","大阪市中央区","大阪市中央区日本橋2丁目（黒門市場一帯）","34.666272","135.5070387","점포별 영업시간·휴무일 상이; 방문 점포별 확인 필요",,"120","1","true","https://kuromon.com/jp/","https://kuromon.com/jp/","2026-09-28","","사용자 제공 체류시간 범위 90~120분, 관광 명소(문화·자연 포함). 일정 여유를 위해 상한 적용. 실제 관람 소요시간이 아닌 추정값.","공식 시장 안내. 사무국 번지 2-4-1을 시장 전체의 출입구로 취급하지 않음. 주요 통로는 아케이드이며 모든 접근 경로가 지붕으로 덮였다는 뜻은 아님.","","https://kuromon.com/jp/","https://kuromon.com/jp/","","https://github.com/travel-recommender/gachilo/issues/1","https://kuromon.com/jp/","https://kuromon.com/jp/","cost","","시장 전체와 관리사무소 주소 구분, 점포별 운영시간 확인 필요. | 공식 시장 안내. 사무국 번지 2-4-1을 시장 전체의 출입구로 취급하지 않음. 주요 통로는 아케이드이며 모든 접근 경로가 지붕으로 덮였다는 뜻은 아님.","false","{""name"":{""kind"":""osm"",""url"":""https://www.openstreetmap.org/node/5149144823""},""name_ko"":{""kind"":""previous_draft_not_reverified"",""place_id"":""osaka_005""},""category"":{""kind"":""osm"",""url"":""https://www.openstreetmap.org/node/5149144823""},""latitude"":{""kind"":""osm"",""url"":""https://www.openstreetmap.org/node/5149144823""},""longitude"":{""kind"":""osm"",""url"":""https://www.openstreetmap.org/node/5149144823""},""address"":{""kind"":""official_web_review"",""urls"":[""https://kuromon.com/jp/""],""checked_at"":""2026-09-28"",""note"":""공식 시장 안내. 사무국 번지 2-4-1을 시장 전체의 출입구로 취급하지 않음. 주요 통로는 아케이드이며 모든 접근 경로가 지붕으로 덮였다는 뜻은 아님.""},""website"":{""kind"":""official_web_review"",""urls"":[""https://kuromon.com/jp/""],""checked_at"":""2026-09-28"",""note"":""공식 시장 안내. 사무국 번지 2-4-1을 시장 전체의 출입구로 취급하지 않음. 주요 통로는 아케이드이며 모든 접근 경로가 지붕으로 덮였다는 뜻은 아님.""},""opening_hours"":{""kind"":""official_web_review"",""urls"":[""https://kuromon.com/jp/""],""checked_at"":""2026-09-28"",""note"":""공식 시장 안내. 사무국 번지 2-4-1을 시장 전체의 출입구로 취급하지 않음. 주요 통로는 아케이드이며 모든 접근 경로가 지붕으로 덮였다는 뜻은 아님.""},""opening_hours_source"":{""kind"":""official_web_review"",""urls"":[""https://kuromon.com/jp/""],""checked_at"":""2026-09-28"",""note"":""공식 시장 안내. 사무국 번지 2-4-1을 시장 전체의 출입구로 취급하지 않음. 주요 통로는 아케이드이며 모든 접근 경로가 지붕으로 덮였다는 뜻은 아님.""},""covered"":{""kind"":""classification_from_official_description"",""urls"":[""https://kuromon.com/jp/""],""checked_at"":""2026-09-28"",""note"":""공식 시장 안내. 사무국 번지 2-4-1을 시장 전체의 출입구로 취급하지 않음. 주요 통로는 아케이드이며 모든 접근 경로가 지붕으로 덮였다는 뜻은 아님.""},""verified_at"":{""kind"":""review_date_only"",""note"":""이번에 확인한 필드만 검증. 전체 필드·영업 상태 검증을 뜻하지 않음."",""check_id"":""official_fields_20260928""},""area"":{""kind"":""derived_from_official_address"",""urls"":[""https://kuromon.com/jp/""],""checked_at"":""2026-09-28"",""derived_at"":""2026-09-28"",""note"":""공식 출처 주소의 행정구만 추출. 관광 권역·출입구 좌표 추정 아님.""},""bag_load"":{""kind"":""team_rule_estimate"",""urls"":[""https://github.com/travel-recommender/gachilo/issues/1""],""checked_at"":""2026-09-29"",""revision"":""team_planning_rules_20260929"",""note"":""기존 get_luggage_score와 동일: 쇼핑 2, 지정 시장·상점가·아메리카무라·신세카이 1, 나머지 0. kg가 아닌 상대 점수.""},""stay_min"":{""kind"":""team_rule_estimate"",""urls"":[""https://github.com/travel-recommender/gachilo/issues/1""],""checked_at"":""2026-09-29"",""revision"":""team_planning_rules_20260929"",""note"":""사용자 제공 체류시간 범위 90~120분, 관광 명소(문화·자연 포함). 일정 여유를 위해 상한 적용. 실제 관람 소요시간이 아닌 추정값.""}}"
"osaka_006","心斎橋筋商店街","신사이바시스지 상점가","명소","大阪市中央区","大阪市中央区心斎橋筋1丁目～2丁目","34.6742186","135.5013722","개별 점포별 상이",,"120","1",,"https://www.shinsaibashi.or.jp/","https://www.shinsaibashi.or.jp/contact/faq","2026-09-23","","사용자 제공 체류시간 범위 90~120분, 관광 명소(문화·자연 포함). 일정 여유를 위해 상한 적용. 실제 관람 소요시간이 아닌 추정값.","","https://www.shinsaibashi.or.jp/contact/faq | https://osaka-info.jp/spot/shinsaibashi-suji-shopping-street/","https://www.shinsaibashi.or.jp/contact/faq | https://osaka-info.jp/spot/shinsaibashi-suji-shopping-street/","https://www.shinsaibashi.or.jp/contact/faq | https://osaka-info.jp/spot/shinsaibashi-suji-shopping-street/","","https://github.com/travel-recommender/gachilo/issues/1","","https://www.shinsaibashi.or.jp/contact/faq | https://osaka-info.jp/spot/shinsaibashi-suji-shopping-street/","cost | covered","","공식 관광 안내의 시설명에 맞춰 한국어 표기 편집. OSM의 홉슈크림 표기와 다른 사이트 링크는 사용하지 않음. | 노드와 보행로 여러 구간은 하나의 상점가 방문 대상으로 검토. 주소는 거리 범위이며 사무국 주소가 아님. | 기존 출처와 필드 상태 검토. 이번 회차에서 새로 확정한 주소·영업시간 없음.","false","{""name"":{""kind"":""osm"",""url"":""https://www.openstreetmap.org/node/4586420089""},""name_ko"":{""kind"":""editorial_translation_of_official_name"",""urls"":[""https://www.shinsaibashi.or.jp/contact/faq"",""https://osaka-info.jp/spot/shinsaibashi-suji-shopping-street/""],""checked_at"":""2026-09-23""},""category"":{""kind"":""osm"",""url"":""https://www.openstreetmap.org/node/4586420089""},""latitude"":{""kind"":""osm"",""url"":""https://www.openstreetmap.org/node/4586420089""},""longitude"":{""kind"":""osm"",""url"":""https://www.openstreetmap.org/node/4586420089""},""website"":{""kind"":""official_web_review"",""urls"":[""https://www.shinsaibashi.or.jp/contact/faq"",""https://osaka-info.jp/spot/shinsaibashi-suji-shopping-street/""],""checked_at"":""2026-09-23""},""address"":{""kind"":""official_web_review"",""urls"":[""https://www.shinsaibashi.or.jp/contact/faq"",""https://osaka-info.jp/spot/shinsaibashi-suji-shopping-street/""],""checked_at"":""2026-09-23""},""opening_hours"":{""kind"":""official_web_review"",""urls"":[""https://www.shinsaibashi.or.jp/contact/faq"",""https://osaka-info.jp/spot/shinsaibashi-suji-shopping-street/""],""checked_at"":""2026-09-23""},""opening_hours_source"":{""kind"":""official_web_review"",""urls"":[""https://www.shinsaibashi.or.jp/contact/faq"",""https://osaka-info.jp/spot/shinsaibashi-suji-shopping-street/""],""checked_at"":""2026-09-23""},""verified_at"":{""kind"":""review_date_only"",""check_id"":""shinsaibashi_street_20260923""},""area"":{""kind"":""derived_from_official_address"",""urls"":[""https://www.shinsaibashi.or.jp/contact/faq"",""https://osaka-info.jp/spot/shinsaibashi-suji-shopping-street/""],""checked_at"":""2026-09-23"",""derived_at"":""2026-09-28"",""note"":""공식 출처 주소의 행정구만 추출. 관광 권역·출입구 좌표 추정 아님.""},""bag_load"":{""kind"":""team_rule_estimate"",""urls"":[""https://github.com/travel-recommender/gachilo/issues/1""],""checked_at"":""2026-09-29"",""revision"":""team_planning_rules_20260929"",""note"":""기존 get_luggage_score와 동일: 쇼핑 2, 지정 시장·상점가·아메리카무라·신세카이 1, 나머지 0. kg가 아닌 상대 점수.""},""stay_min"":{""kind"":""team_rule_estimate"",""urls"":[""https://github.com/travel-recommender/gachilo/issues/1""],""checked_at"":""2026-09-29"",""revision"":""team_planning_rules_20260929"",""note"":""사용자 제공 체류시간 범위 90~120분, 관광 명소(문화·자연 포함). 일정 여유를 위해 상한 적용. 실제 관람 소요시간이 아닌 추정값.""}}"
"osaka_007","空中庭園展望台","우메다 공중정원 전망대","명소","大阪市北区","大阪市北区大淀中1-1-88 梅田スカイビル","34.7053004","135.4901397","09:30-22:30 (최종입장 22:00; 특별 영업일 별도)","2000","90","0",,"https://www.skybldg.co.jp/observatory/","https://www.skybldg.co.jp/observatory/information/","2026-09-28","","사용자 제공 체류시간 범위 60~90분, 전망대. 일정 여유를 위해 상한 적용. 실제 관람 소요시간이 아닌 추정값.","","","https://www.skybldg.co.jp/access/","https://www.skybldg.co.jp/access/","https://www.skybldg.co.jp/observatory/information/","https://github.com/travel-recommender/gachilo/issues/1","","https://www.skybldg.co.jp/observatory/information/","covered","","성인 일반 입장료 JPY. 2026-11-08은 19:00 종료·18:30 최종입장, 2027-04-18은 18:00 종료·17:30 최종입장. 악천후 옥상 제한 가능. | 전망대 전용 주소·층 확인 필요. | 공식 전망대 접근 안내의 시설 주소.","false","{""name"":{""kind"":""osm"",""url"":""https://www.openstreetmap.org/node/4325335299""},""name_ko"":{""kind"":""previous_draft_not_reverified"",""place_id"":""osaka_007""},""category"":{""kind"":""osm"",""url"":""https://www.openstreetmap.org/node/4325335299""},""latitude"":{""kind"":""osm"",""url"":""https://www.openstreetmap.org/node/4325335299""},""longitude"":{""kind"":""osm"",""url"":""https://www.openstreetmap.org/node/4325335299""},""opening_hours"":{""kind"":""official_web_review"",""urls"":[""https://www.skybldg.co.jp/observatory/information/""],""checked_at"":""2026-09-23""},""cost"":{""kind"":""official_web_review"",""urls"":[""https://www.skybldg.co.jp/observatory/information/""],""checked_at"":""2026-09-23""},""website"":{""kind"":""official_web_review"",""urls"":[""https://www.skybldg.co.jp/observatory/information/""],""checked_at"":""2026-09-23""},""opening_hours_source"":{""kind"":""official_web_review"",""urls"":[""https://www.skybldg.co.jp/observatory/information/""],""checked_at"":""2026-09-23""},""verified_at"":{""kind"":""review_date_only"",""note"":""이번에 확인한 필드만 검증. 전체 필드·영업 상태 검증을 뜻하지 않음."",""check_id"":""official_fields_20260928""},""address"":{""kind"":""official_web_review"",""urls"":[""https://www.skybldg.co.jp/access/""],""checked_at"":""2026-09-28"",""note"":""공식 전망대 접근 안내의 시설 주소.""},""area"":{""kind"":""derived_from_official_address"",""urls"":[""https://www.skybldg.co.jp/access/""],""checked_at"":""2026-09-28"",""derived_at"":""2026-09-28"",""note"":""공식 출처 주소의 행정구만 추출. 관광 권역·출입구 좌표 추정 아님.""},""bag_load"":{""kind"":""team_rule_estimate"",""urls"":[""https://github.com/travel-recommender/gachilo/issues/1""],""checked_at"":""2026-09-29"",""revision"":""team_planning_rules_20260929"",""note"":""기존 get_luggage_score와 동일: 쇼핑 2, 지정 시장·상점가·아메리카무라·신세카이 1, 나머지 0. kg가 아닌 상대 점수.""},""stay_min"":{""kind"":""team_rule_estimate"",""urls"":[""https://github.com/travel-recommender/gachilo/issues/1""],""checked_at"":""2026-09-29"",""revision"":""team_planning_rules_20260929"",""note"":""사용자 제공 체류시간 범위 60~90분, 전망대. 일정 여유를 위해 상한 적용. 실제 관람 소요시간이 아닌 추정값.""}}"
"osaka_008","HEP FIVE観覧車","HEP FIVE 관람차","명소","大阪市北区","大阪府大阪市北区角田町5-15","34.703996","135.5000942","11:00-23:00 (최종탑승 22:45; 휴관 공지 별도)","1000","120","0",,"https://www.hepfive.jp/ferriswheel","https://www.hepfive.jp/ferriswheel","2026-09-23","","사용자 제공 체류시간 범위 90~120분, 관광 명소(문화·자연 포함). 일정 여유를 위해 상한 적용. 실제 관람 소요시간이 아닌 추정값.","","","https://www.hepfive.jp/ferriswheel","https://www.hepfive.jp/ferriswheel","https://www.hepfive.jp/ferriswheel","https://github.com/travel-recommender/gachilo/issues/1","","https://www.hepfive.jp/ferriswheel","covered","","1인 일반 탑승료 JPY, 5세 이하 무료. 페이지에 10/15 목요일 휴관 공지가 있으나 연도 생략이므로 일정 날짜별 재확인 필요. 한 바퀴 약 15분은 대기 포함 체류시간이 아니므로 stay_min에 자동 입력하지 않음. | 기존 출처와 필드 상태 검토. 이번 회차에서 새로 확정한 주소·영업시간 없음.","false","{""name"":{""kind"":""osm"",""url"":""https://www.openstreetmap.org/way/332292139""},""category"":{""kind"":""osm"",""url"":""https://www.openstreetmap.org/way/332292139""},""latitude"":{""kind"":""osm"",""url"":""https://www.openstreetmap.org/way/332292139""},""longitude"":{""kind"":""osm"",""url"":""https://www.openstreetmap.org/way/332292139""},""opening_hours"":{""kind"":""official_web_review"",""urls"":[""https://www.hepfive.jp/ferriswheel""],""checked_at"":""2026-09-23""},""address"":{""kind"":""official_web_review"",""urls"":[""https://www.hepfive.jp/ferriswheel""],""checked_at"":""2026-09-23""},""cost"":{""kind"":""official_web_review"",""urls"":[""https://www.hepfive.jp/ferriswheel""],""checked_at"":""2026-09-23""},""website"":{""kind"":""official_web_review"",""urls"":[""https://www.hepfive.jp/ferriswheel""],""checked_at"":""2026-09-23""},""opening_hours_source"":{""kind"":""official_web_review"",""urls"":[""https://www.hepfive.jp/ferriswheel""],""checked_at"":""2026-09-23""},""verified_at"":{""kind"":""review_date_only"",""check_id"":""hep_five_20260923""},""name_ko"":{""kind"":""previous_draft_not_reverified"",""place_id"":""osaka_008""},""area"":{""kind"":""derived_from_official_address"",""urls"":[""https://www.hepfive.jp/ferriswheel""],""checked_at"":""2026-09-23"",""derived_at"":""2026-09-28"",""note"":""공식 출처 주소의 행정구만 추출. 관광 권역·출입구 좌표 추정 아님.""},""bag_load"":{""kind"":""team_rule_estimate"",""urls"":[""https://github.com/travel-recommender/gachilo/issues/1""],""checked_at"":""2026-09-29"",""revision"":""team_planning_rules_20260929"",""note"":""기존 get_luggage_score와 동일: 쇼핑 2, 지정 시장·상점가·아메리카무라·신세카이 1, 나머지 0. kg가 아닌 상대 점수.""},""stay_min"":{""kind"":""team_rule_estimate"",""urls"":[""https://github.com/travel-recommender/gachilo/issues/1""],""checked_at"":""2026-09-29"",""revision"":""team_planning_rules_20260929"",""note"":""사용자 제공 체류시간 범위 90~120분, 관광 명소(문화·자연 포함). 일정 여유를 위해 상한 적용. 실제 관람 소요시간이 아닌 추정값.""}}"
"osaka_009","大阪城","오사카성","문화","大阪市中央区","大阪府大阪市中央区大阪城1-1","34.6869508","135.5256708","09:00-18:00 (최종입장 17:30; 12월 28일~1월 1일 휴관)","1200","120","0",,"https://www.osakacastle.net/","https://www.osakacastle.net/guide/","2026-09-23","","사용자 제공 체류시간 범위 90~120분, 관광 명소(문화·자연 포함). 일정 여유를 위해 상한 적용. 실제 관람 소요시간이 아닌 추정값.","","","https://www.osakacastle.net/guide/","https://www.osakacastle.net/guide/","https://www.osakacastle.net/guide/","https://github.com/travel-recommender/gachilo/issues/1","","https://www.osakacastle.net/guide/","covered","","요금은 성인 일반 입장료 JPY. 특별 체험·할인 제외. | OSM 객체가 천수각 건물/성/박물관으로 나뉘어 있어 이 세 객체는 같은 방문 대상으로 통합 검토 필요. | 기존 출처와 필드 상태 검토. 이번 회차에서 새로 확정한 주소·영업시간 없음.","false","{""name"":{""kind"":""osm"",""url"":""https://www.openstreetmap.org/way/1550234049""},""name_ko"":{""kind"":""previous_draft_not_reverified"",""place_id"":""osaka_009""},""category"":{""kind"":""osm"",""url"":""https://www.openstreetmap.org/way/1550234049""},""latitude"":{""kind"":""osm"",""url"":""https://www.openstreetmap.org/way/1550234049""},""longitude"":{""kind"":""osm"",""url"":""https://www.openstreetmap.org/way/1550234049""},""address"":{""kind"":""official_web_review"",""urls"":[""https://www.osakacastle.net/guide/""],""checked_at"":""2026-09-23""},""opening_hours"":{""kind"":""official_web_review"",""urls"":[""https://www.osakacastle.net/guide/""],""checked_at"":""2026-09-23""},""cost"":{""kind"":""official_web_review"",""urls"":[""https://www.osakacastle.net/guide/""],""checked_at"":""2026-09-23""},""website"":{""kind"":""official_web_review"",""urls"":[""https://www.osakacastle.net/guide/""],""checked_at"":""2026-09-23""},""opening_hours_source"":{""kind"":""official_web_review"",""urls"":[""https://www.osakacastle.net/guide/""],""checked_at"":""2026-09-23""},""verified_at"":{""kind"":""review_date_only"",""check_id"":""osaka_castle_20260923""},""area"":{""kind"":""derived_from_official_address"",""urls"":[""https://www.osakacastle.net/guide/""],""checked_at"":""2026-09-23"",""derived_at"":""2026-09-28"",""note"":""공식 출처 주소의 행정구만 추출. 관광 권역·출입구 좌표 추정 아님.""},""bag_load"":{""kind"":""team_rule_estimate"",""urls"":[""https://github.com/travel-recommender/gachilo/issues/1""],""checked_at"":""2026-09-29"",""revision"":""team_planning_rules_20260929"",""note"":""기존 get_luggage_score와 동일: 쇼핑 2, 지정 시장·상점가·아메리카무라·신세카이 1, 나머지 0. kg가 아닌 상대 점수.""},""stay_min"":{""kind"":""team_rule_estimate"",""urls"":[""https://github.com/travel-recommender/gachilo/issues/1""],""checked_at"":""2026-09-29"",""revision"":""team_planning_rules_20260929"",""note"":""사용자 제공 체류시간 범위 90~120분, 관광 명소(문화·자연 포함). 일정 여유를 위해 상한 적용. 실제 관람 소요시간이 아닌 추정값.""}}"
"osaka_010","大阪天満宮","오사카 텐만구","문화","大阪市北区","大阪市北区天神橋2丁目1番8号","34.6961478","135.5127788",,"0","90","0",,"https://osakatemmangu.or.jp/",,"2026-09-28","오사카 관광국의 일반 참배 무료 안내. 유료 기도·결혼식 제외. 과거 여름 개문 공지를 연중 시간으로 적용하지 않음.","사용자 제공 체류시간 범위 45~90분, 신사·사찰·종교시설. 일정 여유를 위해 상한 적용. 실제 관람 소요시간이 아닌 추정값.","","","https://osakatemmangu.or.jp/","https://osakatemmangu.or.jp/","https://osaka-info.jp/experience/ja/osaka/spot/261","https://github.com/travel-recommender/gachilo/issues/1","","","opening_hours | covered | opening_hours_source","","오사카 관광국의 일반 참배 무료 안내. 유료 기도·결혼식 제외. 과거 여름 개문 공지를 연중 시간으로 적용하지 않음. | 2026-09-30: 공식 2022년 여름 개문 시간 공지는 현재 연중 시간으로 적용하지 않음. 지도 17시 표시는 수여소와 경내 개방 구분이 필요하여 영업시간 null 유지.","false","{""name"":{""kind"":""osm"",""url"":""https://www.openstreetmap.org/way/363304259""},""name_ko"":{""kind"":""previous_draft_not_reverified"",""place_id"":""osaka_010""},""category"":{""kind"":""osm"",""url"":""https://www.openstreetmap.org/way/363304259""},""latitude"":{""kind"":""osm"",""url"":""https://www.openstreetmap.org/way/363304259""},""longitude"":{""kind"":""osm"",""url"":""https://www.openstreetmap.org/way/363304259""},""website"":{""kind"":""osm"",""url"":""https://www.openstreetmap.org/way/363304259""},""address"":{""kind"":""official_web_review"",""urls"":[""https://osakatemmangu.or.jp/""],""checked_at"":""2026-09-26"",""evidence_window"":""2026-09-24/2026-09-26""},""verified_at"":{""kind"":""review_date_only"",""urls"":[""https://osaka-info.jp/experience/ja/osaka/spot/261""],""checked_at"":""2026-09-28"",""note"":""오사카 관광국의 일반 참배 무료 안내. 유료 기도·결혼식 제외. 과거 여름 개문 공지를 연중 시간으로 적용하지 않음."",""revision"":""official_fields_20260928_v2""},""area"":{""kind"":""derived_from_official_address"",""urls"":[""https://osakatemmangu.or.jp/""],""checked_at"":""2026-09-26"",""derived_at"":""2026-09-28"",""note"":""공식 출처 주소의 행정구만 추출. 관광 권역·출입구 좌표 추정 아님.""},""cost"":{""kind"":""official_web_review"",""urls"":[""https://osaka-info.jp/experience/ja/osaka/spot/261""],""checked_at"":""2026-09-28"",""note"":""오사카 관광국의 일반 참배 무료 안내. 유료 기도·결혼식 제외. 과거 여름 개문 공지를 연중 시간으로 적용하지 않음."",""revision"":""official_fields_20260928_v2""},""bag_load"":{""kind"":""team_rule_estimate"",""urls"":[""https://github.com/travel-recommender/gachilo/issues/1""],""checked_at"":""2026-09-29"",""revision"":""team_planning_rules_20260929"",""note"":""기존 get_luggage_score와 동일: 쇼핑 2, 지정 시장·상점가·아메리카무라·신세카이 1, 나머지 0. kg가 아닌 상대 점수.""},""stay_min"":{""kind"":""team_rule_estimate"",""urls"":[""https://github.com/travel-recommender/gachilo/issues/1""],""checked_at"":""2026-09-29"",""revision"":""team_planning_rules_20260929"",""note"":""사용자 제공 체류시간 범위 45~90분, 신사·사찰·종교시설. 일정 여유를 위해 상한 적용. 실제 관람 소요시간이 아닌 추정값.""}}"
"osaka_011","四天王寺","시텐노지","문화","大阪市天王寺区","大阪市天王寺区四天王寺1丁目11番18号","34.6546295","135.5164027","중심가람·정원: 4–9월 08:30–16:30, 10–3월 08:30–16:00; 21일·회일 및 행사일 예외","500","90","0",,"https://shitennoji.or.jp","https://www.shitennoji.or.jp/map.html","2026-09-28","성인 개인 중심가람 관람 기준 500엔. 정원 300엔·보물관 500엔 별도. 매월 21·22일 및 춘추 피안회 중심가람 무료 개방 예외.","사용자 제공 체류시간 범위 45~90분, 신사·사찰·종교시설. 일정 여유를 위해 상한 적용. 실제 관람 소요시간이 아닌 추정값.","","","https://www.shitennoji.or.jp/map.html","https://www.shitennoji.or.jp/map.html","https://www.shitennoji.or.jp/admission.html","https://github.com/travel-recommender/gachilo/issues/1","","","covered","","경내 통행시간과 유료시설 관람시간을 구분. 특별일 운영시간은 별도 확인. | 성인 개인 중심가람 관람 기준 500엔. 정원 300엔·보물관 500엔 별도. 매월 21·22일 및 춘추 피안회 중심가람 무료 개방 예외.","false","{""name"":{""kind"":""osm"",""url"":""https://www.openstreetmap.org/way/579077537""},""name_ko"":{""kind"":""previous_draft_not_reverified"",""place_id"":""osaka_011""},""category"":{""kind"":""osm"",""url"":""https://www.openstreetmap.org/way/579077537""},""latitude"":{""kind"":""osm"",""url"":""https://www.openstreetmap.org/way/579077537""},""longitude"":{""kind"":""osm"",""url"":""https://www.openstreetmap.org/way/579077537""},""website"":{""kind"":""osm"",""url"":""https://www.openstreetmap.org/way/579077537""},""address"":{""kind"":""official_web_review"",""urls"":[""https://www.shitennoji.or.jp/map.html""],""checked_at"":""2026-09-26"",""evidence_window"":""2026-09-24/2026-09-26""},""opening_hours"":{""kind"":""official_web_review"",""urls"":[""https://www.shitennoji.or.jp/map.html""],""checked_at"":""2026-09-26"",""evidence_window"":""2026-09-24/2026-09-26""},""opening_hours_source"":{""kind"":""official_web_review"",""urls"":[""https://www.shitennoji.or.jp/map.html""],""checked_at"":""2026-09-26"",""evidence_window"":""2026-09-24/2026-09-26""},""verified_at"":{""kind"":""review_date_only"",""urls"":[""https://www.shitennoji.or.jp/admission.html""],""checked_at"":""2026-09-28"",""note"":""성인 개인 중심가람 관람 기준 500엔. 정원 300엔·보물관 500엔 별도. 매월 21·22일 및 춘추 피안회 중심가람 무료 개방 예외."",""revision"":""official_fields_20260928_v2""},""area"":{""kind"":""derived_from_official_address"",""urls"":[""https://www.shitennoji.or.jp/map.html""],""checked_at"":""2026-09-26"",""derived_at"":""2026-09-28"",""note"":""공식 출처 주소의 행정구만 추출. 관광 권역·출입구 좌표 추정 아님.""},""cost"":{""kind"":""official_web_review"",""urls"":[""https://www.shitennoji.or.jp/admission.html""],""checked_at"":""2026-09-28"",""note"":""성인 개인 중심가람 관람 기준 500엔. 정원 300엔·보물관 500엔 별도. 매월 21·22일 및 춘추 피안회 중심가람 무료 개방 예외."",""revision"":""official_fields_20260928_v2""},""bag_load"":{""kind"":""team_rule_estimate"",""urls"":[""https://github.com/travel-recommender/gachilo/issues/1""],""checked_at"":""2026-09-29"",""revision"":""team_planning_rules_20260929"",""note"":""기존 get_luggage_score와 동일: 쇼핑 2, 지정 시장·상점가·아메리카무라·신세카이 1, 나머지 0. kg가 아닌 상대 점수.""},""stay_min"":{""kind"":""team_rule_estimate"",""urls"":[""https://github.com/travel-recommender/gachilo/issues/1""],""checked_at"":""2026-09-29"",""revision"":""team_planning_rules_20260929"",""note"":""사용자 제공 체류시간 범위 45~90분, 신사·사찰·종교시설. 일정 여유를 위해 상한 적용. 실제 관람 소요시간이 아닌 추정값.""}}"
"osaka_012","大阪歴史博物館","오사카 역사박물관","문화","大阪市中央区","大阪市中央区大手前4丁目1-32","34.6826183","135.5208131","09:30-17:00 (최종입장 16:30; 화요일 휴관, 공휴일이면 다음 날; 12월 28일~1월 4일 휴관)","600","120","0","true","https://www.osakamushis.jp/","https://www.osakamushis.jp/visit/fee.html","2026-09-28","","사용자 제공 체류시간 범위 90~120분, 관광 명소(문화·자연 포함). 일정 여유를 위해 상한 적용. 실제 관람 소요시간이 아닌 추정값.","공식 안내의 10층·9층 등 박물관 상설 전시 관람 기준. 외부 유적 탐방 제외.","","https://www.osakamushis.jp/visit/fee.html","https://www.osakamushis.jp/visit/fee.html","https://www.osakamushis.jp/visit/fee.html","https://github.com/travel-recommender/gachilo/issues/1","https://www.osakamushis.jp/","","","","요금은 성인 상설전 개인 입장료 JPY. 특별전 별도. 임시 휴관은 방문일별 확인. | 기존 출처와 필드 상태 검토. 이번 회차에서 새로 확정한 주소·영업시간 없음. | 공식 안내의 10층·9층 등 박물관 상설 전시 관람 기준. 외부 유적 탐방 제외.","false","{""name"":{""kind"":""osm"",""url"":""https://www.openstreetmap.org/node/4920617728""},""name_ko"":{""kind"":""previous_draft_not_reverified"",""place_id"":""osaka_012""},""category"":{""kind"":""osm"",""url"":""https://www.openstreetmap.org/node/4920617728""},""latitude"":{""kind"":""osm"",""url"":""https://www.openstreetmap.org/node/4920617728""},""longitude"":{""kind"":""osm"",""url"":""https://www.openstreetmap.org/node/4920617728""},""opening_hours"":{""kind"":""official_web_review"",""urls"":[""https://www.osakamushis.jp/visit/fee.html""],""checked_at"":""2026-09-24""},""website"":{""kind"":""osm"",""url"":""https://www.openstreetmap.org/node/4920617728""},""address"":{""kind"":""official_web_review"",""urls"":[""https://www.osakamushis.jp/visit/fee.html""],""checked_at"":""2026-09-24""},""opening_hours_source"":{""kind"":""official_web_review"",""urls"":[""https://www.osakamushis.jp/visit/fee.html""],""checked_at"":""2026-09-24""},""cost"":{""kind"":""official_web_review"",""urls"":[""https://www.osakamushis.jp/visit/fee.html""],""checked_at"":""2026-09-24""},""verified_at"":{""kind"":""review_date_only"",""urls"":[""https://www.osakamushis.jp/""],""checked_at"":""2026-09-28"",""note"":""공식 안내의 10층·9층 등 박물관 상설 전시 관람 기준. 외부 유적 탐방 제외."",""revision"":""official_fields_20260928_v2""},""area"":{""kind"":""derived_from_official_address"",""urls"":[""https://www.osakamushis.jp/visit/fee.html""],""checked_at"":""2026-09-24"",""derived_at"":""2026-09-28"",""note"":""공식 출처 주소의 행정구만 추출. 관광 권역·출입구 좌표 추정 아님.""},""covered"":{""kind"":""classification_from_official_description"",""urls"":[""https://www.osakamushis.jp/""],""checked_at"":""2026-09-28"",""note"":""공식 안내의 10층·9층 등 박물관 상설 전시 관람 기준. 외부 유적 탐방 제외."",""revision"":""official_fields_20260928_v2""},""bag_load"":{""kind"":""team_rule_estimate"",""urls"":[""https://github.com/travel-recommender/gachilo/issues/1""],""checked_at"":""2026-09-29"",""revision"":""team_planning_rules_20260929"",""note"":""기존 get_luggage_score와 동일: 쇼핑 2, 지정 시장·상점가·아메리카무라·신세카이 1, 나머지 0. kg가 아닌 상대 점수.""},""stay_min"":{""kind"":""team_rule_estimate"",""urls"":[""https://github.com/travel-recommender/gachilo/issues/1""],""checked_at"":""2026-09-29"",""revision"":""team_planning_rules_20260929"",""note"":""사용자 제공 체류시간 범위 90~120분, 관광 명소(문화·자연 포함). 일정 여유를 위해 상한 적용. 실제 관람 소요시간이 아닌 추정값.""}}"
"osaka_013","大阪中之島美術館","오사카 나카노시마 미술관","문화","大阪市北区","大阪府大阪市北区中之島4-3-1","34.692442","135.4912647","10:00–17:00(입장 16:30까지); 월요일 휴관, 공휴일이면 다음 평일; 전시별 예외",,"120","0",,"https://nakka-art.jp/","https://nakka-art.jp/ko/visit-ko/info-ko/","2026-09-26","","사용자 제공 체류시간 범위 90~120분, 관광 명소(문화·자연 포함). 일정 여유를 위해 상한 적용. 실제 관람 소요시간이 아닌 추정값.","","","https://nakka-art.jp/ko/visit-ko/info-ko/","https://nakka-art.jp/ko/visit-ko/info-ko/","","https://github.com/travel-recommender/gachilo/issues/1","","","cost | covered","","","false","{""name"":{""kind"":""osm"",""url"":""https://www.openstreetmap.org/way/343837388""},""category"":{""kind"":""osm"",""url"":""https://www.openstreetmap.org/way/343837388""},""latitude"":{""kind"":""osm"",""url"":""https://www.openstreetmap.org/way/343837388""},""longitude"":{""kind"":""osm"",""url"":""https://www.openstreetmap.org/way/343837388""},""opening_hours"":{""kind"":""official_web_review"",""urls"":[""https://nakka-art.jp/ko/visit-ko/info-ko/""],""checked_at"":""2026-09-26"",""evidence_window"":""2026-09-24/2026-09-26""},""website"":{""kind"":""osm"",""url"":""https://www.openstreetmap.org/way/343837388""},""name_ko"":{""kind"":""previous_draft_not_reverified"",""place_id"":""osaka_013""},""address"":{""kind"":""official_web_review"",""urls"":[""https://nakka-art.jp/ko/visit-ko/info-ko/""],""checked_at"":""2026-09-26"",""evidence_window"":""2026-09-24/2026-09-26""},""opening_hours_source"":{""kind"":""official_web_review"",""urls"":[""https://nakka-art.jp/ko/visit-ko/info-ko/""],""checked_at"":""2026-09-26"",""evidence_window"":""2026-09-24/2026-09-26""},""verified_at"":{""kind"":""review_date_only"",""check_id"":""osaka_013_address_hours_20260926"",""note"":""장소 전체 또는 일정 사용 가능 판정이 아님. 검증 범위는 필드 출처 참조.""},""area"":{""kind"":""derived_from_official_address"",""urls"":[""https://nakka-art.jp/ko/visit-ko/info-ko/""],""checked_at"":""2026-09-26"",""derived_at"":""2026-09-28"",""note"":""공식 출처 주소의 행정구만 추출. 관광 권역·출입구 좌표 추정 아님.""},""bag_load"":{""kind"":""team_rule_estimate"",""urls"":[""https://github.com/travel-recommender/gachilo/issues/1""],""checked_at"":""2026-09-29"",""revision"":""team_planning_rules_20260929"",""note"":""기존 get_luggage_score와 동일: 쇼핑 2, 지정 시장·상점가·아메리카무라·신세카이 1, 나머지 0. kg가 아닌 상대 점수.""},""stay_min"":{""kind"":""team_rule_estimate"",""urls"":[""https://github.com/travel-recommender/gachilo/issues/1""],""checked_at"":""2026-09-29"",""revision"":""team_planning_rules_20260929"",""note"":""사용자 제공 체류시간 범위 90~120분, 관광 명소(문화·자연 포함). 일정 여유를 위해 상한 적용. 실제 관람 소요시간이 아닌 추정값.""}}"
"osaka_014","大阪市立科学館","오사카 시립과학관","문화","大阪市北区","大阪市北区中之島4-2-1","34.6911979","135.4915691","전시장 09:30-17:00 (최종입장 16:30; 월요일 휴관, 공휴일이면 다음 평일; 연말연시·설비점검 휴관 별도)","400","120","0","true","https://www.sci-museum.jp/","https://www.sci-museum.jp/info/","2026-09-28","성인 전시장 관람료 JPY. 플라네타륨 600엔은 별도이며 45분은 플라네타륨만의 시간이라 전체 stay_min에 넣지 않음.","사용자 제공 체류시간 범위 90~120분, 관광 명소(문화·자연 포함). 일정 여유를 위해 상한 적용. 실제 관람 소요시간이 아닌 추정값.","성인 전시장 관람료 JPY. 플라네타륨 600엔은 별도이며 45분은 플라네타륨만의 시간이라 전체 stay_min에 넣지 않음.","","https://www.sci-museum.jp/info/","https://www.sci-museum.jp/info/","https://www.sci-museum.jp/info/guide/","https://github.com/travel-recommender/gachilo/issues/1","https://www.sci-museum.jp/info/guide/","","","","토·일·공휴일 17시 플라네타륨 추가 상영은 전시장 운영시간과 구분. 방문 날짜의 개관 달력 확인 필요. | 기존 출처와 필드 상태 검토. 이번 회차에서 새로 확정한 주소·영업시간 없음. | 성인 전시장 관람료 JPY. 플라네타륨 600엔은 별도이며 45분은 플라네타륨만의 시간이라 전체 stay_min에 넣지 않음.","false","{""name"":{""kind"":""osm"",""url"":""https://www.openstreetmap.org/way/231449111""},""category"":{""kind"":""osm"",""url"":""https://www.openstreetmap.org/way/231449111""},""latitude"":{""kind"":""osm"",""url"":""https://www.openstreetmap.org/way/231449111""},""longitude"":{""kind"":""osm"",""url"":""https://www.openstreetmap.org/way/231449111""},""opening_hours"":{""kind"":""official_web_review"",""urls"":[""https://www.sci-museum.jp/info/""],""checked_at"":""2026-09-24""},""website"":{""kind"":""osm"",""url"":""https://www.openstreetmap.org/way/231449111""},""name_ko"":{""kind"":""previous_draft_not_reverified"",""place_id"":""osaka_014""},""address"":{""kind"":""official_web_review"",""urls"":[""https://www.sci-museum.jp/info/""],""checked_at"":""2026-09-24""},""opening_hours_source"":{""kind"":""official_web_review"",""urls"":[""https://www.sci-museum.jp/info/""],""checked_at"":""2026-09-24""},""verified_at"":{""kind"":""review_date_only"",""note"":""이번에 확인한 필드만 검증. 전체 필드·영업 상태 검증을 뜻하지 않음."",""check_id"":""official_fields_20260928""},""cost"":{""kind"":""official_web_review"",""urls"":[""https://www.sci-museum.jp/info/guide/""],""checked_at"":""2026-09-28"",""note"":""성인 전시장 관람료 JPY. 플라네타륨 600엔은 별도이며 45분은 플라네타륨만의 시간이라 전체 stay_min에 넣지 않음.""},""covered"":{""kind"":""classification_from_official_description"",""urls"":[""https://www.sci-museum.jp/info/guide/""],""checked_at"":""2026-09-28"",""note"":""성인 전시장 관람료 JPY. 플라네타륨 600엔은 별도이며 45분은 플라네타륨만의 시간이라 전체 stay_min에 넣지 않음.""},""area"":{""kind"":""derived_from_official_address"",""urls"":[""https://www.sci-museum.jp/info/""],""checked_at"":""2026-09-24"",""derived_at"":""2026-09-28"",""note"":""공식 출처 주소의 행정구만 추출. 관광 권역·출입구 좌표 추정 아님.""},""bag_load"":{""kind"":""team_rule_estimate"",""urls"":[""https://github.com/travel-recommender/gachilo/issues/1""],""checked_at"":""2026-09-29"",""revision"":""team_planning_rules_20260929"",""note"":""기존 get_luggage_score와 동일: 쇼핑 2, 지정 시장·상점가·아메리카무라·신세카이 1, 나머지 0. kg가 아닌 상대 점수.""},""stay_min"":{""kind"":""team_rule_estimate"",""urls"":[""https://github.com/travel-recommender/gachilo/issues/1""],""checked_at"":""2026-09-29"",""revision"":""team_planning_rules_20260929"",""note"":""사용자 제공 체류시간 범위 90~120분, 관광 명소(문화·자연 포함). 일정 여유를 위해 상한 적용. 실제 관람 소요시간이 아닌 추정값.""}}"
"osaka_015","大阪城公園","오사카성 공원","자연","大阪市中央区","大阪市中央区大阪城","34.6865762","135.5272524","상시 개방; 공원 내 개별 시설은 별도 운영","0","120","0","false","https://osakacastlepark.jp/","https://osaka-info.jp/spot/osaka-castle-park/","2026-09-28","공원 일반 산책 무료·야외 기준. 천수각·니시노마루 및 개별 시설 이용료 제외.","사용자 제공 체류시간 범위 90~120분, 관광 명소(문화·자연 포함). 일정 여유를 위해 상한 적용. 실제 관람 소요시간이 아닌 추정값.","공원 일반 산책 무료·야외 기준. 천수각·니시노마루 및 개별 시설 이용료 제외.","","https://osaka-info.jp/spot/osaka-castle-park/","https://osaka-info.jp/spot/osaka-castle-park/","https://osaka-info.jp/spot/osaka-castle-park/","https://github.com/travel-recommender/gachilo/issues/1","https://osaka-info.jp/spot/osaka-castle-park/","","","","공원 일반 산책 무료·야외 기준. 천수각·니시노마루 및 개별 시설 이용료 제외.","false","{""name"":{""kind"":""osm"",""url"":""https://www.openstreetmap.org/way/35457792""},""name_ko"":{""kind"":""previous_draft_not_reverified"",""place_id"":""osaka_015""},""category"":{""kind"":""osm"",""url"":""https://www.openstreetmap.org/way/35457792""},""latitude"":{""kind"":""osm"",""url"":""https://www.openstreetmap.org/way/35457792""},""longitude"":{""kind"":""osm"",""url"":""https://www.openstreetmap.org/way/35457792""},""website"":{""kind"":""osm"",""url"":""https://www.openstreetmap.org/way/35457792""},""address"":{""kind"":""official_tourism_review"",""urls"":[""https://osaka-info.jp/spot/osaka-castle-park/""],""checked_at"":""2026-09-26"",""evidence_window"":""2026-09-24/2026-09-26""},""opening_hours"":{""kind"":""official_tourism_review"",""urls"":[""https://osaka-info.jp/spot/osaka-castle-park/""],""checked_at"":""2026-09-26"",""evidence_window"":""2026-09-24/2026-09-26""},""opening_hours_source"":{""kind"":""official_tourism_review"",""urls"":[""https://osaka-info.jp/spot/osaka-castle-park/""],""checked_at"":""2026-09-26"",""evidence_window"":""2026-09-24/2026-09-26""},""verified_at"":{""kind"":""review_date_only"",""urls"":[""https://osaka-info.jp/spot/osaka-castle-park/""],""checked_at"":""2026-09-28"",""note"":""공원 일반 산책 무료·야외 기준. 천수각·니시노마루 및 개별 시설 이용료 제외."",""revision"":""official_fields_20260928_v2""},""area"":{""kind"":""derived_from_official_address"",""urls"":[""https://osaka-info.jp/spot/osaka-castle-park/""],""checked_at"":""2026-09-26"",""derived_at"":""2026-09-28"",""note"":""공식 출처 주소의 행정구만 추출. 관광 권역·출입구 좌표 추정 아님.""},""cost"":{""kind"":""official_web_review"",""urls"":[""https://osaka-info.jp/spot/osaka-castle-park/""],""checked_at"":""2026-09-28"",""note"":""공원 일반 산책 무료·야외 기준. 천수각·니시노마루 및 개별 시설 이용료 제외."",""revision"":""official_fields_20260928_v2""},""covered"":{""kind"":""classification_from_official_description"",""urls"":[""https://osaka-info.jp/spot/osaka-castle-park/""],""checked_at"":""2026-09-28"",""note"":""공원 일반 산책 무료·야외 기준. 천수각·니시노마루 및 개별 시설 이용료 제외."",""revision"":""official_fields_20260928_v2""},""bag_load"":{""kind"":""team_rule_estimate"",""urls"":[""https://github.com/travel-recommender/gachilo/issues/1""],""checked_at"":""2026-09-29"",""revision"":""team_planning_rules_20260929"",""note"":""기존 get_luggage_score와 동일: 쇼핑 2, 지정 시장·상점가·아메리카무라·신세카이 1, 나머지 0. kg가 아닌 상대 점수.""},""stay_min"":{""kind"":""team_rule_estimate"",""urls"":[""https://github.com/travel-recommender/gachilo/issues/1""],""checked_at"":""2026-09-29"",""revision"":""team_planning_rules_20260929"",""note"":""사용자 제공 체류시간 범위 90~120분, 관광 명소(문화·자연 포함). 일정 여유를 위해 상한 적용. 실제 관람 소요시간이 아닌 추정값.""}}"
"osaka_016","中之島公園","나카노시마 공원","자연","大阪市北区","大阪市北区中之島1丁目","34.6924226","135.5077718","상시 개방; 행사·관리 통제는 별도 확인",,"120","0","false","https://osaka-info.jp/spot/nakanoshima-park/","https://osaka-info.jp/spot/nakanoshima-park/","2026-09-28","","사용자 제공 체류시간 범위 90~120분, 관광 명소(문화·자연 포함). 일정 여유를 위해 상한 적용. 실제 관람 소요시간이 아닌 추정값.","공식 관광 안내: 공원 내 야외 장미원 포함. 식당 영업시간과 구분.","","https://www.city.osaka.lg.jp/kita/page/0000001658.html","https://www.city.osaka.lg.jp/kita/page/0000001658.html","","https://github.com/travel-recommender/gachilo/issues/1","https://osaka-info.jp/spot/nakanoshima-park/","https://osaka-info.jp/spot/nakanoshima-park/","cost","","공원 소재 지역 주소. 상세 출입구와 운영시간은 미확인. | 공식 관광 안내: 공원 내 야외 장미원 포함. 식당 영업시간과 구분.","false","{""name"":{""kind"":""osm"",""url"":""https://www.openstreetmap.org/way/54037338""},""name_ko"":{""kind"":""previous_draft_not_reverified"",""place_id"":""osaka_016""},""category"":{""kind"":""osm"",""url"":""https://www.openstreetmap.org/way/54037338""},""latitude"":{""kind"":""osm"",""url"":""https://www.openstreetmap.org/way/54037338""},""longitude"":{""kind"":""osm"",""url"":""https://www.openstreetmap.org/way/54037338""},""address"":{""kind"":""official_web_review"",""urls"":[""https://www.city.osaka.lg.jp/kita/page/0000001658.html""],""checked_at"":""2026-09-26"",""evidence_window"":""2026-09-24/2026-09-26""},""verified_at"":{""kind"":""review_date_only"",""note"":""이번에 확인한 필드만 검증. 전체 필드·영업 상태 검증을 뜻하지 않음."",""check_id"":""official_fields_20260928""},""website"":{""kind"":""official_web_review"",""urls"":[""https://osaka-info.jp/spot/nakanoshima-park/""],""checked_at"":""2026-09-28"",""note"":""공식 관광 안내: 공원 내 야외 장미원 포함. 식당 영업시간과 구분.""},""opening_hours"":{""kind"":""official_web_review"",""urls"":[""https://osaka-info.jp/spot/nakanoshima-park/""],""checked_at"":""2026-09-28"",""note"":""공식 관광 안내: 공원 내 야외 장미원 포함. 식당 영업시간과 구분.""},""opening_hours_source"":{""kind"":""official_web_review"",""urls"":[""https://osaka-info.jp/spot/nakanoshima-park/""],""checked_at"":""2026-09-28"",""note"":""공식 관광 안내: 공원 내 야외 장미원 포함. 식당 영업시간과 구분.""},""covered"":{""kind"":""classification_from_official_description"",""urls"":[""https://osaka-info.jp/spot/nakanoshima-park/""],""checked_at"":""2026-09-28"",""note"":""공식 관광 안내: 공원 내 야외 장미원 포함. 식당 영업시간과 구분.""},""area"":{""kind"":""derived_from_official_address"",""urls"":[""https://www.city.osaka.lg.jp/kita/page/0000001658.html""],""checked_at"":""2026-09-26"",""derived_at"":""2026-09-28"",""note"":""공식 출처 주소의 행정구만 추출. 관광 권역·출입구 좌표 추정 아님.""},""bag_load"":{""kind"":""team_rule_estimate"",""urls"":[""https://github.com/travel-recommender/gachilo/issues/1""],""checked_at"":""2026-09-29"",""revision"":""team_planning_rules_20260929"",""note"":""기존 get_luggage_score와 동일: 쇼핑 2, 지정 시장·상점가·아메리카무라·신세카이 1, 나머지 0. kg가 아닌 상대 점수.""},""stay_min"":{""kind"":""team_rule_estimate"",""urls"":[""https://github.com/travel-recommender/gachilo/issues/1""],""checked_at"":""2026-09-29"",""revision"":""team_planning_rules_20260929"",""note"":""사용자 제공 체류시간 범위 90~120분, 관광 명소(문화·자연 포함). 일정 여유를 위해 상한 적용. 실제 관람 소요시간이 아닌 추정값.""}}"
"osaka_017","中之島公園バラ園","나카노시마 공원 장미원","자연","大阪市北区","大阪市北区中之島1（中之島公園内バラ園）","34.6920064","135.5089783","상시 개방; 행사·관리 통제는 별도 확인","0","120","0","false","https://osaka-info.jp/spot/nakanoshima-park/","https://osaka-info.jp/spot/nakanoshima-park/","2026-09-28","오사카 관광국 장미원 무료 관람 안내. 인근 유람선 등 유료 활동 제외.","사용자 제공 체류시간 범위 90~120분, 관광 명소(문화·자연 포함). 일정 여유를 위해 상한 적용. 실제 관람 소요시간이 아닌 추정값.","공식 관광 안내: 공원 내 야외 장미원 포함. 식당 영업시간과 구분.","","https://osaka-info.jp/spot/nakanoshima-park/","https://osaka-info.jp/spot/nakanoshima-park/","https://osaka-info.jp/experience/ja/osaka/spot/244","https://github.com/travel-recommender/gachilo/issues/1","https://osaka-info.jp/spot/nakanoshima-park/","https://osaka-info.jp/spot/nakanoshima-park/","","","나카노시마 공원과 장미정원 구역 범위 구분 필요. | 공식 관광 안내: 공원 내 야외 장미원 포함. 식당 영업시간과 구분. | 오사카 관광국 장미원 무료 관람 안내. 인근 유람선 등 유료 활동 제외.","false","{""name"":{""kind"":""osm"",""url"":""https://www.openstreetmap.org/node/4825353606""},""category"":{""kind"":""osm"",""url"":""https://www.openstreetmap.org/node/4825353606""},""latitude"":{""kind"":""osm"",""url"":""https://www.openstreetmap.org/node/4825353606""},""longitude"":{""kind"":""osm"",""url"":""https://www.openstreetmap.org/node/4825353606""},""name_ko"":{""kind"":""previous_draft_not_reverified"",""place_id"":""osaka_017""},""website"":{""kind"":""official_web_review"",""urls"":[""https://osaka-info.jp/spot/nakanoshima-park/""],""checked_at"":""2026-09-28"",""note"":""공식 관광 안내: 공원 내 야외 장미원 포함. 식당 영업시간과 구분.""},""opening_hours"":{""kind"":""official_web_review"",""urls"":[""https://osaka-info.jp/spot/nakanoshima-park/""],""checked_at"":""2026-09-28"",""note"":""공식 관광 안내: 공원 내 야외 장미원 포함. 식당 영업시간과 구분.""},""opening_hours_source"":{""kind"":""official_web_review"",""urls"":[""https://osaka-info.jp/spot/nakanoshima-park/""],""checked_at"":""2026-09-28"",""note"":""공식 관광 안내: 공원 내 야외 장미원 포함. 식당 영업시간과 구분.""},""covered"":{""kind"":""classification_from_official_description"",""urls"":[""https://osaka-info.jp/spot/nakanoshima-park/""],""checked_at"":""2026-09-28"",""note"":""공식 관광 안내: 공원 내 야외 장미원 포함. 식당 영업시간과 구분.""},""address"":{""kind"":""official_web_review"",""urls"":[""https://osaka-info.jp/spot/nakanoshima-park/""],""checked_at"":""2026-09-28"",""note"":""공식 관광 안내: 공원 내 야외 장미원 포함. 식당 영업시간과 구분.""},""verified_at"":{""kind"":""review_date_only"",""note"":""이번에 확인한 필드만 검증. 전체 필드·영업 상태 검증을 뜻하지 않음."",""check_id"":""official_fields_20260928""},""area"":{""kind"":""derived_from_official_address"",""urls"":[""https://osaka-info.jp/spot/nakanoshima-park/""],""checked_at"":""2026-09-28"",""derived_at"":""2026-09-28"",""note"":""공식 출처 주소의 행정구만 추출. 관광 권역·출입구 좌표 추정 아님.""},""cost"":{""kind"":""official_web_review"",""urls"":[""https://osaka-info.jp/experience/ja/osaka/spot/244""],""checked_at"":""2026-09-28"",""note"":""오사카 관광국 장미원 무료 관람 안내. 인근 유람선 등 유료 활동 제외."",""revision"":""official_fields_20260928_v2""},""bag_load"":{""kind"":""team_rule_estimate"",""urls"":[""https://github.com/travel-recommender/gachilo/issues/1""],""checked_at"":""2026-09-29"",""revision"":""team_planning_rules_20260929"",""note"":""기존 get_luggage_score와 동일: 쇼핑 2, 지정 시장·상점가·아메리카무라·신세카이 1, 나머지 0. kg가 아닌 상대 점수.""},""stay_min"":{""kind"":""team_rule_estimate"",""urls"":[""https://github.com/travel-recommender/gachilo/issues/1""],""checked_at"":""2026-09-29"",""revision"":""team_planning_rules_20260929"",""note"":""사용자 제공 체류시간 범위 90~120분, 관광 명소(문화·자연 포함). 일정 여유를 위해 상한 적용. 실제 관람 소요시간이 아닌 추정값.""}}"
"osaka_018","天王寺公園","덴노지 공원","자연","大阪市天王寺区","大阪市天王寺区茶臼山町1-108","34.6508412","135.5098665","입구 텐시바 구역 07:00–22:00; 공원 내 개별 시설은 별도","0","120","0","false","https://www.tennoji-park.jp/","https://osaka-info.jp/spot/tennoji-park-entrance-area-ten-shiba/","2026-09-28","공원 입구 광장 기준 무료. 동물원·미술관·게이타쿠엔은 별도 유료이며 동일 시간 적용 불가.","사용자 제공 체류시간 범위 90~120분, 관광 명소(문화·자연 포함). 일정 여유를 위해 상한 적용. 실제 관람 소요시간이 아닌 추정값.","공원 입구 광장 기준 무료. 동물원·미술관·게이타쿠엔은 별도 유료이며 동일 시간 적용 불가.","","https://osaka-info.jp/spot/tennoji-park-entrance-area-ten-shiba/","https://osaka-info.jp/spot/tennoji-park-entrance-area-ten-shiba/","https://osaka-info.jp/spot/tennoji-park-entrance-area-ten-shiba/","https://github.com/travel-recommender/gachilo/issues/1","https://osaka-info.jp/spot/tennoji-park-entrance-area-ten-shiba/","https://osaka-info.jp/spot/tennoji-park-entrance-area-ten-shiba/","","","기존 URL이 시청 일반 페이지로 연결됨. 공원 전체와 텐시바 점포시간 구분 필요. | 공원 입구 광장 기준 무료. 동물원·미술관·게이타쿠엔은 별도 유료이며 동일 시간 적용 불가.","false","{""name"":{""kind"":""osm"",""url"":""https://www.openstreetmap.org/way/170693374""},""category"":{""kind"":""osm"",""url"":""https://www.openstreetmap.org/way/170693374""},""latitude"":{""kind"":""osm"",""url"":""https://www.openstreetmap.org/way/170693374""},""longitude"":{""kind"":""osm"",""url"":""https://www.openstreetmap.org/way/170693374""},""website"":{""kind"":""official_web_review"",""urls"":[""https://osaka-info.jp/spot/tennoji-park-entrance-area-ten-shiba/""],""checked_at"":""2026-09-28"",""note"":""공원 입구 광장 기준 무료. 동물원·미술관·게이타쿠엔은 별도 유료이며 동일 시간 적용 불가.""},""name_ko"":{""kind"":""previous_draft_not_reverified"",""place_id"":""osaka_018""},""address"":{""kind"":""official_web_review"",""urls"":[""https://osaka-info.jp/spot/tennoji-park-entrance-area-ten-shiba/""],""checked_at"":""2026-09-28"",""note"":""공원 입구 광장 기준 무료. 동물원·미술관·게이타쿠엔은 별도 유료이며 동일 시간 적용 불가.""},""opening_hours"":{""kind"":""official_web_review"",""urls"":[""https://osaka-info.jp/spot/tennoji-park-entrance-area-ten-shiba/""],""checked_at"":""2026-09-28"",""note"":""공원 입구 광장 기준 무료. 동물원·미술관·게이타쿠엔은 별도 유료이며 동일 시간 적용 불가.""},""opening_hours_source"":{""kind"":""official_web_review"",""urls"":[""https://osaka-info.jp/spot/tennoji-park-entrance-area-ten-shiba/""],""checked_at"":""2026-09-28"",""note"":""공원 입구 광장 기준 무료. 동물원·미술관·게이타쿠엔은 별도 유료이며 동일 시간 적용 불가.""},""cost"":{""kind"":""official_web_review"",""urls"":[""https://osaka-info.jp/spot/tennoji-park-entrance-area-ten-shiba/""],""checked_at"":""2026-09-28"",""note"":""공원 입구 광장 기준 무료. 동물원·미술관·게이타쿠엔은 별도 유료이며 동일 시간 적용 불가.""},""covered"":{""kind"":""classification_from_official_description"",""urls"":[""https://osaka-info.jp/spot/tennoji-park-entrance-area-ten-shiba/""],""checked_at"":""2026-09-28"",""note"":""공원 입구 광장 기준 무료. 동물원·미술관·게이타쿠엔은 별도 유료이며 동일 시간 적용 불가.""},""verified_at"":{""kind"":""review_date_only"",""note"":""이번에 확인한 필드만 검증. 전체 필드·영업 상태 검증을 뜻하지 않음."",""check_id"":""official_fields_20260928""},""area"":{""kind"":""derived_from_official_address"",""urls"":[""https://osaka-info.jp/spot/tennoji-park-entrance-area-ten-shiba/""],""checked_at"":""2026-09-28"",""derived_at"":""2026-09-28"",""note"":""공식 출처 주소의 행정구만 추출. 관광 권역·출입구 좌표 추정 아님.""},""bag_load"":{""kind"":""team_rule_estimate"",""urls"":[""https://github.com/travel-recommender/gachilo/issues/1""],""checked_at"":""2026-09-29"",""revision"":""team_planning_rules_20260929"",""note"":""기존 get_luggage_score와 동일: 쇼핑 2, 지정 시장·상점가·아메리카무라·신세카이 1, 나머지 0. kg가 아닌 상대 점수.""},""stay_min"":{""kind"":""team_rule_estimate"",""urls"":[""https://github.com/travel-recommender/gachilo/issues/1""],""checked_at"":""2026-09-29"",""revision"":""team_planning_rules_20260929"",""note"":""사용자 제공 체류시간 범위 90~120분, 관광 명소(문화·자연 포함). 일정 여유를 위해 상한 적용. 실제 관람 소요시간이 아닌 추정값.""}}"
"osaka_019","靱公園","우츠보 공원","자연","大阪市西区","大阪市西区靱本町","34.6850431","135.4930387","상시 개방; 부속 시설은 별도 운영","0","120","0","false","https://parksgreenery.city.osaka.lg.jp/article/parks-utsubo/","https://parksgreenery.city.osaka.lg.jp/article/parks-utsubo/","2026-09-28","공식 관리 사이트의 무료 야외 장미원 산책 기준. 공원 전체의 테니스장 등 유료 체육시설은 제외.","사용자 제공 체류시간 범위 90~120분, 관광 명소(문화·자연 포함). 일정 여유를 위해 상한 적용. 실제 관람 소요시간이 아닌 추정값.","공식 관리 사이트의 무료 야외 장미원 산책 기준. 공원 전체의 테니스장 등 유료 체육시설은 제외.","","https://parksgreenery.city.osaka.lg.jp/article/parks-utsubo/","https://parksgreenery.city.osaka.lg.jp/article/parks-utsubo/","https://utsubotennis.osaka/rose_garden/","https://github.com/travel-recommender/gachilo/issues/1","https://utsubotennis.osaka/rose_garden/","https://parksgreenery.city.osaka.lg.jp/article/parks-utsubo/","","","공원 소재 지역 주소. | 기존 공식 검증 기록의 시설 안내 페이지를 다시 열어 관련 시설·지점을 확인. 전용 홈페이지가 없는 공원은 시청 공식 소개 링크 사용. | 공식 관리 사이트의 무료 야외 장미원 산책 기준. 공원 전체의 테니스장 등 유료 체육시설은 제외.","false","{""name"":{""kind"":""osm"",""url"":""https://www.openstreetmap.org/relation/15447686""},""category"":{""kind"":""osm"",""url"":""https://www.openstreetmap.org/relation/15447686""},""latitude"":{""kind"":""osm"",""url"":""https://www.openstreetmap.org/relation/15447686""},""longitude"":{""kind"":""osm"",""url"":""https://www.openstreetmap.org/relation/15447686""},""name_ko"":{""kind"":""previous_draft_not_reverified"",""place_id"":""osaka_019""},""address"":{""kind"":""official_web_review"",""urls"":[""https://parksgreenery.city.osaka.lg.jp/article/parks-utsubo/""],""checked_at"":""2026-09-26"",""evidence_window"":""2026-09-24/2026-09-26""},""opening_hours"":{""kind"":""official_web_review"",""urls"":[""https://parksgreenery.city.osaka.lg.jp/article/parks-utsubo/""],""checked_at"":""2026-09-26"",""evidence_window"":""2026-09-24/2026-09-26""},""opening_hours_source"":{""kind"":""official_web_review"",""urls"":[""https://parksgreenery.city.osaka.lg.jp/article/parks-utsubo/""],""checked_at"":""2026-09-26"",""evidence_window"":""2026-09-24/2026-09-26""},""verified_at"":{""kind"":""review_date_only"",""note"":""이번에 확인한 필드만 검증. 전체 필드·영업 상태 검증을 뜻하지 않음."",""check_id"":""official_fields_20260928""},""website"":{""kind"":""official_web_review"",""urls"":[""https://parksgreenery.city.osaka.lg.jp/article/parks-utsubo/""],""checked_at"":""2026-09-28"",""note"":""기존 공식 검증 기록의 시설 안내 페이지를 다시 열어 관련 시설·지점을 확인. 전용 홈페이지가 없는 공원은 시청 공식 소개 링크 사용.""},""area"":{""kind"":""derived_from_official_address"",""urls"":[""https://parksgreenery.city.osaka.lg.jp/article/parks-utsubo/""],""checked_at"":""2026-09-26"",""derived_at"":""2026-09-28"",""note"":""공식 출처 주소의 행정구만 추출. 관광 권역·출입구 좌표 추정 아님.""},""cost"":{""kind"":""official_web_review"",""urls"":[""https://utsubotennis.osaka/rose_garden/""],""checked_at"":""2026-09-28"",""note"":""공식 관리 사이트의 무료 야외 장미원 산책 기준. 공원 전체의 테니스장 등 유료 체육시설은 제외."",""revision"":""official_fields_20260928_v2""},""covered"":{""kind"":""classification_from_official_description"",""urls"":[""https://utsubotennis.osaka/rose_garden/""],""checked_at"":""2026-09-28"",""note"":""공식 관리 사이트의 무료 야외 장미원 산책 기준. 공원 전체의 테니스장 등 유료 체육시설은 제외."",""revision"":""official_fields_20260928_v2""},""bag_load"":{""kind"":""team_rule_estimate"",""urls"":[""https://github.com/travel-recommender/gachilo/issues/1""],""checked_at"":""2026-09-29"",""revision"":""team_planning_rules_20260929"",""note"":""기존 get_luggage_score와 동일: 쇼핑 2, 지정 시장·상점가·아메리카무라·신세카이 1, 나머지 0. kg가 아닌 상대 점수.""},""stay_min"":{""kind"":""team_rule_estimate"",""urls"":[""https://github.com/travel-recommender/gachilo/issues/1""],""checked_at"":""2026-09-29"",""revision"":""team_planning_rules_20260929"",""note"":""사용자 제공 체류시간 범위 90~120분, 관광 명소(문화·자연 포함). 일정 여유를 위해 상한 적용. 실제 관람 소요시간이 아닌 추정값.""}}"
"osaka_020","なんばパークス","난바 파크스","쇼핑","大阪市浪速区","大阪市浪速区難波中2-10-70","34.6616826","135.5019491","쇼핑 11:00–21:00; 음식점 11:00–22:00; 일부 점포 예외",,"180","2",,"https://nambaparks.com/","https://nambaparks.com/facilities","2026-09-26","","사용자 제공 체류시간 범위 90~180분, 쇼핑몰·백화점. 일정 여유를 위해 상한 적용. 실제 관람 소요시간이 아닌 추정값.","","","https://nambaparks.com/facilities","https://nambaparks.com/facilities","","https://github.com/travel-recommender/gachilo/issues/1","","","cost | covered","","기존 10:00–24:00은 정원 시간과 혼동 위험. 정원은 별도 장소.","false","{""name"":{""kind"":""osm"",""url"":""https://www.openstreetmap.org/way/451572345""},""name_ko"":{""kind"":""previous_draft_not_reverified"",""place_id"":""osaka_020""},""category"":{""kind"":""osm"",""url"":""https://www.openstreetmap.org/way/451572345""},""latitude"":{""kind"":""osm"",""url"":""https://www.openstreetmap.org/way/451572345""},""longitude"":{""kind"":""osm"",""url"":""https://www.openstreetmap.org/way/451572345""},""opening_hours"":{""kind"":""official_web_review"",""urls"":[""https://nambaparks.com/facilities""],""checked_at"":""2026-09-26"",""evidence_window"":""2026-09-24/2026-09-26""},""website"":{""kind"":""osm"",""url"":""https://www.openstreetmap.org/way/451572345""},""address"":{""kind"":""official_web_review"",""urls"":[""https://nambaparks.com/facilities""],""checked_at"":""2026-09-26"",""evidence_window"":""2026-09-24/2026-09-26""},""opening_hours_source"":{""kind"":""official_web_review"",""urls"":[""https://nambaparks.com/facilities""],""checked_at"":""2026-09-26"",""evidence_window"":""2026-09-24/2026-09-26""},""verified_at"":{""kind"":""review_date_only"",""check_id"":""osaka_020_address_hours_20260926"",""note"":""장소 전체 또는 일정 사용 가능 판정이 아님. 검증 범위는 필드 출처 참조.""},""area"":{""kind"":""derived_from_official_address"",""urls"":[""https://nambaparks.com/facilities""],""checked_at"":""2026-09-26"",""derived_at"":""2026-09-28"",""note"":""공식 출처 주소의 행정구만 추출. 관광 권역·출입구 좌표 추정 아님.""},""bag_load"":{""kind"":""team_rule_estimate"",""urls"":[""https://github.com/travel-recommender/gachilo/issues/1""],""checked_at"":""2026-09-29"",""revision"":""team_planning_rules_20260929"",""note"":""기존 get_luggage_score와 동일: 쇼핑 2, 지정 시장·상점가·아메리카무라·신세카이 1, 나머지 0. kg가 아닌 상대 점수.""},""stay_min"":{""kind"":""team_rule_estimate"",""urls"":[""https://github.com/travel-recommender/gachilo/issues/1""],""checked_at"":""2026-09-29"",""revision"":""team_planning_rules_20260929"",""note"":""사용자 제공 체류시간 범위 90~180분, 쇼핑몰·백화점. 일정 여유를 위해 상한 적용. 실제 관람 소요시간이 아닌 추정값.""}}"
"osaka_021","高島屋","다카시마야 오사카점","쇼핑","大阪市中央区","大阪市中央区難波5丁目1番5号","34.6646286","135.5017961","판매장 10:00–20:00; 7층 등 일부 매장 단축·별도 운영",,"180","2",,"https://www.takashimaya.co.jp/osaka","https://www.takashimaya.co.jp/osaka/businesshours/","2026-09-28","","사용자 제공 체류시간 범위 90~180분, 쇼핑몰·백화점. 일정 여유를 위해 상한 적용. 실제 관람 소요시간이 아닌 추정값.","","","https://www.takashimaya.co.jp/osaka/access/index.html","https://www.takashimaya.co.jp/osaka/access/index.html","","https://github.com/travel-recommender/gachilo/issues/1","","","cost | covered","","점포 주소 확인. 주차장 운영시간은 판매장 영업시간에 사용하지 않음. | 일반 판매장 기준. 레스토랑·스타벅스 등의 시간과 다름.","false","{""name"":{""kind"":""osm"",""url"":""https://www.openstreetmap.org/node/447587574""},""category"":{""kind"":""osm"",""url"":""https://www.openstreetmap.org/node/447587574""},""latitude"":{""kind"":""osm"",""url"":""https://www.openstreetmap.org/node/447587574""},""longitude"":{""kind"":""osm"",""url"":""https://www.openstreetmap.org/node/447587574""},""website"":{""kind"":""osm"",""url"":""https://www.openstreetmap.org/node/447587574""},""name_ko"":{""kind"":""previous_draft_not_reverified"",""place_id"":""osaka_021""},""address"":{""kind"":""official_web_review"",""urls"":[""https://www.takashimaya.co.jp/osaka/access/index.html""],""checked_at"":""2026-09-26"",""evidence_window"":""2026-09-24/2026-09-26""},""verified_at"":{""kind"":""review_date_only"",""note"":""이번에 확인한 필드만 검증. 전체 필드·영업 상태 검증을 뜻하지 않음."",""check_id"":""official_fields_20260928""},""opening_hours"":{""kind"":""official_web_review"",""urls"":[""https://www.takashimaya.co.jp/osaka/businesshours/""],""checked_at"":""2026-09-28"",""note"":""일반 판매장 기준. 레스토랑·스타벅스 등의 시간과 다름.""},""opening_hours_source"":{""kind"":""official_web_review"",""urls"":[""https://www.takashimaya.co.jp/osaka/businesshours/""],""checked_at"":""2026-09-28"",""note"":""일반 판매장 기준. 레스토랑·스타벅스 등의 시간과 다름.""},""area"":{""kind"":""derived_from_official_address"",""urls"":[""https://www.takashimaya.co.jp/osaka/access/index.html""],""checked_at"":""2026-09-26"",""derived_at"":""2026-09-28"",""note"":""공식 출처 주소의 행정구만 추출. 관광 권역·출입구 좌표 추정 아님.""},""bag_load"":{""kind"":""team_rule_estimate"",""urls"":[""https://github.com/travel-recommender/gachilo/issues/1""],""checked_at"":""2026-09-29"",""revision"":""team_planning_rules_20260929"",""note"":""기존 get_luggage_score와 동일: 쇼핑 2, 지정 시장·상점가·아메리카무라·신세카이 1, 나머지 0. kg가 아닌 상대 점수.""},""stay_min"":{""kind"":""team_rule_estimate"",""urls"":[""https://github.com/travel-recommender/gachilo/issues/1""],""checked_at"":""2026-09-29"",""revision"":""team_planning_rules_20260929"",""note"":""사용자 제공 체류시간 범위 90~180분, 쇼핑몰·백화점. 일정 여유를 위해 상한 적용. 실제 관람 소요시간이 아닌 추정값.""}}"
"osaka_022","大丸 心斎橋店 本館","다이마루 신사이바시점","쇼핑","大阪市中央区","大阪府大阪市中央区心斎橋筋1-7-1","34.6731847","135.5009561","10:00-20:00 (본관 10층 식당 11:00-22:00; 1월 1~2일 휴무; 일부 매장 별도)",,"180","2",,"https://www.daimaru.co.jp/shinsaibashi/","https://www.daimaru.co.jp/shinsaibashi/hours.html","2026-09-23","","사용자 제공 체류시간 범위 90~180분, 쇼핑몰·백화점. 일정 여유를 위해 상한 적용. 실제 관람 소요시간이 아닌 추정값.","","","https://www.daimaru.co.jp/shinsaibashi/hours.html","https://www.daimaru.co.jp/shinsaibashi/hours.html","","https://github.com/travel-recommender/gachilo/issues/1","","https://www.daimaru.co.jp/shinsaibashi/hours.html","cost | covered","","본관 대상. 쇼핑 구매액을 0으로 추정하지 않음. OSM 건물 객체의 주소와 운영 객체의 주소가 달라 공식 주소 우선. | 기존 출처와 필드 상태 검토. 이번 회차에서 새로 확정한 주소·영업시간 없음.","false","{""name"":{""kind"":""osm"",""url"":""https://www.openstreetmap.org/relation/11079068""},""category"":{""kind"":""osm"",""url"":""https://www.openstreetmap.org/relation/11079068""},""latitude"":{""kind"":""osm"",""url"":""https://www.openstreetmap.org/relation/11079068""},""longitude"":{""kind"":""osm"",""url"":""https://www.openstreetmap.org/relation/11079068""},""opening_hours"":{""kind"":""official_web_review"",""urls"":[""https://www.daimaru.co.jp/shinsaibashi/hours.html""],""checked_at"":""2026-09-23""},""website"":{""kind"":""official_web_review"",""urls"":[""https://www.daimaru.co.jp/shinsaibashi/hours.html""],""checked_at"":""2026-09-23""},""address"":{""kind"":""official_web_review"",""urls"":[""https://www.daimaru.co.jp/shinsaibashi/hours.html""],""checked_at"":""2026-09-23""},""opening_hours_source"":{""kind"":""official_web_review"",""urls"":[""https://www.daimaru.co.jp/shinsaibashi/hours.html""],""checked_at"":""2026-09-23""},""verified_at"":{""kind"":""review_date_only"",""check_id"":""daimaru_shinsaibashi_20260923""},""name_ko"":{""kind"":""previous_draft_not_reverified"",""place_id"":""osaka_022""},""area"":{""kind"":""derived_from_official_address"",""urls"":[""https://www.daimaru.co.jp/shinsaibashi/hours.html""],""checked_at"":""2026-09-23"",""derived_at"":""2026-09-28"",""note"":""공식 출처 주소의 행정구만 추출. 관광 권역·출입구 좌표 추정 아님.""},""bag_load"":{""kind"":""team_rule_estimate"",""urls"":[""https://github.com/travel-recommender/gachilo/issues/1""],""checked_at"":""2026-09-29"",""revision"":""team_planning_rules_20260929"",""note"":""기존 get_luggage_score와 동일: 쇼핑 2, 지정 시장·상점가·아메리카무라·신세카이 1, 나머지 0. kg가 아닌 상대 점수.""},""stay_min"":{""kind"":""team_rule_estimate"",""urls"":[""https://github.com/travel-recommender/gachilo/issues/1""],""checked_at"":""2026-09-29"",""revision"":""team_planning_rules_20260929"",""note"":""사용자 제공 체류시간 범위 90~180분, 쇼핑몰·백화점. 일정 여유를 위해 상한 적용. 실제 관람 소요시간이 아닌 추정값.""}}"
"osaka_023","阪神梅田本店","한신 우메다 본점","쇼핑","大阪市北区","大阪市北区梅田1丁目13番13号","34.7011649","135.4986066","판매장 10:00–20:00; 음식점·일부 매장 별도 운영",,"180","2",,"https://www.hanshin-dept.jp/hshonten/","https://www.hanshin-dept.jp/hshonten/index.html","2026-09-26","","사용자 제공 체류시간 범위 90~180분, 쇼핑몰·백화점. 일정 여유를 위해 상한 적용. 실제 관람 소요시간이 아닌 추정값.","","","https://www.hanshin-dept.jp/hshonten/index.html","https://www.hanshin-dept.jp/hshonten/index.html","","https://github.com/travel-recommender/gachilo/issues/1","","","cost | covered","","","false","{""name"":{""kind"":""osm"",""url"":""https://www.openstreetmap.org/node/5865318031""},""category"":{""kind"":""osm"",""url"":""https://www.openstreetmap.org/node/5865318031""},""latitude"":{""kind"":""osm"",""url"":""https://www.openstreetmap.org/node/5865318031""},""longitude"":{""kind"":""osm"",""url"":""https://www.openstreetmap.org/node/5865318031""},""opening_hours"":{""kind"":""official_web_review"",""urls"":[""https://www.hanshin-dept.jp/hshonten/index.html""],""checked_at"":""2026-09-26"",""evidence_window"":""2026-09-24/2026-09-26""},""website"":{""kind"":""osm"",""url"":""https://www.openstreetmap.org/node/5865318031""},""name_ko"":{""kind"":""previous_draft_not_reverified"",""place_id"":""osaka_023""},""address"":{""kind"":""official_web_review"",""urls"":[""https://www.hanshin-dept.jp/hshonten/index.html""],""checked_at"":""2026-09-26"",""evidence_window"":""2026-09-24/2026-09-26""},""opening_hours_source"":{""kind"":""official_web_review"",""urls"":[""https://www.hanshin-dept.jp/hshonten/index.html""],""checked_at"":""2026-09-26"",""evidence_window"":""2026-09-24/2026-09-26""},""verified_at"":{""kind"":""review_date_only"",""check_id"":""osaka_023_address_hours_20260926"",""note"":""장소 전체 또는 일정 사용 가능 판정이 아님. 검증 범위는 필드 출처 참조.""},""area"":{""kind"":""derived_from_official_address"",""urls"":[""https://www.hanshin-dept.jp/hshonten/index.html""],""checked_at"":""2026-09-26"",""derived_at"":""2026-09-28"",""note"":""공식 출처 주소의 행정구만 추출. 관광 권역·출입구 좌표 추정 아님.""},""bag_load"":{""kind"":""team_rule_estimate"",""urls"":[""https://github.com/travel-recommender/gachilo/issues/1""],""checked_at"":""2026-09-29"",""revision"":""team_planning_rules_20260929"",""note"":""기존 get_luggage_score와 동일: 쇼핑 2, 지정 시장·상점가·아메리카무라·신세카이 1, 나머지 0. kg가 아닌 상대 점수.""},""stay_min"":{""kind"":""team_rule_estimate"",""urls"":[""https://github.com/travel-recommender/gachilo/issues/1""],""checked_at"":""2026-09-29"",""revision"":""team_planning_rules_20260929"",""note"":""사용자 제공 체류시간 범위 90~180분, 쇼핑몰·백화점. 일정 여유를 위해 상한 적용. 실제 관람 소요시간이 아닌 추정값.""}}"
"osaka_024","心斎橋PARCO","신사이바시 PARCO","쇼핑","大阪市中央区","大阪府大阪市中央区心斎橋筋1丁目8-3","34.6739227","135.5009716","판매·서비스 10:00–20:00; 음식점 13F 11:00–22:00, B2F 11:00–23:00; 일부 점포 예외",,"180","2",,"https://shinsaibashi.parco.jp/","https://shinsaibashi.parco.jp/info/","2026-09-26","","사용자 제공 체류시간 범위 90~180분, 쇼핑몰·백화점. 일정 여유를 위해 상한 적용. 실제 관람 소요시간이 아닌 추정값.","","","https://shinsaibashi.parco.jp/info/","https://shinsaibashi.parco.jp/info/","","https://github.com/travel-recommender/gachilo/issues/1","","","cost | covered","","기존 1-7-1 주소를 공식 PARCO 주소로 정정.","false","{""name"":{""kind"":""osm"",""url"":""https://www.openstreetmap.org/way/161871808""},""category"":{""kind"":""osm"",""url"":""https://www.openstreetmap.org/way/161871808""},""latitude"":{""kind"":""osm"",""url"":""https://www.openstreetmap.org/way/161871808""},""longitude"":{""kind"":""osm"",""url"":""https://www.openstreetmap.org/way/161871808""},""website"":{""kind"":""osm"",""url"":""https://www.openstreetmap.org/way/161871808""},""name_ko"":{""kind"":""previous_draft_not_reverified"",""place_id"":""osaka_024""},""address"":{""kind"":""official_web_review"",""urls"":[""https://shinsaibashi.parco.jp/info/""],""checked_at"":""2026-09-26"",""evidence_window"":""2026-09-24/2026-09-26""},""opening_hours"":{""kind"":""official_web_review"",""urls"":[""https://shinsaibashi.parco.jp/info/""],""checked_at"":""2026-09-26"",""evidence_window"":""2026-09-24/2026-09-26""},""opening_hours_source"":{""kind"":""official_web_review"",""urls"":[""https://shinsaibashi.parco.jp/info/""],""checked_at"":""2026-09-26"",""evidence_window"":""2026-09-24/2026-09-26""},""verified_at"":{""kind"":""review_date_only"",""check_id"":""osaka_024_address_hours_20260926"",""note"":""장소 전체 또는 일정 사용 가능 판정이 아님. 검증 범위는 필드 출처 참조.""},""area"":{""kind"":""derived_from_official_address"",""urls"":[""https://shinsaibashi.parco.jp/info/""],""checked_at"":""2026-09-26"",""derived_at"":""2026-09-28"",""note"":""공식 출처 주소의 행정구만 추출. 관광 권역·출입구 좌표 추정 아님.""},""bag_load"":{""kind"":""team_rule_estimate"",""urls"":[""https://github.com/travel-recommender/gachilo/issues/1""],""checked_at"":""2026-09-29"",""revision"":""team_planning_rules_20260929"",""note"":""기존 get_luggage_score와 동일: 쇼핑 2, 지정 시장·상점가·아메리카무라·신세카이 1, 나머지 0. kg가 아닌 상대 점수.""},""stay_min"":{""kind"":""team_rule_estimate"",""urls"":[""https://github.com/travel-recommender/gachilo/issues/1""],""checked_at"":""2026-09-29"",""revision"":""team_planning_rules_20260929"",""note"":""사용자 제공 체류시간 범위 90~180분, 쇼핑몰·백화점. 일정 여유를 위해 상한 적용. 실제 관람 소요시간이 아닌 추정값.""}}"
"osaka_025","かに道楽","카니도라쿠","식사","大阪市中央区","大阪府大阪市中央区道頓堀1-6-18","34.6688634","135.5015017","Mo-Su 11:00-23:00",,"90","0",,"https://douraku.co.jp/",,"2026-09-28","","사용자 제공 체류시간 범위 60~90분, 식당. 일정 여유를 위해 상한 적용. 실제 관람 소요시간이 아닌 추정값.","","","https://douraku.co.jp/company/network.html","https://douraku.co.jp/company/network.html","","https://github.com/travel-recommender/gachilo/issues/1","","","cost | covered | opening_hours_source","","카니도라쿠 본점 전용 안내 확인 필요. 브랜드 공통정보 복사하지 않음. | 공식 사업장 목록의 도톤보리 본점. 기존 OSM branch=道頓堀本店과 대조. 본부·중점·동점 주소와 구분.","false","{""name"":{""kind"":""osm"",""url"":""https://www.openstreetmap.org/node/1671341600""},""name_ko"":{""kind"":""previous_draft_not_reverified"",""place_id"":""osaka_025""},""category"":{""kind"":""osm"",""url"":""https://www.openstreetmap.org/node/1671341600""},""latitude"":{""kind"":""osm"",""url"":""https://www.openstreetmap.org/node/1671341600""},""longitude"":{""kind"":""osm"",""url"":""https://www.openstreetmap.org/node/1671341600""},""opening_hours"":{""kind"":""osm"",""url"":""https://www.openstreetmap.org/node/1671341600""},""website"":{""kind"":""osm"",""url"":""https://www.openstreetmap.org/node/1671341600""},""address"":{""kind"":""official_web_review"",""urls"":[""https://douraku.co.jp/company/network.html""],""checked_at"":""2026-09-28"",""note"":""공식 사업장 목록의 도톤보리 본점. 기존 OSM branch=道頓堀本店과 대조. 본부·중점·동점 주소와 구분."",""revision"":""official_fields_20260928_v2""},""verified_at"":{""kind"":""review_date_only"",""urls"":[""https://douraku.co.jp/company/network.html""],""checked_at"":""2026-09-28"",""note"":""공식 사업장 목록의 도톤보리 본점. 기존 OSM branch=道頓堀本店과 대조. 본부·중점·동점 주소와 구분."",""revision"":""official_fields_20260928_v2""},""area"":{""kind"":""derived_from_official_address"",""urls"":[""https://douraku.co.jp/company/network.html""],""checked_at"":""2026-09-28"",""derived_at"":""2026-09-28"",""revision"":""official_fields_20260928_v2"",""note"":""공식 주소에서 행정구 추출. 관광 권역 아님.""},""bag_load"":{""kind"":""team_rule_estimate"",""urls"":[""https://github.com/travel-recommender/gachilo/issues/1""],""checked_at"":""2026-09-29"",""revision"":""team_planning_rules_20260929"",""note"":""기존 get_luggage_score와 동일: 쇼핑 2, 지정 시장·상점가·아메리카무라·신세카이 1, 나머지 0. kg가 아닌 상대 점수.""},""stay_min"":{""kind"":""team_rule_estimate"",""urls"":[""https://github.com/travel-recommender/gachilo/issues/1""],""checked_at"":""2026-09-29"",""revision"":""team_planning_rules_20260929"",""note"":""사용자 제공 체류시간 범위 60~90분, 식당. 일정 여유를 위해 상한 적용. 실제 관람 소요시간이 아닌 추정값.""}}"
"osaka_026","一蘭 道頓堀店別館","이치란 도톤보리점","식사","大阪市中央区","大阪市中央区道頓堀1-4-16","34.668449","135.503214","카운터 24시간; 테이블석 08:00–23:00; 임시 변경 가능",,"90","0",,"https://ichiran.com/shop/kinki/dotonbori-south/","https://ichiran.com/shop/kinki/dotonbori-south/","2026-09-28","","사용자 제공 체류시간 범위 60~90분, 식당. 일정 여유를 위해 상한 적용. 실제 관람 소요시간이 아닌 추정값.","","","https://ichiran.com/shop/kinki/dotonbori-south/","https://ichiran.com/shop/kinki/dotonbori-south/","","https://github.com/travel-recommender/gachilo/issues/1","","https://ichiran.com/shop/kinki/dotonbori-south/","cost | covered","","도톤보리 별관. 영업 종료된 본관과 구분. | 기존 공식 검증 기록의 시설 안내 페이지를 다시 열어 관련 시설·지점을 확인. 전용 홈페이지가 없는 공원은 시청 공식 소개 링크 사용.","false","{""name"":{""kind"":""osm"",""url"":""https://www.openstreetmap.org/node/4488318892""},""name_ko"":{""kind"":""previous_draft_not_reverified"",""place_id"":""osaka_026""},""category"":{""kind"":""osm"",""url"":""https://www.openstreetmap.org/node/4488318892""},""latitude"":{""kind"":""osm"",""url"":""https://www.openstreetmap.org/node/4488318892""},""longitude"":{""kind"":""osm"",""url"":""https://www.openstreetmap.org/node/4488318892""},""address"":{""kind"":""official_web_review"",""urls"":[""https://ichiran.com/shop/kinki/dotonbori-south/""],""checked_at"":""2026-09-26"",""evidence_window"":""2026-09-24/2026-09-26""},""opening_hours"":{""kind"":""official_web_review"",""urls"":[""https://ichiran.com/shop/kinki/dotonbori-south/""],""checked_at"":""2026-09-26"",""evidence_window"":""2026-09-24/2026-09-26""},""opening_hours_source"":{""kind"":""official_web_review"",""urls"":[""https://ichiran.com/shop/kinki/dotonbori-south/""],""checked_at"":""2026-09-26"",""evidence_window"":""2026-09-24/2026-09-26""},""verified_at"":{""kind"":""review_date_only"",""note"":""이번에 확인한 필드만 검증. 전체 필드·영업 상태 검증을 뜻하지 않음."",""check_id"":""official_fields_20260928""},""website"":{""kind"":""official_web_review"",""urls"":[""https://ichiran.com/shop/kinki/dotonbori-south/""],""checked_at"":""2026-09-28"",""note"":""기존 공식 검증 기록의 시설 안내 페이지를 다시 열어 관련 시설·지점을 확인. 전용 홈페이지가 없는 공원은 시청 공식 소개 링크 사용.""},""area"":{""kind"":""derived_from_official_address"",""urls"":[""https://ichiran.com/shop/kinki/dotonbori-south/""],""checked_at"":""2026-09-26"",""derived_at"":""2026-09-28"",""note"":""공식 출처 주소의 행정구만 추출. 관광 권역·출입구 좌표 추정 아님.""},""bag_load"":{""kind"":""team_rule_estimate"",""urls"":[""https://github.com/travel-recommender/gachilo/issues/1""],""checked_at"":""2026-09-29"",""revision"":""team_planning_rules_20260929"",""note"":""기존 get_luggage_score와 동일: 쇼핑 2, 지정 시장·상점가·아메리카무라·신세카이 1, 나머지 0. kg가 아닌 상대 점수.""},""stay_min"":{""kind"":""team_rule_estimate"",""urls"":[""https://github.com/travel-recommender/gachilo/issues/1""],""checked_at"":""2026-09-29"",""revision"":""team_planning_rules_20260929"",""note"":""사용자 제공 체류시간 범위 60~90분, 식당. 일정 여유를 위해 상한 적용. 실제 관람 소요시간이 아닌 추정값.""}}"
"osaka_028","総大醤","소다이쇼","식사","大阪市北区","大阪市北区浮田2-4-16","34.710236","135.507619","매일 11:00–24:00","950","90","0",,"https://www.soudaisyou.com/access.html","https://www.soudaisyou.com/access.html","2026-09-28","기준 메뉴: 흑대장 간장라멘 1인 950엔(세금 포함). 추가 주문·세트 제외.","사용자 제공 체류시간 범위 60~90분, 식당. 일정 여유를 위해 상한 적용. 실제 관람 소요시간이 아닌 추정값.","","","https://www.soudaisyou.com/access.html","https://www.soudaisyou.com/access.html","https://www.soudaisyou.com/menu.html","https://github.com/travel-recommender/gachilo/issues/1","","https://www.soudaisyou.com/access.html","covered","","기준 메뉴: 흑대장 간장라멘 1인 950엔(세금 포함). 추가 주문·세트 제외. | 기존 공식 검증 기록의 시설 안내 페이지를 다시 열어 관련 시설·지점을 확인. 전용 홈페이지가 없는 공원은 시청 공식 소개 링크 사용.","false","{""name"":{""kind"":""osm"",""url"":""https://www.openstreetmap.org/node/1716203862""},""category"":{""kind"":""osm"",""url"":""https://www.openstreetmap.org/node/1716203862""},""latitude"":{""kind"":""osm"",""url"":""https://www.openstreetmap.org/node/1716203862""},""longitude"":{""kind"":""osm"",""url"":""https://www.openstreetmap.org/node/1716203862""},""name_ko"":{""kind"":""previous_draft_not_reverified"",""place_id"":""osaka_028""},""address"":{""kind"":""official_web_review"",""urls"":[""https://www.soudaisyou.com/access.html""],""checked_at"":""2026-09-26"",""evidence_window"":""2026-09-24/2026-09-26""},""opening_hours"":{""kind"":""official_web_review"",""urls"":[""https://www.soudaisyou.com/access.html""],""checked_at"":""2026-09-26"",""evidence_window"":""2026-09-24/2026-09-26""},""opening_hours_source"":{""kind"":""official_web_review"",""urls"":[""https://www.soudaisyou.com/access.html""],""checked_at"":""2026-09-26"",""evidence_window"":""2026-09-24/2026-09-26""},""verified_at"":{""kind"":""review_date_only"",""note"":""이번에 확인한 필드만 검증. 전체 필드·영업 상태 검증을 뜻하지 않음."",""check_id"":""official_fields_20260928""},""cost"":{""kind"":""official_web_review"",""urls"":[""https://www.soudaisyou.com/menu.html""],""checked_at"":""2026-09-28"",""note"":""기준 메뉴: 흑대장 간장라멘 1인 950엔(세금 포함). 추가 주문·세트 제외.""},""website"":{""kind"":""official_web_review"",""urls"":[""https://www.soudaisyou.com/access.html""],""checked_at"":""2026-09-28"",""note"":""기존 공식 검증 기록의 시설 안내 페이지를 다시 열어 관련 시설·지점을 확인. 전용 홈페이지가 없는 공원은 시청 공식 소개 링크 사용.""},""area"":{""kind"":""derived_from_official_address"",""urls"":[""https://www.soudaisyou.com/access.html""],""checked_at"":""2026-09-26"",""derived_at"":""2026-09-28"",""note"":""공식 출처 주소의 행정구만 추출. 관광 권역·출입구 좌표 추정 아님.""},""bag_load"":{""kind"":""team_rule_estimate"",""urls"":[""https://github.com/travel-recommender/gachilo/issues/1""],""checked_at"":""2026-09-29"",""revision"":""team_planning_rules_20260929"",""note"":""기존 get_luggage_score와 동일: 쇼핑 2, 지정 시장·상점가·아메리카무라·신세카이 1, 나머지 0. kg가 아닌 상대 점수.""},""stay_min"":{""kind"":""team_rule_estimate"",""urls"":[""https://github.com/travel-recommender/gachilo/issues/1""],""checked_at"":""2026-09-29"",""revision"":""team_planning_rules_20260929"",""note"":""사용자 제공 체류시간 범위 60~90분, 식당. 일정 여유를 위해 상한 적용. 실제 관람 소요시간이 아닌 추정값.""}}"
"osm_node_2296903605","丸福珈琲店 千日前本店","마루후쿠 커피 센니치마에 본점","카페","大阪市中央区","大阪市中央区千日前1-9-1","34.6676233","135.5041516","08:00-23:00 (공식 지점 페이지 안내; 임시 변경 가능)",,"60","0",,"https://marufukucoffeeten.com/store/marufukucoffee-sennichimae/","https://marufukucoffeeten.com/store/marufukucoffee-sennichimae/","2026-09-23","","사용자 제공 체류시간 범위 45~60분, 카페. 일정 여유를 위해 상한 적용. 실제 관람 소요시간이 아닌 추정값.","","","https://marufukucoffeeten.com/store/marufukucoffee-sennichimae/","","","https://github.com/travel-recommender/gachilo/issues/1","","","cost | covered","","사용자 지정 지점으로 150개 목록에 편입. 기존 지점 ID는 재사용하지 않음. | 기존 출처와 필드 상태 검토. 이번 회차에서 새로 확정한 주소·영업시간 없음.","false","{""name"":{""kind"":""official_branch_page_review"",""url"":""https://marufukucoffeeten.com/store/marufukucoffee-sennichimae/"",""checked_at"":""2026-09-23""},""category"":{""kind"":""osm"",""url"":""https://www.openstreetmap.org/node/2296903605""},""latitude"":{""kind"":""osm"",""url"":""https://www.openstreetmap.org/node/2296903605""},""longitude"":{""kind"":""osm"",""url"":""https://www.openstreetmap.org/node/2296903605""},""name_ko"":{""kind"":""user_provided_place_label"",""checked_at"":""2026-09-23""},""address"":{""kind"":""official_branch_page_review"",""url"":""https://marufukucoffeeten.com/store/marufukucoffee-sennichimae/"",""checked_at"":""2026-09-23""},""opening_hours"":{""kind"":""official_branch_page_review"",""url"":""https://marufukucoffeeten.com/store/marufukucoffee-sennichimae/"",""checked_at"":""2026-09-23""},""website"":{""kind"":""official_branch_page_review"",""url"":""https://marufukucoffeeten.com/store/marufukucoffee-sennichimae/"",""checked_at"":""2026-09-23""},""opening_hours_source"":{""kind"":""official_branch_page_review"",""url"":""https://marufukucoffeeten.com/store/marufukucoffee-sennichimae/"",""checked_at"":""2026-09-23""},""verified_at"":{""kind"":""official_branch_page_review"",""url"":""https://marufukucoffeeten.com/store/marufukucoffee-sennichimae/"",""checked_at"":""2026-09-23""},""area"":{""kind"":""derived_from_official_address"",""urls"":[""https://marufukucoffeeten.com/store/marufukucoffee-sennichimae/""],""checked_at"":""2026-09-23"",""derived_at"":""2026-09-28"",""note"":""공식 출처 주소의 행정구만 추출. 관광 권역·출입구 좌표 추정 아님.""},""bag_load"":{""kind"":""team_rule_estimate"",""urls"":[""https://github.com/travel-recommender/gachilo/issues/1""],""checked_at"":""2026-09-29"",""revision"":""team_planning_rules_20260929"",""note"":""기존 get_luggage_score와 동일: 쇼핑 2, 지정 시장·상점가·아메리카무라·신세카이 1, 나머지 0. kg가 아닌 상대 점수.""},""stay_min"":{""kind"":""team_rule_estimate"",""urls"":[""https://github.com/travel-recommender/gachilo/issues/1""],""checked_at"":""2026-09-29"",""revision"":""team_planning_rules_20260929"",""note"":""사용자 제공 체류시간 범위 45~60분, 카페. 일정 여유를 위해 상한 적용. 실제 관람 소요시간이 아닌 추정값.""}}"
"osm_node_9875632529","Brooklyn Roasting Company","브루클린 로스팅 컴퍼니 난바","카페","大阪市浪速区","大阪市浪速区敷津東1-1-21 なんばEKIKAN","34.659163","135.502599","평일 09:00-20:00; 토·일·일본 공휴일 08:00-20:00 (부정기 휴무)",,"60","0",,"https://brooklynroasting.jp/location/namba/","https://ekikan.com/shops/485","2026-09-24","","사용자 제공 체류시간 범위 45~60분, 카페. 일정 여유를 위해 상한 적용. 실제 관람 소요시간이 아닌 추정값.","","","https://brooklynroasting.jp/location/namba/ | https://ekikan.com/shops/485","https://brooklynroasting.jp/location/namba/ | https://ekikan.com/shops/485","","https://github.com/travel-recommender/gachilo/issues/1","","https://brooklynroasting.jp/location/namba/ | https://ekikan.com/shops/485","cost | covered","","OSM branch=Namba. 공식 지점 페이지 취득 실패로 주소·최신 영업시간을 새로 확인하지 못함. 과거 난바 영업시간도 복사하지 않음. | 사용자 지정 지점으로 150개 목록에 편입. 기존 지점 ID는 재사용하지 않음. | 주소는 브랜드 공식 지점 페이지 검색 결과에서 확인(직접 열기는 시간 초과). 영업시간은 입점 시설 난바 EKIKAN 공식 안내의 BRC 항목에서 확인. 함께 표시된 WBG 베이커리 시간과 구분. 특별 영업일은 재확인 필요. | 기존 출처와 필드 상태 검토. 이번 회차에서 새로 확정한 주소·영업시간 없음.","false","{""name"":{""kind"":""osm"",""url"":""https://www.openstreetmap.org/node/9875632529""},""category"":{""kind"":""osm"",""url"":""https://www.openstreetmap.org/node/9875632529""},""latitude"":{""kind"":""osm"",""url"":""https://www.openstreetmap.org/node/9875632529""},""longitude"":{""kind"":""osm"",""url"":""https://www.openstreetmap.org/node/9875632529""},""website"":{""kind"":""official_web_review"",""urls"":[""https://brooklynroasting.jp/location/namba/"",""https://ekikan.com/shops/485""],""checked_at"":""2026-09-24""},""name_ko"":{""kind"":""user_provided_place_label"",""checked_at"":""2026-09-23""},""address"":{""kind"":""official_web_review"",""urls"":[""https://brooklynroasting.jp/location/namba/"",""https://ekikan.com/shops/485""],""checked_at"":""2026-09-24""},""opening_hours"":{""kind"":""official_web_review"",""urls"":[""https://brooklynroasting.jp/location/namba/"",""https://ekikan.com/shops/485""],""checked_at"":""2026-09-24""},""opening_hours_source"":{""kind"":""official_web_review"",""urls"":[""https://brooklynroasting.jp/location/namba/"",""https://ekikan.com/shops/485""],""checked_at"":""2026-09-24""},""verified_at"":{""kind"":""review_date_only"",""check_id"":""osm_node_9875632529_official_20260924""},""area"":{""kind"":""derived_from_official_address"",""urls"":[""https://brooklynroasting.jp/location/namba/"",""https://ekikan.com/shops/485""],""checked_at"":""2026-09-24"",""derived_at"":""2026-09-28"",""note"":""공식 출처 주소의 행정구만 추출. 관광 권역·출입구 좌표 추정 아님.""},""bag_load"":{""kind"":""team_rule_estimate"",""urls"":[""https://github.com/travel-recommender/gachilo/issues/1""],""checked_at"":""2026-09-29"",""revision"":""team_planning_rules_20260929"",""note"":""기존 get_luggage_score와 동일: 쇼핑 2, 지정 시장·상점가·아메리카무라·신세카이 1, 나머지 0. kg가 아닌 상대 점수.""},""stay_min"":{""kind"":""team_rule_estimate"",""urls"":[""https://github.com/travel-recommender/gachilo/issues/1""],""checked_at"":""2026-09-29"",""revision"":""team_planning_rules_20260929"",""note"":""사용자 제공 체류시간 범위 45~60분, 카페. 일정 여유를 위해 상한 적용. 실제 관람 소요시간이 아닌 추정값.""}}"
"osaka_draft_2e4698946819","エレメカ研究所","엘레메카 연구소","명소","大阪市北区","일본 〒530-0015 Osaka, Kita Ward, Nakazakinishi, 4 Chome−3 1F","34.7093677","135.5033041","Mo-Su 12:00-17:00",,"120","0",,"https://x.com/elemecalabo",,,"","사용자 제공 체류시간 범위 90~120분, 관광 명소(문화·자연 포함). 일정 여유를 위해 상한 적용. 실제 관람 소요시간이 아닌 추정값.","","https://www.openstreetmap.org/node/13516357601","https://maps.google.com/?cid=11487219151029919111 | https://www.openstreetmap.org/node/13516357601","https://maps.google.com/?cid=11487219151029919111 | https://www.openstreetmap.org/node/13516357601","","https://github.com/travel-recommender/gachilo/issues/1","","","cost | covered | opening_hours_source | verified_at","","공식 소셜 계정의 최신 지점·운영시간 추가 확인 필요. | Google Maps 장소명·주소와 기존 OSM 위치 대조. 지도 지점 좌표 차이 6.0m. 주소만 확인했으며 영업시간 검증 아님.","false","{""name"":{""kind"":""osm"",""url"":""https://www.openstreetmap.org/node/13516357601""},""category"":{""kind"":""osm"",""url"":""https://www.openstreetmap.org/node/13516357601""},""latitude"":{""kind"":""osm"",""url"":""https://www.openstreetmap.org/node/13516357601""},""longitude"":{""kind"":""osm"",""url"":""https://www.openstreetmap.org/node/13516357601""},""opening_hours"":{""kind"":""osm"",""url"":""https://www.openstreetmap.org/node/13516357601""},""website"":{""kind"":""osm"",""url"":""https://www.openstreetmap.org/node/13516357601""},""name_ko"":{""kind"":""editorial_korean_translation"",""urls"":[""https://www.openstreetmap.org/node/13516357601""],""checked_at"":""2026-09-28"",""revision"":""korean_display_names_20260928"",""original_name"":""エレメカ研究所"",""note"":""검토 편의를 위한 원문 기반 한국어 번역·음역. 공식 한국어 명칭 또는 지점 검증 완료를 의미하지 않음. 원문 name을 검색 시 함께 사용.""},""address"":{""kind"":""google_maps_ui_review"",""urls"":[""https://maps.google.com/?cid=11487219151029919111"",""https://www.openstreetmap.org/node/13516357601""],""checked_at"":""2026-09-28"",""revision"":""map_addresses_20260928"",""note"":""Google Maps 장소명·주소와 기존 OSM 위치 대조. 지도 지점 좌표 차이 6.0m. 주소만 확인했으며 영업시간 검증 아님.""},""area"":{""kind"":""derived_from_map_address"",""urls"":[""https://maps.google.com/?cid=11487219151029919111"",""https://www.openstreetmap.org/node/13516357601""],""checked_at"":""2026-09-28"",""revision"":""map_addresses_20260928"",""note"":""Google Maps 장소명·주소와 기존 OSM 위치 대조. 지도 지점 좌표 차이 6.0m. 주소만 확인했으며 영업시간 검증 아님.""},""bag_load"":{""kind"":""team_rule_estimate"",""urls"":[""https://github.com/travel-recommender/gachilo/issues/1""],""checked_at"":""2026-09-29"",""revision"":""team_planning_rules_20260929"",""note"":""기존 get_luggage_score와 동일: 쇼핑 2, 지정 시장·상점가·아메리카무라·신세카이 1, 나머지 0. kg가 아닌 상대 점수.""},""stay_min"":{""kind"":""team_rule_estimate"",""urls"":[""https://github.com/travel-recommender/gachilo/issues/1""],""checked_at"":""2026-09-29"",""revision"":""team_planning_rules_20260929"",""note"":""사용자 제공 체류시간 범위 90~120분, 관광 명소(문화·자연 포함). 일정 여유를 위해 상한 적용. 실제 관람 소요시간이 아닌 추정값.""}}"
"osaka_draft_73505422b2e6","道頓堀橋","도톤보리 교","명소","大阪市中央区","10 Dotonbori, Chuo Ward, Osaka, 542-0071 일본","34.6690406","135.5003322","매일 24시간 (다리 통행 공간 기준; 주변 점포·시설 영업시간 별도)",,"120","0",,"https://www.city.osaka.lg.jp/kensetsu/page/0000493973.html","https://maps.google.com/?cid=7388810500975723854","2026-09-30","","사용자 제공 체류시간 범위 90~120분, 관광 명소(문화·자연 포함). 일정 여유를 위해 상한 적용. 실제 관람 소요시간이 아닌 추정값.","","","https://www.city.osaka.lg.jp/kensetsu/page/0000493973.html","https://maps.google.com/?cid=7388810500975723854 | https://www.openstreetmap.org/way/438189049","","https://github.com/travel-recommender/gachilo/issues/1","","","cost | covered","","다리 위치와 시청 담당부서 주소 구분. 일반 점포시간 적용 대상 아님. | 공식 교량 소개의 행정구. 문의처 ATC 주소를 교량 주소로 넣지 않음. | Google Maps 장소명·주소와 기존 OSM 위치 대조. 지도 지점 좌표 차이 1.5m. 주소만 확인했으며 영업시간 검증 아님. | 2026-09-30: 도톤보리바시 Google Maps 7일 모두 24시간 표시. 다리 통행과 주변 시설 운영을 구분.","false","{""name"":{""kind"":""osm"",""url"":""https://www.openstreetmap.org/way/438189049""},""name_ko"":{""kind"":""previous_draft_not_reverified"",""place_id"":""osaka_draft_73505422b2e6""},""category"":{""kind"":""osm"",""url"":""https://www.openstreetmap.org/way/438189049""},""latitude"":{""kind"":""osm"",""url"":""https://www.openstreetmap.org/way/438189049""},""longitude"":{""kind"":""osm"",""url"":""https://www.openstreetmap.org/way/438189049""},""website"":{""kind"":""osm"",""url"":""https://www.openstreetmap.org/way/438189049""},""area"":{""kind"":""official_web_review"",""urls"":[""https://www.city.osaka.lg.jp/kensetsu/page/0000493973.html""],""checked_at"":""2026-09-28"",""note"":""공식 교량 소개의 행정구. 문의처 ATC 주소를 교량 주소로 넣지 않음.""},""verified_at"":{""kind"":""google_maps_manual_review"",""urls"":[""https://maps.google.com/?cid=7388810500975723854""],""checked_at"":""2026-09-30"",""revision"":""operating_review_20260930"",""note"":""도톤보리바시 Google Maps 7일 모두 24시간 표시. 다리 통행과 주변 시설 운영을 구분.""},""address"":{""kind"":""google_maps_ui_review"",""urls"":[""https://maps.google.com/?cid=7388810500975723854"",""https://www.openstreetmap.org/way/438189049""],""checked_at"":""2026-09-28"",""revision"":""map_addresses_20260928"",""note"":""Google Maps 장소명·주소와 기존 OSM 위치 대조. 지도 지점 좌표 차이 1.5m. 주소만 확인했으며 영업시간 검증 아님.""},""bag_load"":{""kind"":""team_rule_estimate"",""urls"":[""https://github.com/travel-recommender/gachilo/issues/1""],""checked_at"":""2026-09-29"",""revision"":""team_planning_rules_20260929"",""note"":""기존 get_luggage_score와 동일: 쇼핑 2, 지정 시장·상점가·아메리카무라·신세카이 1, 나머지 0. kg가 아닌 상대 점수.""},""stay_min"":{""kind"":""team_rule_estimate"",""urls"":[""https://github.com/travel-recommender/gachilo/issues/1""],""checked_at"":""2026-09-29"",""revision"":""team_planning_rules_20260929"",""note"":""사용자 제공 체류시간 범위 90~120분, 관광 명소(문화·자연 포함). 일정 여유를 위해 상한 적용. 실제 관람 소요시간이 아닌 추정값.""},""opening_hours"":{""kind"":""google_maps_manual_review"",""urls"":[""https://maps.google.com/?cid=7388810500975723854""],""checked_at"":""2026-09-30"",""revision"":""operating_review_20260930"",""note"":""도톤보리바시 Google Maps 7일 모두 24시간 표시. 다리 통행과 주변 시설 운영을 구분.""},""opening_hours_source"":{""kind"":""google_maps_manual_review"",""urls"":[""https://maps.google.com/?cid=7388810500975723854""],""checked_at"":""2026-09-30"",""revision"":""operating_review_20260930"",""note"":""도톤보리바시 Google Maps 7일 모두 24시간 표시. 다리 통행과 주변 시설 운영을 구분.""}}"
"osaka_draft_a270504b6cd8","茶室（豊松庵）","호쇼안 다실","명소","大阪市中央区","2 Osakajo, Chuo Ward, Osaka, 540-0002 일본","34.6882229","135.5239664","2026년 9~11월 목요일 10:00~16:00 (최종 입장 15:30); 다도 행사 예약 시 휴업, 다른 기간 별도 확인","1500","120","0",,"https://osaka-info.jp/special/dc/event/detail605/","https://osaka-info.jp/special/dc/event/detail605/","2026-09-30","2026 공개 다도 체험 1인 1,500 JPY. 니시노마루 정원 입장료 별도이므로 전체 방문 비용이 아님.","사용자 제공 체류시간 범위 90~120분, 관광 명소(문화·자연 포함). 일정 여유를 위해 상한 적용. 실제 관람 소요시간이 아닌 추정값.","","https://www.openstreetmap.org/way/176301498 | https://www.vmc.co.jp/news/news-7588/","https://maps.google.com/?cid=5316351724171306774 | https://www.openstreetmap.org/way/176301498","https://maps.google.com/?cid=5316351724171306774 | https://www.openstreetmap.org/way/176301498","https://osaka-info.jp/special/dc/event/detail605/","https://github.com/travel-recommender/gachilo/issues/1","","https://osaka-info.jp/special/dc/event/detail605/","covered","event_access_required | seasonal_event_date_confirmation_required","상시 공개 시설로 확인되지 않음. 특별 공개·예약 행사 확인 필요. | Google Maps 장소명·주소와 기존 OSM 위치 대조. 지도 지점 좌표 차이 3.8m. 주소만 확인했으며 영업시간 검증 아님. | 2026-09-30: 오사카 관광국 2026 캠페인의 가을 공개 기간만 적용. 연중 영업시간 아님. 행사 대관 시 휴업하며 현장 접수, 사전 예약 불가. | 2026-09-30: 2026 공개 다도 체험 1인 1,500 JPY. 니시노마루 정원 입장료 별도이므로 전체 방문 비용이 아님.","false","{""name"":{""kind"":""osm"",""url"":""https://www.openstreetmap.org/way/176301498""},""category"":{""kind"":""osm"",""url"":""https://www.openstreetmap.org/way/176301498""},""latitude"":{""kind"":""osm"",""url"":""https://www.openstreetmap.org/way/176301498""},""longitude"":{""kind"":""osm"",""url"":""https://www.openstreetmap.org/way/176301498""},""website"":{""kind"":""official_tourism_site"",""urls"":[""https://osaka-info.jp/special/dc/event/detail605/""],""checked_at"":""2026-09-30"",""revision"":""operating_review_20260930"",""note"":""2026 공개 다도 체험 1인 1,500 JPY. 니시노마루 정원 입장료 별도이므로 전체 방문 비용이 아님.""},""name_ko"":{""kind"":""editorial_korean_translation"",""urls"":[""https://www.openstreetmap.org/way/176301498"",""https://www.vmc.co.jp/news/news-7588/""],""checked_at"":""2026-09-28"",""revision"":""korean_display_names_20260928"",""original_name"":""茶室（豊松庵）"",""note"":""검토 편의를 위한 원문 기반 한국어 번역·음역. 공식 한국어 명칭 또는 지점 검증 완료를 의미하지 않음. 원문 name을 검색 시 함께 사용.""},""address"":{""kind"":""google_maps_ui_review"",""urls"":[""https://maps.google.com/?cid=5316351724171306774"",""https://www.openstreetmap.org/way/176301498""],""checked_at"":""2026-09-28"",""revision"":""map_addresses_20260928"",""note"":""Google Maps 장소명·주소와 기존 OSM 위치 대조. 지도 지점 좌표 차이 3.8m. 주소만 확인했으며 영업시간 검증 아님.""},""area"":{""kind"":""derived_from_map_address"",""urls"":[""https://maps.google.com/?cid=5316351724171306774"",""https://www.openstreetmap.org/way/176301498""],""checked_at"":""2026-09-28"",""revision"":""map_addresses_20260928"",""note"":""Google Maps 장소명·주소와 기존 OSM 위치 대조. 지도 지점 좌표 차이 3.8m. 주소만 확인했으며 영업시간 검증 아님.""},""bag_load"":{""kind"":""team_rule_estimate"",""urls"":[""https://github.com/travel-recommender/gachilo/issues/1""],""checked_at"":""2026-09-29"",""revision"":""team_planning_rules_20260929"",""note"":""기존 get_luggage_score와 동일: 쇼핑 2, 지정 시장·상점가·아메리카무라·신세카이 1, 나머지 0. kg가 아닌 상대 점수.""},""stay_min"":{""kind"":""team_rule_estimate"",""urls"":[""https://github.com/travel-recommender/gachilo/issues/1""],""checked_at"":""2026-09-29"",""revision"":""team_planning_rules_20260929"",""note"":""사용자 제공 체류시간 범위 90~120분, 관광 명소(문화·자연 포함). 일정 여유를 위해 상한 적용. 실제 관람 소요시간이 아닌 추정값.""},""opening_hours"":{""kind"":""official_tourism_site"",""urls"":[""https://osaka-info.jp/special/dc/event/detail605/""],""checked_at"":""2026-09-30"",""revision"":""operating_review_20260930"",""note"":""오사카 관광국 2026 캠페인의 가을 공개 기간만 적용. 연중 영업시간 아님. 행사 대관 시 휴업하며 현장 접수, 사전 예약 불가.""},""opening_hours_source"":{""kind"":""official_tourism_site"",""urls"":[""https://osaka-info.jp/special/dc/event/detail605/""],""checked_at"":""2026-09-30"",""revision"":""operating_review_20260930"",""note"":""오사카 관광국 2026 캠페인의 가을 공개 기간만 적용. 연중 영업시간 아님. 행사 대관 시 휴업하며 현장 접수, 사전 예약 불가.""},""verified_at"":{""kind"":""official_tourism_site"",""urls"":[""https://osaka-info.jp/special/dc/event/detail605/""],""checked_at"":""2026-09-30"",""revision"":""operating_review_20260930"",""note"":""오사카 관광국 2026 캠페인의 가을 공개 기간만 적용. 연중 영업시간 아님. 행사 대관 시 휴업하며 현장 접수, 사전 예약 불가.""},""cost"":{""kind"":""official_tourism_site"",""urls"":[""https://osaka-info.jp/special/dc/event/detail605/""],""checked_at"":""2026-09-30"",""revision"":""operating_review_20260930"",""note"":""2026 공개 다도 체험 1인 1,500 JPY. 니시노마루 정원 입장료 별도이므로 전체 방문 비용이 아님.""}}"
"osaka_draft_bdd1ec5175d0","OAP港","오에이피 항구","명소","大阪市北区","1 Chome-8-40 Tenmabashi, Kita Ward, 大阪府 Osaka 530-0042 일본","34.7005664","135.5206432",,,"120","0",,"https://www.suito-osaka.jp/info/port/oap/",,"2026-09-28","","사용자 제공 체류시간 범위 90~120분, 관광 명소(문화·자연 포함). 일정 여유를 위해 상한 적용. 실제 관람 소요시간이 아닌 추정값.","","https://www.openstreetmap.org/way/610362551","https://maps.google.com/?cid=4505005300152204382 | https://www.openstreetmap.org/way/610362551","https://maps.google.com/?cid=4505005300152204382 | https://www.openstreetmap.org/way/610362551","","https://github.com/travel-recommender/gachilo/issues/1","","https://www.suito-osaka.jp/info/port/oap/","opening_hours | cost | covered | opening_hours_source","google_maps_temporarily_closed","OAP 선착장. 운항사별 출항시간 확인 필요. | 수도오사카 공식 선착장 안내. 시간·요금은 승선 노선별 확인 필요. | Google Maps 장소명·주소와 기존 OSM 위치 대조. 지도 지점 좌표 차이 0.3m. 주소만 확인했으며 영업시간 검증 아님.","false","{""name"":{""kind"":""osm"",""url"":""https://www.openstreetmap.org/way/610362551""},""category"":{""kind"":""osm"",""url"":""https://www.openstreetmap.org/way/610362551""},""latitude"":{""kind"":""osm"",""url"":""https://www.openstreetmap.org/way/610362551""},""longitude"":{""kind"":""osm"",""url"":""https://www.openstreetmap.org/way/610362551""},""website"":{""kind"":""official_web_review"",""urls"":[""https://www.suito-osaka.jp/info/port/oap/""],""checked_at"":""2026-09-28"",""note"":""수도오사카 공식 선착장 안내. 시간·요금은 승선 노선별 확인 필요.""},""verified_at"":{""kind"":""review_date_only"",""note"":""이번에 확인한 필드만 검증. 전체 필드·영업 상태 검증을 뜻하지 않음."",""check_id"":""official_fields_20260928""},""name_ko"":{""kind"":""editorial_korean_translation"",""urls"":[""https://www.openstreetmap.org/way/610362551""],""checked_at"":""2026-09-28"",""revision"":""korean_display_names_20260928"",""original_name"":""OAP港"",""note"":""검토 편의를 위한 원문 기반 한국어 번역·음역. 공식 한국어 명칭 또는 지점 검증 완료를 의미하지 않음. 원문 name을 검색 시 함께 사용.""},""address"":{""kind"":""google_maps_ui_review"",""urls"":[""https://maps.google.com/?cid=4505005300152204382"",""https://www.openstreetmap.org/way/610362551""],""checked_at"":""2026-09-28"",""revision"":""map_addresses_20260928"",""note"":""Google Maps 장소명·주소와 기존 OSM 위치 대조. 지도 지점 좌표 차이 0.3m. 주소만 확인했으며 영업시간 검증 아님.""},""area"":{""kind"":""derived_from_map_address"",""urls"":[""https://maps.google.com/?cid=4505005300152204382"",""https://www.openstreetmap.org/way/610362551""],""checked_at"":""2026-09-28"",""revision"":""map_addresses_20260928"",""note"":""Google Maps 장소명·주소와 기존 OSM 위치 대조. 지도 지점 좌표 차이 0.3m. 주소만 확인했으며 영업시간 검증 아님.""},""bag_load"":{""kind"":""team_rule_estimate"",""urls"":[""https://github.com/travel-recommender/gachilo/issues/1""],""checked_at"":""2026-09-29"",""revision"":""team_planning_rules_20260929"",""note"":""기존 get_luggage_score와 동일: 쇼핑 2, 지정 시장·상점가·아메리카무라·신세카이 1, 나머지 0. kg가 아닌 상대 점수.""},""stay_min"":{""kind"":""team_rule_estimate"",""urls"":[""https://github.com/travel-recommender/gachilo/issues/1""],""checked_at"":""2026-09-29"",""revision"":""team_planning_rules_20260929"",""note"":""사용자 제공 체류시간 범위 90~120분, 관광 명소(문화·자연 포함). 일정 여유를 위해 상한 적용. 실제 관람 소요시간이 아닌 추정값.""}}"
"osaka_draft_f0f97440bedc","ワケ橋","와케 다리","명소","大阪市天王寺区","1 Chausuyamacho, Tennoji Ward, Osaka, 543-0063 일본","34.6511463","135.5116039",,,"120","0",,,,,"","사용자 제공 체류시간 범위 90~120분, 관광 명소(문화·자연 포함). 일정 여유를 위해 상한 적용. 실제 관람 소요시간이 아닌 추정값.","","https://www.openstreetmap.org/node/12781301802","https://maps.google.com/?cid=4275703018452935561 | https://www.openstreetmap.org/node/12781301802","https://maps.google.com/?cid=4275703018452935561 | https://www.openstreetmap.org/node/12781301802","","https://github.com/travel-recommender/gachilo/issues/1","","","opening_hours | cost | covered | website | opening_hours_source | verified_at","identity_unconfirmed","ワケ橋와 和気橋 명칭 대조 및 정확한 지점 확인 필요. | Google Maps 장소명·주소와 기존 OSM 위치 대조. 지도 지점 좌표 차이 1.9m. 주소만 확인했으며 영업시간 검증 아님.","false","{""name"":{""kind"":""osm"",""url"":""https://www.openstreetmap.org/node/12781301802""},""category"":{""kind"":""osm"",""url"":""https://www.openstreetmap.org/node/12781301802""},""latitude"":{""kind"":""osm"",""url"":""https://www.openstreetmap.org/node/12781301802""},""longitude"":{""kind"":""osm"",""url"":""https://www.openstreetmap.org/node/12781301802""},""name_ko"":{""kind"":""editorial_korean_translation"",""urls"":[""https://www.openstreetmap.org/node/12781301802""],""checked_at"":""2026-09-28"",""revision"":""korean_display_names_20260928"",""original_name"":""ワケ橋"",""note"":""검토 편의를 위한 원문 기반 한국어 번역·음역. 공식 한국어 명칭 또는 지점 검증 완료를 의미하지 않음. 원문 name을 검색 시 함께 사용.""},""address"":{""kind"":""google_maps_ui_review"",""urls"":[""https://maps.google.com/?cid=4275703018452935561"",""https://www.openstreetmap.org/node/12781301802""],""checked_at"":""2026-09-28"",""revision"":""map_addresses_20260928"",""note"":""Google Maps 장소명·주소와 기존 OSM 위치 대조. 지도 지점 좌표 차이 1.9m. 주소만 확인했으며 영업시간 검증 아님.""},""area"":{""kind"":""derived_from_map_address"",""urls"":[""https://maps.google.com/?cid=4275703018452935561"",""https://www.openstreetmap.org/node/12781301802""],""checked_at"":""2026-09-28"",""revision"":""map_addresses_20260928"",""note"":""Google Maps 장소명·주소와 기존 OSM 위치 대조. 지도 지점 좌표 차이 1.9m. 주소만 확인했으며 영업시간 검증 아님.""},""bag_load"":{""kind"":""team_rule_estimate"",""urls"":[""https://github.com/travel-recommender/gachilo/issues/1""],""checked_at"":""2026-09-29"",""revision"":""team_planning_rules_20260929"",""note"":""기존 get_luggage_score와 동일: 쇼핑 2, 지정 시장·상점가·아메리카무라·신세카이 1, 나머지 0. kg가 아닌 상대 점수.""},""stay_min"":{""kind"":""team_rule_estimate"",""urls"":[""https://github.com/travel-recommender/gachilo/issues/1""],""checked_at"":""2026-09-29"",""revision"":""team_planning_rules_20260929"",""note"":""사용자 제공 체류시간 범위 90~120분, 관광 명소(문화·자연 포함). 일정 여유를 위해 상한 적용. 실제 관람 소요시간이 아닌 추정값.""}}"
"osaka_draft_1c4a0fd86b91","包ギョーザ","쓰쓰미 교자 포토존","명소",,,"34.6973339","135.4863544",,,"120","0",,,,,"","사용자 제공 체류시간 범위 90~120분, 관광 명소(문화·자연 포함). 일정 여유를 위해 상한 적용. 실제 관람 소요시간이 아닌 추정값.","","https://www.openstreetmap.org/node/14097975136","","","","https://github.com/travel-recommender/gachilo/issues/1","","","area | address | opening_hours | cost | covered | website | opening_hours_source | verified_at","identity_unconfirmed | address_unconfirmed","OSM상 포토존 오브젝트. 음식점으로 해석하지 않음. 현존 여부 확인 필요. | 2026-09-28 Google Maps 검색 및 OSM 주소 태그 확인: 일치 장소의 주소 확보 실패. 주변 점포 주소를 대신 넣지 않음.","false","{""name"":{""kind"":""osm"",""url"":""https://www.openstreetmap.org/node/14097975136""},""category"":{""kind"":""osm"",""url"":""https://www.openstreetmap.org/node/14097975136""},""latitude"":{""kind"":""osm"",""url"":""https://www.openstreetmap.org/node/14097975136""},""longitude"":{""kind"":""osm"",""url"":""https://www.openstreetmap.org/node/14097975136""},""name_ko"":{""kind"":""editorial_korean_translation"",""urls"":[""https://www.openstreetmap.org/node/14097975136""],""checked_at"":""2026-09-28"",""revision"":""map_addresses_20260928"",""note"":""OSM name:ja-Hira=つつみぎょーざ, name:ja-Latn=Tsutsumi Gyōza, man_made=cutout 근거. 음식점이 아닌 사진 촬영 오브젝트.""},""bag_load"":{""kind"":""team_rule_estimate"",""urls"":[""https://github.com/travel-recommender/gachilo/issues/1""],""checked_at"":""2026-09-29"",""revision"":""team_planning_rules_20260929"",""note"":""기존 get_luggage_score와 동일: 쇼핑 2, 지정 시장·상점가·아메리카무라·신세카이 1, 나머지 0. kg가 아닌 상대 점수.""},""stay_min"":{""kind"":""team_rule_estimate"",""urls"":[""https://github.com/travel-recommender/gachilo/issues/1""],""checked_at"":""2026-09-29"",""revision"":""team_planning_rules_20260929"",""note"":""사용자 제공 체류시간 범위 90~120분, 관광 명소(문화·자연 포함). 일정 여유를 위해 상한 적용. 실제 관람 소요시간이 아닌 추정값.""}}"
"osaka_draft_85b3463e84b9","太閤下水見学施設","다이코 하수도 견학시설","명소","大阪市中央区","大阪市中央区農人橋1-3-3","34.6801037","135.5144665",,"0","120","0",,"https://www.city.osaka.lg.jp/kensetsu/page/0000010446.html",,"2026-09-30","오사카시 지하 견학은 무료, 약 20분, 사전 신청 필요. 지상 관찰창과 지하 견학을 구분. 평일 09:00~17:30은 담당 부서 연락 시간으로 방문 영업시간에 입력하지 않음. 체류시간은 이동·대기 포함 기존 팀 추정값 유지.","사용자 제공 체류시간 범위 90~120분, 관광 명소(문화·자연 포함). 일정 여유를 위해 상한 적용. 실제 관람 소요시간이 아닌 추정값.","","https://www.openstreetmap.org/node/10123924015","https://www.city.osaka.lg.jp/kensetsu/page/0000010446.html","https://www.city.osaka.lg.jp/kensetsu/page/0000010446.html","https://www.city.osaka.lg.jp/kensetsu/page/0000010446.html","https://github.com/travel-recommender/gachilo/issues/1","","https://www.city.osaka.lg.jp/kensetsu/page/0000010446.html","opening_hours | covered | opening_hours_source","reservation_required","지상 관람창과 지하 견학 구분. 지하 견학은 사전 신청. 연락처 접수시간을 관람시간으로 사용하지 않음. | 기존 공식 검증 기록의 시설 안내 페이지를 다시 열어 관련 시설·지점을 확인. 전용 홈페이지가 없는 공원은 시청 공식 소개 링크 사용. | 2026-09-30: 오사카시 지하 견학은 무료, 약 20분, 사전 신청 필요. 지상 관찰창과 지하 견학을 구분. 평일 09:00~17:30은 담당 부서 연락 시간으로 방문 영업시간에 입력하지 않음. 체류시간은 이동·대기 포함 기존 팀 추정값 유지.","false","{""name"":{""kind"":""osm"",""url"":""https://www.openstreetmap.org/node/10123924015""},""category"":{""kind"":""osm"",""url"":""https://www.openstreetmap.org/node/10123924015""},""latitude"":{""kind"":""osm"",""url"":""https://www.openstreetmap.org/node/10123924015""},""longitude"":{""kind"":""osm"",""url"":""https://www.openstreetmap.org/node/10123924015""},""address"":{""kind"":""official_web_review"",""urls"":[""https://www.city.osaka.lg.jp/kensetsu/page/0000010446.html""],""checked_at"":""2026-09-26"",""evidence_window"":""2026-09-24/2026-09-26""},""verified_at"":{""kind"":""official_site"",""urls"":[""https://www.city.osaka.lg.jp/kensetsu/page/0000010446.html""],""checked_at"":""2026-09-30"",""revision"":""operating_review_20260930"",""note"":""오사카시 지하 견학은 무료, 약 20분, 사전 신청 필요. 지상 관찰창과 지하 견학을 구분. 평일 09:00~17:30은 담당 부서 연락 시간으로 방문 영업시간에 입력하지 않음. 체류시간은 이동·대기 포함 기존 팀 추정값 유지.""},""website"":{""kind"":""official_web_review"",""urls"":[""https://www.city.osaka.lg.jp/kensetsu/page/0000010446.html""],""checked_at"":""2026-09-28"",""note"":""기존 공식 검증 기록의 시설 안내 페이지를 다시 열어 관련 시설·지점을 확인. 전용 홈페이지가 없는 공원은 시청 공식 소개 링크 사용.""},""area"":{""kind"":""derived_from_official_address"",""urls"":[""https://www.city.osaka.lg.jp/kensetsu/page/0000010446.html""],""checked_at"":""2026-09-26"",""derived_at"":""2026-09-28"",""note"":""공식 출처 주소의 행정구만 추출. 관광 권역·출입구 좌표 추정 아님.""},""name_ko"":{""kind"":""editorial_korean_translation"",""urls"":[""https://www.openstreetmap.org/node/10123924015""],""checked_at"":""2026-09-28"",""revision"":""korean_display_names_20260928"",""original_name"":""太閤下水見学施設"",""note"":""검토 편의를 위한 원문 기반 한국어 번역·음역. 공식 한국어 명칭 또는 지점 검증 완료를 의미하지 않음. 원문 name을 검색 시 함께 사용.""},""bag_load"":{""kind"":""team_rule_estimate"",""urls"":[""https://github.com/travel-recommender/gachilo/issues/1""],""checked_at"":""2026-09-29"",""revision"":""team_planning_rules_20260929"",""note"":""기존 get_luggage_score와 동일: 쇼핑 2, 지정 시장·상점가·아메리카무라·신세카이 1, 나머지 0. kg가 아닌 상대 점수.""},""stay_min"":{""kind"":""team_rule_estimate"",""urls"":[""https://github.com/travel-recommender/gachilo/issues/1""],""checked_at"":""2026-09-29"",""revision"":""team_planning_rules_20260929"",""note"":""사용자 제공 체류시간 범위 90~120분, 관광 명소(문화·자연 포함). 일정 여유를 위해 상한 적용. 실제 관람 소요시간이 아닌 추정값.""},""cost"":{""kind"":""official_site"",""urls"":[""https://www.city.osaka.lg.jp/kensetsu/page/0000010446.html""],""checked_at"":""2026-09-30"",""revision"":""operating_review_20260930"",""note"":""오사카시 지하 견학은 무료, 약 20분, 사전 신청 필요. 지상 관찰창과 지하 견학을 구분. 평일 09:00~17:30은 담당 부서 연락 시간으로 방문 영업시간에 입력하지 않음. 체류시간은 이동·대기 포함 기존 팀 추정값 유지.""}}"
"osaka_draft_5a243c3857f7","松栄堂","쇼에이도","명소","大阪市中央区","大阪市中央区本町3-6-4 1F","34.6829159","135.5009368","평일 10:00–19:00; 토·일·공휴일 10:00–18:00; 연말연시 예외",,"120","0",,"https://www.shoyeido.co.jp/shop-info/osaka.html","https://www.shoyeido.co.jp/shop-info/osaka.html","2026-09-28","","사용자 제공 체류시간 범위 90~120분, 관광 명소(문화·자연 포함). 일정 여유를 위해 상한 적용. 실제 관람 소요시간이 아닌 추정값.","","https://www.openstreetmap.org/node/7573379495","https://www.shoyeido.co.jp/shop-info/osaka.html","https://www.shoyeido.co.jp/shop-info/osaka.html","","https://github.com/travel-recommender/gachilo/issues/1","","https://www.shoyeido.co.jp/shop-info/osaka.html","cost | covered","","기존 공식 검증 기록의 시설 안내 페이지를 다시 열어 관련 시설·지점을 확인. 전용 홈페이지가 없는 공원은 시청 공식 소개 링크 사용.","false","{""name"":{""kind"":""osm"",""url"":""https://www.openstreetmap.org/node/7573379495""},""category"":{""kind"":""osm"",""url"":""https://www.openstreetmap.org/node/7573379495""},""latitude"":{""kind"":""osm"",""url"":""https://www.openstreetmap.org/node/7573379495""},""longitude"":{""kind"":""osm"",""url"":""https://www.openstreetmap.org/node/7573379495""},""address"":{""kind"":""official_web_review"",""urls"":[""https://www.shoyeido.co.jp/shop-info/osaka.html""],""checked_at"":""2026-09-26"",""evidence_window"":""2026-09-24/2026-09-26""},""opening_hours"":{""kind"":""official_web_review"",""urls"":[""https://www.shoyeido.co.jp/shop-info/osaka.html""],""checked_at"":""2026-09-26"",""evidence_window"":""2026-09-24/2026-09-26""},""opening_hours_source"":{""kind"":""official_web_review"",""urls"":[""https://www.shoyeido.co.jp/shop-info/osaka.html""],""checked_at"":""2026-09-26"",""evidence_window"":""2026-09-24/2026-09-26""},""verified_at"":{""kind"":""review_date_only"",""note"":""이번에 확인한 필드만 검증. 전체 필드·영업 상태 검증을 뜻하지 않음."",""check_id"":""official_fields_20260928""},""website"":{""kind"":""official_web_review"",""urls"":[""https://www.shoyeido.co.jp/shop-info/osaka.html""],""checked_at"":""2026-09-28"",""note"":""기존 공식 검증 기록의 시설 안내 페이지를 다시 열어 관련 시설·지점을 확인. 전용 홈페이지가 없는 공원은 시청 공식 소개 링크 사용.""},""area"":{""kind"":""derived_from_official_address"",""urls"":[""https://www.shoyeido.co.jp/shop-info/osaka.html""],""checked_at"":""2026-09-26"",""derived_at"":""2026-09-28"",""note"":""공식 출처 주소의 행정구만 추출. 관광 권역·출입구 좌표 추정 아님.""},""name_ko"":{""kind"":""editorial_korean_translation"",""urls"":[""https://www.openstreetmap.org/node/7573379495""],""checked_at"":""2026-09-28"",""revision"":""korean_display_names_20260928"",""original_name"":""松栄堂"",""note"":""검토 편의를 위한 원문 기반 한국어 번역·음역. 공식 한국어 명칭 또는 지점 검증 완료를 의미하지 않음. 원문 name을 검색 시 함께 사용.""},""bag_load"":{""kind"":""team_rule_estimate"",""urls"":[""https://github.com/travel-recommender/gachilo/issues/1""],""checked_at"":""2026-09-29"",""revision"":""team_planning_rules_20260929"",""note"":""기존 get_luggage_score와 동일: 쇼핑 2, 지정 시장·상점가·아메리카무라·신세카이 1, 나머지 0. kg가 아닌 상대 점수.""},""stay_min"":{""kind"":""team_rule_estimate"",""urls"":[""https://github.com/travel-recommender/gachilo/issues/1""],""checked_at"":""2026-09-29"",""revision"":""team_planning_rules_20260929"",""note"":""사용자 제공 체류시간 범위 90~120분, 관광 명소(문화·자연 포함). 일정 여유를 위해 상한 적용. 실제 관람 소요시간이 아닌 추정값.""}}"
"osaka_draft_84378ff5ba08","毛馬閘門","게마 갑문","명소","大阪市都島区","3 Chome-7-8 Kemacho, Miyakojima Ward, Osaka, 534-0001 일본","34.7211475","135.5170669",,,"120","0",,,,,"","사용자 제공 체류시간 범위 90~120분, 관광 명소(문화·자연 포함). 일정 여유를 위해 상한 적용. 실제 관람 소요시간이 아닌 추정값.","","https://www.openstreetmap.org/node/9473994121","https://maps.google.com/?cid=4127091456824211896 | https://www.openstreetmap.org/node/9473994121","https://maps.google.com/?cid=4127091456824211896 | https://www.openstreetmap.org/node/9473994121","","https://github.com/travel-recommender/gachilo/issues/1","","","opening_hours | cost | covered | website | opening_hours_source | verified_at","access_conditions_unconfirmed","현재 갑문과 역사시설 구분, 견학 가능 여부 확인 필요. | Google Maps 장소명·주소와 기존 OSM 위치 대조. 지도 지점 좌표 차이 8.4m. 주소만 확인했으며 영업시간 검증 아님.","false","{""name"":{""kind"":""osm"",""url"":""https://www.openstreetmap.org/node/9473994121""},""category"":{""kind"":""osm"",""url"":""https://www.openstreetmap.org/node/9473994121""},""latitude"":{""kind"":""osm"",""url"":""https://www.openstreetmap.org/node/9473994121""},""longitude"":{""kind"":""osm"",""url"":""https://www.openstreetmap.org/node/9473994121""},""name_ko"":{""kind"":""editorial_korean_translation"",""urls"":[""https://www.openstreetmap.org/node/9473994121""],""checked_at"":""2026-09-28"",""revision"":""korean_display_names_20260928"",""original_name"":""毛馬閘門"",""note"":""검토 편의를 위한 원문 기반 한국어 번역·음역. 공식 한국어 명칭 또는 지점 검증 완료를 의미하지 않음. 원문 name을 검색 시 함께 사용.""},""address"":{""kind"":""google_maps_ui_review"",""urls"":[""https://maps.google.com/?cid=4127091456824211896"",""https://www.openstreetmap.org/node/9473994121""],""checked_at"":""2026-09-28"",""revision"":""map_addresses_20260928"",""note"":""Google Maps 장소명·주소와 기존 OSM 위치 대조. 지도 지점 좌표 차이 8.4m. 주소만 확인했으며 영업시간 검증 아님.""},""area"":{""kind"":""derived_from_map_address"",""urls"":[""https://maps.google.com/?cid=4127091456824211896"",""https://www.openstreetmap.org/node/9473994121""],""checked_at"":""2026-09-28"",""revision"":""map_addresses_20260928"",""note"":""Google Maps 장소명·주소와 기존 OSM 위치 대조. 지도 지점 좌표 차이 8.4m. 주소만 확인했으며 영업시간 검증 아님.""},""bag_load"":{""kind"":""team_rule_estimate"",""urls"":[""https://github.com/travel-recommender/gachilo/issues/1""],""checked_at"":""2026-09-29"",""revision"":""team_planning_rules_20260929"",""note"":""기존 get_luggage_score와 동일: 쇼핑 2, 지정 시장·상점가·아메리카무라·신세카이 1, 나머지 0. kg가 아닌 상대 점수.""},""stay_min"":{""kind"":""team_rule_estimate"",""urls"":[""https://github.com/travel-recommender/gachilo/issues/1""],""checked_at"":""2026-09-29"",""revision"":""team_planning_rules_20260929"",""note"":""사용자 제공 체류시간 범위 90~120분, 관광 명소(문화·자연 포함). 일정 여유를 위해 상한 적용. 실제 관람 소요시간이 아닌 추정값.""}}"
"osaka_draft_0cc625078422","湊町リバープレイス","미나토마치 리버플레이스","명소","大阪市浪速区","大阪市浪速区湊町1-3-1","34.6687571","135.4954509","10:00–22:00; 점포별 예외; 1월 1–3일 휴관",,"90","0",,"https://osaka-heartfulweb.jp/facility-info.php?n=114","https://osaka-heartfulweb.jp/facility-info.php?n=114","2026-09-28","","사용자 제공 체류시간 범위 60~90분, 전망대. 일정 여유를 위해 상한 적용. 실제 관람 소요시간이 아닌 추정값.","","https://www.openstreetmap.org/node/4586417789","https://osaka-heartfulweb.jp/facility-info.php?n=114","https://osaka-heartfulweb.jp/facility-info.php?n=114","","https://github.com/travel-recommender/gachilo/issues/1","","https://osaka-heartfulweb.jp/facility-info.php?n=114","cost | covered","","기존 공식 검증 기록의 시설 안내 페이지를 다시 열어 관련 시설·지점을 확인. 전용 홈페이지가 없는 공원은 시청 공식 소개 링크 사용.","false","{""name"":{""kind"":""osm"",""url"":""https://www.openstreetmap.org/node/4586417789""},""category"":{""kind"":""osm"",""url"":""https://www.openstreetmap.org/node/4586417789""},""latitude"":{""kind"":""osm"",""url"":""https://www.openstreetmap.org/node/4586417789""},""longitude"":{""kind"":""osm"",""url"":""https://www.openstreetmap.org/node/4586417789""},""address"":{""kind"":""official_tourism_review"",""urls"":[""https://osaka-heartfulweb.jp/facility-info.php?n=114""],""checked_at"":""2026-09-26"",""evidence_window"":""2026-09-24/2026-09-26""},""opening_hours"":{""kind"":""official_tourism_review"",""urls"":[""https://osaka-heartfulweb.jp/facility-info.php?n=114""],""checked_at"":""2026-09-26"",""evidence_window"":""2026-09-24/2026-09-26""},""opening_hours_source"":{""kind"":""official_tourism_review"",""urls"":[""https://osaka-heartfulweb.jp/facility-info.php?n=114""],""checked_at"":""2026-09-26"",""evidence_window"":""2026-09-24/2026-09-26""},""verified_at"":{""kind"":""review_date_only"",""note"":""이번에 확인한 필드만 검증. 전체 필드·영업 상태 검증을 뜻하지 않음."",""check_id"":""official_fields_20260928""},""website"":{""kind"":""official_web_review"",""urls"":[""https://osaka-heartfulweb.jp/facility-info.php?n=114""],""checked_at"":""2026-09-28"",""note"":""기존 공식 검증 기록의 시설 안내 페이지를 다시 열어 관련 시설·지점을 확인. 전용 홈페이지가 없는 공원은 시청 공식 소개 링크 사용.""},""area"":{""kind"":""derived_from_official_address"",""urls"":[""https://osaka-heartfulweb.jp/facility-info.php?n=114""],""checked_at"":""2026-09-26"",""derived_at"":""2026-09-28"",""note"":""공식 출처 주소의 행정구만 추출. 관광 권역·출입구 좌표 추정 아님.""},""name_ko"":{""kind"":""editorial_korean_translation"",""urls"":[""https://www.openstreetmap.org/node/4586417789""],""checked_at"":""2026-09-28"",""revision"":""korean_display_names_20260928"",""original_name"":""湊町リバープレイス"",""note"":""검토 편의를 위한 원문 기반 한국어 번역·음역. 공식 한국어 명칭 또는 지점 검증 완료를 의미하지 않음. 원문 name을 검색 시 함께 사용.""},""bag_load"":{""kind"":""team_rule_estimate"",""urls"":[""https://github.com/travel-recommender/gachilo/issues/1""],""checked_at"":""2026-09-29"",""revision"":""team_planning_rules_20260929"",""note"":""기존 get_luggage_score와 동일: 쇼핑 2, 지정 시장·상점가·아메리카무라·신세카이 1, 나머지 0. kg가 아닌 상대 점수.""},""stay_min"":{""kind"":""team_rule_estimate"",""urls"":[""https://github.com/travel-recommender/gachilo/issues/1""],""checked_at"":""2026-09-29"",""revision"":""team_planning_rules_20260929"",""note"":""사용자 제공 체류시간 범위 60~90분, 전망대. 일정 여유를 위해 상한 적용. 실제 관람 소요시간이 아닌 추정값.""}}"
"osaka_draft_300825840acb","Akiba Kart Osaka","아키바 카트 오사카","명소","大阪市浪速区","大阪市浪速区日本橋5-5-2 森本ビルII","34.6611047","135.5070825","10:00–21:30",,"120","0",,"https://osakakart.com/en/","https://osakakart.com/en/access/","2026-09-26","","사용자 제공 체류시간 범위 90~120분, 관광 명소(문화·자연 포함). 일정 여유를 위해 상한 적용. 실제 관람 소요시간이 아닌 추정값.","","https://www.openstreetmap.org/node/10857445433","https://osakakart.com/en/access/","https://osakakart.com/en/access/","","https://github.com/travel-recommender/gachilo/issues/1","","","cost | covered","","체험 예약과 참가 조건은 별도 확인.","false","{""name"":{""kind"":""osm"",""url"":""https://www.openstreetmap.org/node/10857445433""},""category"":{""kind"":""osm"",""url"":""https://www.openstreetmap.org/node/10857445433""},""latitude"":{""kind"":""osm"",""url"":""https://www.openstreetmap.org/node/10857445433""},""longitude"":{""kind"":""osm"",""url"":""https://www.openstreetmap.org/node/10857445433""},""website"":{""kind"":""osm"",""url"":""https://www.openstreetmap.org/node/10857445433""},""address"":{""kind"":""official_web_review"",""urls"":[""https://osakakart.com/en/access/""],""checked_at"":""2026-09-26"",""evidence_window"":""2026-09-24/2026-09-26""},""opening_hours"":{""kind"":""official_web_review"",""urls"":[""https://osakakart.com/en/access/""],""checked_at"":""2026-09-26"",""evidence_window"":""2026-09-24/2026-09-26""},""opening_hours_source"":{""kind"":""official_web_review"",""urls"":[""https://osakakart.com/en/access/""],""checked_at"":""2026-09-26"",""evidence_window"":""2026-09-24/2026-09-26""},""verified_at"":{""kind"":""review_date_only"",""check_id"":""osaka_draft_300825840acb_address_hours_20260926"",""note"":""장소 전체 또는 일정 사용 가능 판정이 아님. 검증 범위는 필드 출처 참조.""},""area"":{""kind"":""derived_from_official_address"",""urls"":[""https://osakakart.com/en/access/""],""checked_at"":""2026-09-26"",""derived_at"":""2026-09-28"",""note"":""공식 출처 주소의 행정구만 추출. 관광 권역·출입구 좌표 추정 아님.""},""name_ko"":{""kind"":""editorial_korean_translation"",""urls"":[""https://www.openstreetmap.org/node/10857445433""],""checked_at"":""2026-09-28"",""revision"":""korean_display_names_20260928"",""original_name"":""Akiba Kart Osaka"",""note"":""검토 편의를 위한 원문 기반 한국어 번역·음역. 공식 한국어 명칭 또는 지점 검증 완료를 의미하지 않음. 원문 name을 검색 시 함께 사용.""},""bag_load"":{""kind"":""team_rule_estimate"",""urls"":[""https://github.com/travel-recommender/gachilo/issues/1""],""checked_at"":""2026-09-29"",""revision"":""team_planning_rules_20260929"",""note"":""기존 get_luggage_score와 동일: 쇼핑 2, 지정 시장·상점가·아메리카무라·신세카이 1, 나머지 0. kg가 아닌 상대 점수.""},""stay_min"":{""kind"":""team_rule_estimate"",""urls"":[""https://github.com/travel-recommender/gachilo/issues/1""],""checked_at"":""2026-09-29"",""revision"":""team_planning_rules_20260929"",""note"":""사용자 제공 체류시간 범위 90~120분, 관광 명소(문화·자연 포함). 일정 여유를 위해 상한 적용. 실제 관람 소요시간이 아닌 추정값.""}}"
"osaka_draft_7c98da5a96f9","大阪くらしの今昔館","오사카 주택박물관","문화","大阪市北区","大阪市北区天神橋6丁目4-20 住まい情報センタービル8階","34.7104664","135.5114334","We-Mo 10:00-17:00","600","120","0","true","https://www.osaka-angenet.jp/konjyakukan/",,"2026-09-28","성인 개인 일반 관람료 600엔, 실내 전시장 기준. 기존 임시휴관 경고는 유지하며 방문일 운영 여부 별도 확인. 특별전·유료 짐 보관료 제외.","사용자 제공 체류시간 범위 90~120분, 관광 명소(문화·자연 포함). 일정 여유를 위해 상한 적용. 실제 관람 소요시간이 아닌 추정값.","성인 개인 일반 관람료 600엔, 실내 전시장 기준. 기존 임시휴관 경고는 유지하며 방문일 운영 여부 별도 확인. 특별전·유료 짐 보관료 제외.","","https://www.osaka-angenet.jp/konjyakukan/","https://www.osaka-angenet.jp/konjyakukan/","https://www.osaka-angenet.jp/konjyakukan/faq","https://github.com/travel-recommender/gachilo/issues/1","https://www.osaka-angenet.jp/konjyakukan/faq","","opening_hours_source","temporary_closure","2026-09-01부터 2027-01-05까지 휴관. 기존 정규 운영시간으로 방문 가능 판단 금지. | 성인 개인 일반 관람료 600엔, 실내 전시장 기준. 기존 임시휴관 경고는 유지하며 방문일 운영 여부 별도 확인. 특별전·유료 짐 보관료 제외.","false","{""name"":{""kind"":""osm"",""url"":""https://www.openstreetmap.org/node/4419665990""},""name_ko"":{""kind"":""previous_draft_not_reverified"",""place_id"":""osaka_draft_7c98da5a96f9""},""category"":{""kind"":""osm"",""url"":""https://www.openstreetmap.org/node/4419665990""},""latitude"":{""kind"":""osm"",""url"":""https://www.openstreetmap.org/node/4419665990""},""longitude"":{""kind"":""osm"",""url"":""https://www.openstreetmap.org/node/4419665990""},""opening_hours"":{""kind"":""osm"",""url"":""https://www.openstreetmap.org/node/4419665990""},""website"":{""kind"":""osm"",""url"":""https://www.openstreetmap.org/node/4419665990""},""address"":{""kind"":""official_web_review"",""urls"":[""https://www.osaka-angenet.jp/konjyakukan/""],""checked_at"":""2026-09-26"",""evidence_window"":""2026-09-24/2026-09-26""},""verified_at"":{""kind"":""review_date_only"",""urls"":[""https://www.osaka-angenet.jp/konjyakukan/faq""],""checked_at"":""2026-09-28"",""note"":""성인 개인 일반 관람료 600엔, 실내 전시장 기준. 기존 임시휴관 경고는 유지하며 방문일 운영 여부 별도 확인. 특별전·유료 짐 보관료 제외."",""revision"":""official_fields_20260928_v2""},""area"":{""kind"":""derived_from_official_address"",""urls"":[""https://www.osaka-angenet.jp/konjyakukan/""],""checked_at"":""2026-09-26"",""derived_at"":""2026-09-28"",""note"":""공식 출처 주소의 행정구만 추출. 관광 권역·출입구 좌표 추정 아님.""},""cost"":{""kind"":""official_web_review"",""urls"":[""https://www.osaka-angenet.jp/konjyakukan/faq""],""checked_at"":""2026-09-28"",""note"":""성인 개인 일반 관람료 600엔, 실내 전시장 기준. 기존 임시휴관 경고는 유지하며 방문일 운영 여부 별도 확인. 특별전·유료 짐 보관료 제외."",""revision"":""official_fields_20260928_v2""},""covered"":{""kind"":""classification_from_official_description"",""urls"":[""https://www.osaka-angenet.jp/konjyakukan/faq""],""checked_at"":""2026-09-28"",""note"":""성인 개인 일반 관람료 600엔, 실내 전시장 기준. 기존 임시휴관 경고는 유지하며 방문일 운영 여부 별도 확인. 특별전·유료 짐 보관료 제외."",""revision"":""official_fields_20260928_v2""},""bag_load"":{""kind"":""team_rule_estimate"",""urls"":[""https://github.com/travel-recommender/gachilo/issues/1""],""checked_at"":""2026-09-29"",""revision"":""team_planning_rules_20260929"",""note"":""기존 get_luggage_score와 동일: 쇼핑 2, 지정 시장·상점가·아메리카무라·신세카이 1, 나머지 0. kg가 아닌 상대 점수.""},""stay_min"":{""kind"":""team_rule_estimate"",""urls"":[""https://github.com/travel-recommender/gachilo/issues/1""],""checked_at"":""2026-09-29"",""revision"":""team_planning_rules_20260929"",""note"":""사용자 제공 체류시간 범위 90~120분, 관광 명소(문화·자연 포함). 일정 여유를 위해 상한 적용. 실제 관람 소요시간이 아닌 추정값.""}}"
"osaka_draft_1cbe7e7894c8","くすりの道修町資料館","약의 도쇼마치 자료관","문화","大阪市中央区","大阪市中央区道修町2-1-8 少彦名神社社務所ビル3F","34.6886356","135.5059954","월–토 10:00–16:00(입장 15:30까지); 일·공휴일, 8월 11–16일, 12월 28일–1월 4일 휴관","0","120","0","true","https://www.sinnosan.jp/kusuri/","https://www.sinnosan.jp/kusuri/","2026-09-28","무료 입장, 신사 사무소 건물 3층 자료관의 실내 전시 기준.","사용자 제공 체류시간 범위 90~120분, 관광 명소(문화·자연 포함). 일정 여유를 위해 상한 적용. 실제 관람 소요시간이 아닌 추정값.","무료 입장, 신사 사무소 건물 3층 자료관의 실내 전시 기준.","https://www.openstreetmap.org/node/6549326466","https://www.sinnosan.jp/kusuri/","https://www.sinnosan.jp/kusuri/","https://www.sinnosan.jp/kusuri/","https://github.com/travel-recommender/gachilo/issues/1","https://www.sinnosan.jp/kusuri/","","","","무료 입장, 신사 사무소 건물 3층 자료관의 실내 전시 기준.","false","{""name"":{""kind"":""osm"",""url"":""https://www.openstreetmap.org/node/6549326466""},""category"":{""kind"":""osm"",""url"":""https://www.openstreetmap.org/node/6549326466""},""latitude"":{""kind"":""osm"",""url"":""https://www.openstreetmap.org/node/6549326466""},""longitude"":{""kind"":""osm"",""url"":""https://www.openstreetmap.org/node/6549326466""},""opening_hours"":{""kind"":""official_web_review"",""urls"":[""https://www.sinnosan.jp/kusuri/""],""checked_at"":""2026-09-26"",""evidence_window"":""2026-09-24/2026-09-26""},""website"":{""kind"":""osm"",""url"":""https://www.openstreetmap.org/node/6549326466""},""address"":{""kind"":""official_web_review"",""urls"":[""https://www.sinnosan.jp/kusuri/""],""checked_at"":""2026-09-26"",""evidence_window"":""2026-09-24/2026-09-26""},""opening_hours_source"":{""kind"":""official_web_review"",""urls"":[""https://www.sinnosan.jp/kusuri/""],""checked_at"":""2026-09-26"",""evidence_window"":""2026-09-24/2026-09-26""},""verified_at"":{""kind"":""review_date_only"",""note"":""이번에 확인한 필드만 검증. 전체 필드·영업 상태 검증을 뜻하지 않음."",""check_id"":""official_fields_20260928""},""cost"":{""kind"":""official_web_review"",""urls"":[""https://www.sinnosan.jp/kusuri/""],""checked_at"":""2026-09-28"",""note"":""무료 입장, 신사 사무소 건물 3층 자료관의 실내 전시 기준.""},""covered"":{""kind"":""classification_from_official_description"",""urls"":[""https://www.sinnosan.jp/kusuri/""],""checked_at"":""2026-09-28"",""note"":""무료 입장, 신사 사무소 건물 3층 자료관의 실내 전시 기준.""},""area"":{""kind"":""derived_from_official_address"",""urls"":[""https://www.sinnosan.jp/kusuri/""],""checked_at"":""2026-09-26"",""derived_at"":""2026-09-28"",""note"":""공식 출처 주소의 행정구만 추출. 관광 권역·출입구 좌표 추정 아님.""},""name_ko"":{""kind"":""editorial_korean_translation"",""urls"":[""https://www.openstreetmap.org/node/6549326466""],""checked_at"":""2026-09-28"",""revision"":""korean_display_names_20260928"",""original_name"":""くすりの道修町資料館"",""note"":""검토 편의를 위한 원문 기반 한국어 번역·음역. 공식 한국어 명칭 또는 지점 검증 완료를 의미하지 않음. 원문 name을 검색 시 함께 사용.""},""bag_load"":{""kind"":""team_rule_estimate"",""urls"":[""https://github.com/travel-recommender/gachilo/issues/1""],""checked_at"":""2026-09-29"",""revision"":""team_planning_rules_20260929"",""note"":""기존 get_luggage_score와 동일: 쇼핑 2, 지정 시장·상점가·아메리카무라·신세카이 1, 나머지 0. kg가 아닌 상대 점수.""},""stay_min"":{""kind"":""team_rule_estimate"",""urls"":[""https://github.com/travel-recommender/gachilo/issues/1""],""checked_at"":""2026-09-29"",""revision"":""team_planning_rules_20260929"",""note"":""사용자 제공 체류시간 범위 90~120분, 관광 명소(문화·자연 포함). 일정 여유를 위해 상한 적용. 실제 관람 소요시간이 아닌 추정값.""}}"
"osaka_draft_50b7a6cc608f","まほうびん記念館","보온병 기념관","문화","大阪市北区","大阪市北区天満1丁目20番5号 象印本社1F","34.6954604","135.5182208","평일 10:00–12:00, 13:00–16:00; 사전 예약 필수; 토·일·공휴일 및 회사 휴무일 휴관","0","50","0","true","https://www.zojirushi.co.jp/corp/kinenkan/","https://www.zojirushi.co.jp/corp/kinenkan/","2026-09-28","무료 입장, 공식 견학 소요시간 약 50분, 본사 1층 실내. 2일 전 예약 필요; 예약 제한은 유지.","무료 입장, 공식 견학 소요시간 약 50분, 본사 1층 실내. 2일 전 예약 필요; 예약 제한은 유지.","무료 입장, 공식 견학 소요시간 약 50분, 본사 1층 실내. 2일 전 예약 필요; 예약 제한은 유지.","https://www.openstreetmap.org/node/3904064434","https://www.zojirushi.co.jp/corp/kinenkan/","https://www.zojirushi.co.jp/corp/kinenkan/","https://www.zojirushi.co.jp/corp/kinenkan/","https://www.zojirushi.co.jp/corp/kinenkan/","https://www.zojirushi.co.jp/corp/kinenkan/","","","reservation_required","투어 시작 10·11·13·14·15시. 자유 입장 시설이 아님. | 무료 입장, 공식 견학 소요시간 약 50분, 본사 1층 실내. 2일 전 예약 필요; 예약 제한은 유지.","false","{""name"":{""kind"":""osm"",""url"":""https://www.openstreetmap.org/node/3904064434""},""category"":{""kind"":""osm"",""url"":""https://www.openstreetmap.org/node/3904064434""},""latitude"":{""kind"":""osm"",""url"":""https://www.openstreetmap.org/node/3904064434""},""longitude"":{""kind"":""osm"",""url"":""https://www.openstreetmap.org/node/3904064434""},""opening_hours"":{""kind"":""official_web_review"",""urls"":[""https://www.zojirushi.co.jp/corp/kinenkan/""],""checked_at"":""2026-09-26"",""evidence_window"":""2026-09-24/2026-09-26""},""website"":{""kind"":""osm"",""url"":""https://www.openstreetmap.org/node/3904064434""},""address"":{""kind"":""official_web_review"",""urls"":[""https://www.zojirushi.co.jp/corp/kinenkan/""],""checked_at"":""2026-09-26"",""evidence_window"":""2026-09-24/2026-09-26""},""opening_hours_source"":{""kind"":""official_web_review"",""urls"":[""https://www.zojirushi.co.jp/corp/kinenkan/""],""checked_at"":""2026-09-26"",""evidence_window"":""2026-09-24/2026-09-26""},""verified_at"":{""kind"":""review_date_only"",""note"":""이번에 확인한 필드만 검증. 전체 필드·영업 상태 검증을 뜻하지 않음."",""check_id"":""official_fields_20260928""},""cost"":{""kind"":""official_web_review"",""urls"":[""https://www.zojirushi.co.jp/corp/kinenkan/""],""checked_at"":""2026-09-28"",""note"":""무료 입장, 공식 견학 소요시간 약 50분, 본사 1층 실내. 2일 전 예약 필요; 예약 제한은 유지.""},""stay_min"":{""kind"":""official_web_review"",""urls"":[""https://www.zojirushi.co.jp/corp/kinenkan/""],""checked_at"":""2026-09-28"",""note"":""무료 입장, 공식 견학 소요시간 약 50분, 본사 1층 실내. 2일 전 예약 필요; 예약 제한은 유지.""},""covered"":{""kind"":""classification_from_official_description"",""urls"":[""https://www.zojirushi.co.jp/corp/kinenkan/""],""checked_at"":""2026-09-28"",""note"":""무료 입장, 공식 견학 소요시간 약 50분, 본사 1층 실내. 2일 전 예약 필요; 예약 제한은 유지.""},""area"":{""kind"":""derived_from_official_address"",""urls"":[""https://www.zojirushi.co.jp/corp/kinenkan/""],""checked_at"":""2026-09-26"",""derived_at"":""2026-09-28"",""note"":""공식 출처 주소의 행정구만 추출. 관광 권역·출입구 좌표 추정 아님.""},""name_ko"":{""kind"":""editorial_korean_translation"",""urls"":[""https://www.openstreetmap.org/node/3904064434""],""checked_at"":""2026-09-28"",""revision"":""korean_display_names_20260928"",""original_name"":""まほうびん記念館"",""note"":""검토 편의를 위한 원문 기반 한국어 번역·음역. 공식 한국어 명칭 또는 지점 검증 완료를 의미하지 않음. 원문 name을 검색 시 함께 사용.""},""bag_load"":{""kind"":""team_rule_estimate"",""urls"":[""https://github.com/travel-recommender/gachilo/issues/1""],""checked_at"":""2026-09-29"",""revision"":""team_planning_rules_20260929"",""note"":""기존 get_luggage_score와 동일: 쇼핑 2, 지정 시장·상점가·아메리카무라·신세카이 1, 나머지 0. kg가 아닌 상대 점수.""}}"
"osaka_draft_c99cbfbd0f92","アートコートギャラリー","아트코트 갤러리","문화","大阪市北区","大阪市北区天満橋1-8-5 OAPアートコート1F","34.6990843","135.5209862","화–금 11:00–18:00; 토 11:00–17:00; 전시 일정 별도 확인",,"120","0",,"https://www.artcourtgallery.com/","https://www.artcourtgallery.com/eng/access/","2026-09-26","","사용자 제공 체류시간 범위 90~120분, 관광 명소(문화·자연 포함). 일정 여유를 위해 상한 적용. 실제 관람 소요시간이 아닌 추정값.","","https://www.openstreetmap.org/node/12270061636","https://www.artcourtgallery.com/eng/access/","https://www.artcourtgallery.com/eng/access/","","https://github.com/travel-recommender/gachilo/issues/1","","","cost | covered","","","false","{""name"":{""kind"":""osm"",""url"":""https://www.openstreetmap.org/node/12270061636""},""category"":{""kind"":""osm"",""url"":""https://www.openstreetmap.org/node/12270061636""},""latitude"":{""kind"":""osm"",""url"":""https://www.openstreetmap.org/node/12270061636""},""longitude"":{""kind"":""osm"",""url"":""https://www.openstreetmap.org/node/12270061636""},""opening_hours"":{""kind"":""official_web_review"",""urls"":[""https://www.artcourtgallery.com/eng/access/""],""checked_at"":""2026-09-26"",""evidence_window"":""2026-09-24/2026-09-26""},""website"":{""kind"":""osm"",""url"":""https://www.openstreetmap.org/node/12270061636""},""address"":{""kind"":""official_web_review"",""urls"":[""https://www.artcourtgallery.com/eng/access/""],""checked_at"":""2026-09-26"",""evidence_window"":""2026-09-24/2026-09-26""},""opening_hours_source"":{""kind"":""official_web_review"",""urls"":[""https://www.artcourtgallery.com/eng/access/""],""checked_at"":""2026-09-26"",""evidence_window"":""2026-09-24/2026-09-26""},""verified_at"":{""kind"":""review_date_only"",""check_id"":""osaka_draft_c99cbfbd0f92_address_hours_20260926"",""note"":""장소 전체 또는 일정 사용 가능 판정이 아님. 검증 범위는 필드 출처 참조.""},""area"":{""kind"":""derived_from_official_address"",""urls"":[""https://www.artcourtgallery.com/eng/access/""],""checked_at"":""2026-09-26"",""derived_at"":""2026-09-28"",""note"":""공식 출처 주소의 행정구만 추출. 관광 권역·출입구 좌표 추정 아님.""},""name_ko"":{""kind"":""editorial_korean_translation"",""urls"":[""https://www.openstreetmap.org/node/12270061636""],""checked_at"":""2026-09-28"",""revision"":""korean_display_names_20260928"",""original_name"":""アートコートギャラリー"",""note"":""검토 편의를 위한 원문 기반 한국어 번역·음역. 공식 한국어 명칭 또는 지점 검증 완료를 의미하지 않음. 원문 name을 검색 시 함께 사용.""},""bag_load"":{""kind"":""team_rule_estimate"",""urls"":[""https://github.com/travel-recommender/gachilo/issues/1""],""checked_at"":""2026-09-29"",""revision"":""team_planning_rules_20260929"",""note"":""기존 get_luggage_score와 동일: 쇼핑 2, 지정 시장·상점가·아메리카무라·신세카이 1, 나머지 0. kg가 아닌 상대 점수.""},""stay_min"":{""kind"":""team_rule_estimate"",""urls"":[""https://github.com/travel-recommender/gachilo/issues/1""],""checked_at"":""2026-09-29"",""revision"":""team_planning_rules_20260929"",""note"":""사용자 제공 체류시간 범위 90~120분, 관광 명소(문화·자연 포함). 일정 여유를 위해 상한 적용. 실제 관람 소요시간이 아닌 추정값.""}}"
"osaka_draft_6dbd8bbe7f48","上方浮世絵館","가미가타 우키요에관","문화","大阪市中央区","大阪市中央区難波1-6-4","34.6679703","135.5022045","11:00–18:00(입장 17:30까지); 월요일 휴관(공휴일이면 다음날)","700","120","0","true","http://www.kamigata.jp/","https://osaka-info.jp/special/coolosaka/cool-spot/1186/","2026-09-28","성인 일반 관람료 JPY. 실내 미술관; 판화 체험 별도.","사용자 제공 체류시간 범위 90~120분, 관광 명소(문화·자연 포함). 일정 여유를 위해 상한 적용. 실제 관람 소요시간이 아닌 추정값.","성인 일반 관람료 JPY. 실내 미술관; 판화 체험 별도.","https://www.openstreetmap.org/way/222632015","https://osaka-info.jp/special/coolosaka/cool-spot/1186/","https://osaka-info.jp/special/coolosaka/cool-spot/1186/","https://osaka-info.jp/special/coolosaka/cool-spot/1186/","https://github.com/travel-recommender/gachilo/issues/1","https://osaka-info.jp/special/coolosaka/cool-spot/1186/","","","","공식 상세 관람 안내 추가 확인 필요. | 성인 일반 관람료 JPY. 실내 미술관; 판화 체험 별도.","false","{""name"":{""kind"":""osm"",""url"":""https://www.openstreetmap.org/way/222632015""},""category"":{""kind"":""osm"",""url"":""https://www.openstreetmap.org/way/222632015""},""latitude"":{""kind"":""osm"",""url"":""https://www.openstreetmap.org/way/222632015""},""longitude"":{""kind"":""osm"",""url"":""https://www.openstreetmap.org/way/222632015""},""opening_hours"":{""kind"":""official_web_review"",""urls"":[""https://osaka-info.jp/special/coolosaka/cool-spot/1186/""],""checked_at"":""2026-09-28"",""note"":""성인 일반 관람료 JPY. 실내 미술관; 판화 체험 별도.""},""website"":{""kind"":""osm"",""url"":""https://www.openstreetmap.org/way/222632015""},""address"":{""kind"":""official_web_review"",""urls"":[""https://osaka-info.jp/special/coolosaka/cool-spot/1186/""],""checked_at"":""2026-09-28"",""note"":""성인 일반 관람료 JPY. 실내 미술관; 판화 체험 별도.""},""opening_hours_source"":{""kind"":""official_web_review"",""urls"":[""https://osaka-info.jp/special/coolosaka/cool-spot/1186/""],""checked_at"":""2026-09-28"",""note"":""성인 일반 관람료 JPY. 실내 미술관; 판화 체험 별도.""},""cost"":{""kind"":""official_web_review"",""urls"":[""https://osaka-info.jp/special/coolosaka/cool-spot/1186/""],""checked_at"":""2026-09-28"",""note"":""성인 일반 관람료 JPY. 실내 미술관; 판화 체험 별도.""},""covered"":{""kind"":""classification_from_official_description"",""urls"":[""https://osaka-info.jp/special/coolosaka/cool-spot/1186/""],""checked_at"":""2026-09-28"",""note"":""성인 일반 관람료 JPY. 실내 미술관; 판화 체험 별도.""},""verified_at"":{""kind"":""review_date_only"",""note"":""이번에 확인한 필드만 검증. 전체 필드·영업 상태 검증을 뜻하지 않음."",""check_id"":""official_fields_20260928""},""area"":{""kind"":""derived_from_official_address"",""urls"":[""https://osaka-info.jp/special/coolosaka/cool-spot/1186/""],""checked_at"":""2026-09-28"",""derived_at"":""2026-09-28"",""note"":""공식 출처 주소의 행정구만 추출. 관광 권역·출입구 좌표 추정 아님.""},""name_ko"":{""kind"":""editorial_korean_translation"",""urls"":[""https://www.openstreetmap.org/way/222632015""],""checked_at"":""2026-09-28"",""revision"":""korean_display_names_20260928"",""original_name"":""上方浮世絵館"",""note"":""검토 편의를 위한 원문 기반 한국어 번역·음역. 공식 한국어 명칭 또는 지점 검증 완료를 의미하지 않음. 원문 name을 검색 시 함께 사용.""},""bag_load"":{""kind"":""team_rule_estimate"",""urls"":[""https://github.com/travel-recommender/gachilo/issues/1""],""checked_at"":""2026-09-29"",""revision"":""team_planning_rules_20260929"",""note"":""기존 get_luggage_score와 동일: 쇼핑 2, 지정 시장·상점가·아메리카무라·신세카이 1, 나머지 0. kg가 아닌 상대 점수.""},""stay_min"":{""kind"":""team_rule_estimate"",""urls"":[""https://github.com/travel-recommender/gachilo/issues/1""],""checked_at"":""2026-09-29"",""revision"":""team_planning_rules_20260929"",""note"":""사용자 제공 체류시간 범위 90~120분, 관광 명소(문화·자연 포함). 일정 여유를 위해 상한 적용. 실제 관람 소요시간이 아닌 추정값.""}}"
"osaka_draft_ce3b8d452a0e","国立国際美術館","국립국제미술관","문화","大阪市北区","大阪府大阪市北区中之島4-2-55","34.6916919","135.4920875","Sa-Su 10:00-17:00,Tu-Th 10:00-19:00,Fr 10:00-19:00","430","120","0","true","https://www.nmao.go.jp/",,"2026-09-28","일반 컬렉션전 1인 요금 JPY. 특별전 1800엔과 구분; 전시별 비용 재확인 필요. 실내 전시실 기준.","사용자 제공 체류시간 범위 90~120분, 관광 명소(문화·자연 포함). 일정 여유를 위해 상한 적용. 실제 관람 소요시간이 아닌 추정값.","일반 컬렉션전 1인 요금 JPY. 특별전 1800엔과 구분; 전시별 비용 재확인 필요. 실내 전시실 기준.","https://www.openstreetmap.org/way/231449189","https://www.nmao.go.jp/","https://www.nmao.go.jp/","https://www.nmao.go.jp/visit/admission/","https://github.com/travel-recommender/gachilo/issues/1","https://www.nmao.go.jp/visit/admission/","","opening_hours_source","","일반 컬렉션전 1인 요금 JPY. 특별전 1800엔과 구분; 전시별 비용 재확인 필요. 실내 전시실 기준.","false","{""name"":{""kind"":""osm"",""url"":""https://www.openstreetmap.org/way/231449189""},""category"":{""kind"":""osm"",""url"":""https://www.openstreetmap.org/way/231449189""},""latitude"":{""kind"":""osm"",""url"":""https://www.openstreetmap.org/way/231449189""},""longitude"":{""kind"":""osm"",""url"":""https://www.openstreetmap.org/way/231449189""},""opening_hours"":{""kind"":""osm"",""url"":""https://www.openstreetmap.org/way/231449189""},""website"":{""kind"":""osm"",""url"":""https://www.openstreetmap.org/way/231449189""},""address"":{""kind"":""official_web_review"",""urls"":[""https://www.nmao.go.jp/""],""checked_at"":""2026-09-26"",""evidence_window"":""2026-09-24/2026-09-26""},""verified_at"":{""kind"":""review_date_only"",""note"":""이번에 확인한 필드만 검증. 전체 필드·영업 상태 검증을 뜻하지 않음."",""check_id"":""official_fields_20260928""},""cost"":{""kind"":""official_web_review"",""urls"":[""https://www.nmao.go.jp/visit/admission/""],""checked_at"":""2026-09-28"",""note"":""일반 컬렉션전 1인 요금 JPY. 특별전 1800엔과 구분; 전시별 비용 재확인 필요. 실내 전시실 기준.""},""covered"":{""kind"":""classification_from_official_description"",""urls"":[""https://www.nmao.go.jp/visit/admission/""],""checked_at"":""2026-09-28"",""note"":""일반 컬렉션전 1인 요금 JPY. 특별전 1800엔과 구분; 전시별 비용 재확인 필요. 실내 전시실 기준.""},""area"":{""kind"":""derived_from_official_address"",""urls"":[""https://www.nmao.go.jp/""],""checked_at"":""2026-09-26"",""derived_at"":""2026-09-28"",""note"":""공식 출처 주소의 행정구만 추출. 관광 권역·출입구 좌표 추정 아님.""},""name_ko"":{""kind"":""editorial_korean_translation"",""urls"":[""https://www.openstreetmap.org/way/231449189""],""checked_at"":""2026-09-28"",""revision"":""korean_display_names_20260928"",""original_name"":""国立国際美術館"",""note"":""검토 편의를 위한 원문 기반 한국어 번역·음역. 공식 한국어 명칭 또는 지점 검증 완료를 의미하지 않음. 원문 name을 검색 시 함께 사용.""},""bag_load"":{""kind"":""team_rule_estimate"",""urls"":[""https://github.com/travel-recommender/gachilo/issues/1""],""checked_at"":""2026-09-29"",""revision"":""team_planning_rules_20260929"",""note"":""기존 get_luggage_score와 동일: 쇼핑 2, 지정 시장·상점가·아메리카무라·신세카이 1, 나머지 0. kg가 아닌 상대 점수.""},""stay_min"":{""kind"":""team_rule_estimate"",""urls"":[""https://github.com/travel-recommender/gachilo/issues/1""],""checked_at"":""2026-09-29"",""revision"":""team_planning_rules_20260929"",""note"":""사용자 제공 체류시간 범위 90~120분, 관광 명소(문화·자연 포함). 일정 여유를 위해 상한 적용. 실제 관람 소요시간이 아닌 추정값.""}}"
"osaka_draft_316598fb77c9","大阪市立美術館","오사카 시립미술관","문화","大阪市天王寺区","大阪府大阪市天王寺区茶臼山町1-82 天王寺公園内","34.6500885","135.5104908","09:30–17:00(입장 16:30까지); 월요일 휴관(공휴일이면 다음 평일), 연말연시·전시교체 휴관","500","120","0","true","https://www.osaka-art-museum.jp/","https://www.osaka-art-museum.jp/information","2026-09-28","성인 1인 기획전 관람료 JPY. 특별전·특별진열은 별도 요금. covered는 실내 전시 관람 기준.","사용자 제공 체류시간 범위 90~120분, 관광 명소(문화·자연 포함). 일정 여유를 위해 상한 적용. 실제 관람 소요시간이 아닌 추정값.","성인 1인 기획전 관람료 JPY. 특별전·특별진열은 별도 요금. covered는 실내 전시 관람 기준.","https://www.openstreetmap.org/way/173693696","https://www.osaka-art-museum.jp/information","https://www.osaka-art-museum.jp/information","https://www.osaka-art-museum.jp/info/9871","https://github.com/travel-recommender/gachilo/issues/1","https://www.osaka-art-museum.jp/info/9871","","","","OSM의 2022–2025년 공사 휴관 표기는 현재 정규 시간으로 대체. | 성인 1인 기획전 관람료 JPY. 특별전·특별진열은 별도 요금. covered는 실내 전시 관람 기준.","false","{""name"":{""kind"":""osm"",""url"":""https://www.openstreetmap.org/way/173693696""},""category"":{""kind"":""osm"",""url"":""https://www.openstreetmap.org/way/173693696""},""latitude"":{""kind"":""osm"",""url"":""https://www.openstreetmap.org/way/173693696""},""longitude"":{""kind"":""osm"",""url"":""https://www.openstreetmap.org/way/173693696""},""opening_hours"":{""kind"":""official_web_review"",""urls"":[""https://www.osaka-art-museum.jp/information""],""checked_at"":""2026-09-26"",""evidence_window"":""2026-09-24/2026-09-26""},""website"":{""kind"":""osm"",""url"":""https://www.openstreetmap.org/way/173693696""},""address"":{""kind"":""official_web_review"",""urls"":[""https://www.osaka-art-museum.jp/information""],""checked_at"":""2026-09-26"",""evidence_window"":""2026-09-24/2026-09-26""},""opening_hours_source"":{""kind"":""official_web_review"",""urls"":[""https://www.osaka-art-museum.jp/information""],""checked_at"":""2026-09-26"",""evidence_window"":""2026-09-24/2026-09-26""},""verified_at"":{""kind"":""review_date_only"",""note"":""이번에 확인한 필드만 검증. 전체 필드·영업 상태 검증을 뜻하지 않음."",""check_id"":""official_fields_20260928""},""cost"":{""kind"":""official_web_review"",""urls"":[""https://www.osaka-art-museum.jp/info/9871""],""checked_at"":""2026-09-28"",""note"":""성인 1인 기획전 관람료 JPY. 특별전·특별진열은 별도 요금. covered는 실내 전시 관람 기준.""},""covered"":{""kind"":""classification_from_official_description"",""urls"":[""https://www.osaka-art-museum.jp/info/9871""],""checked_at"":""2026-09-28"",""note"":""성인 1인 기획전 관람료 JPY. 특별전·특별진열은 별도 요금. covered는 실내 전시 관람 기준.""},""area"":{""kind"":""derived_from_official_address"",""urls"":[""https://www.osaka-art-museum.jp/information""],""checked_at"":""2026-09-26"",""derived_at"":""2026-09-28"",""note"":""공식 출처 주소의 행정구만 추출. 관광 권역·출입구 좌표 추정 아님.""},""name_ko"":{""kind"":""editorial_korean_translation"",""urls"":[""https://www.openstreetmap.org/way/173693696""],""checked_at"":""2026-09-28"",""revision"":""korean_display_names_20260928"",""original_name"":""大阪市立美術館"",""note"":""검토 편의를 위한 원문 기반 한국어 번역·음역. 공식 한국어 명칭 또는 지점 검증 완료를 의미하지 않음. 원문 name을 검색 시 함께 사용.""},""bag_load"":{""kind"":""team_rule_estimate"",""urls"":[""https://github.com/travel-recommender/gachilo/issues/1""],""checked_at"":""2026-09-29"",""revision"":""team_planning_rules_20260929"",""note"":""기존 get_luggage_score와 동일: 쇼핑 2, 지정 시장·상점가·아메리카무라·신세카이 1, 나머지 0. kg가 아닌 상대 점수.""},""stay_min"":{""kind"":""team_rule_estimate"",""urls"":[""https://github.com/travel-recommender/gachilo/issues/1""],""checked_at"":""2026-09-29"",""revision"":""team_planning_rules_20260929"",""note"":""사용자 제공 체류시간 범위 90~120분, 관광 명소(문화·자연 포함). 일정 여유를 위해 상한 적용. 실제 관람 소요시간이 아닌 추정값.""}}"
"osaka_draft_2780be08a88e","御津八幡宮","미쓰 하치만구","문화","大阪市中央区","大阪府大阪市中央区西心斎橋2-10-7","34.6714458","135.4992777","개문 07:00–18:00; 사무소 09:00–17:00",,"90","0",,"https://mitsugu.org/","https://mitsugu.org/","2026-09-26","","사용자 제공 체류시간 범위 45~90분, 신사·사찰·종교시설. 일정 여유를 위해 상한 적용. 실제 관람 소요시간이 아닌 추정값.","","https://www.openstreetmap.org/way/243117031","https://mitsugu.org/","https://mitsugu.org/","","https://github.com/travel-recommender/gachilo/issues/1","","","cost | covered","","","false","{""name"":{""kind"":""osm"",""url"":""https://www.openstreetmap.org/way/243117031""},""category"":{""kind"":""osm"",""url"":""https://www.openstreetmap.org/way/243117031""},""address"":{""kind"":""official_web_review"",""urls"":[""https://mitsugu.org/""],""checked_at"":""2026-09-26"",""evidence_window"":""2026-09-24/2026-09-26""},""latitude"":{""kind"":""osm"",""url"":""https://www.openstreetmap.org/way/243117031""},""longitude"":{""kind"":""osm"",""url"":""https://www.openstreetmap.org/way/243117031""},""opening_hours"":{""kind"":""official_web_review"",""urls"":[""https://mitsugu.org/""],""checked_at"":""2026-09-26"",""evidence_window"":""2026-09-24/2026-09-26""},""website"":{""kind"":""osm"",""url"":""https://www.openstreetmap.org/way/243117031""},""opening_hours_source"":{""kind"":""official_web_review"",""urls"":[""https://mitsugu.org/""],""checked_at"":""2026-09-26"",""evidence_window"":""2026-09-24/2026-09-26""},""verified_at"":{""kind"":""review_date_only"",""check_id"":""osaka_draft_2780be08a88e_address_hours_20260926"",""note"":""장소 전체 또는 일정 사용 가능 판정이 아님. 검증 범위는 필드 출처 참조.""},""area"":{""kind"":""derived_from_official_address"",""urls"":[""https://mitsugu.org/""],""checked_at"":""2026-09-26"",""derived_at"":""2026-09-28"",""note"":""공식 출처 주소의 행정구만 추출. 관광 권역·출입구 좌표 추정 아님.""},""name_ko"":{""kind"":""editorial_korean_translation"",""urls"":[""https://www.openstreetmap.org/way/243117031""],""checked_at"":""2026-09-28"",""revision"":""korean_display_names_20260928"",""original_name"":""御津八幡宮"",""note"":""검토 편의를 위한 원문 기반 한국어 번역·음역. 공식 한국어 명칭 또는 지점 검증 완료를 의미하지 않음. 원문 name을 검색 시 함께 사용.""},""bag_load"":{""kind"":""team_rule_estimate"",""urls"":[""https://github.com/travel-recommender/gachilo/issues/1""],""checked_at"":""2026-09-29"",""revision"":""team_planning_rules_20260929"",""note"":""기존 get_luggage_score와 동일: 쇼핑 2, 지정 시장·상점가·아메리카무라·신세카이 1, 나머지 0. kg가 아닌 상대 점수.""},""stay_min"":{""kind"":""team_rule_estimate"",""urls"":[""https://github.com/travel-recommender/gachilo/issues/1""],""checked_at"":""2026-09-29"",""revision"":""team_planning_rules_20260929"",""note"":""사용자 제공 체류시간 범위 45~90분, 신사·사찰·종교시설. 일정 여유를 위해 상한 적용. 실제 관람 소요시간이 아닌 추정값.""}}"
"osaka_draft_7675eb0bab46","難波八坂神社","난바 야사카 신사","문화","大阪市浪速区","大阪市浪速区元町2-9-19","34.6613919","135.4967435","Mo-Su 06:00-17:00",,"90","0",,"http://nambayasaka.jp/",,"2026-09-26","","사용자 제공 체류시간 범위 45~90분, 신사·사찰·종교시설. 일정 여유를 위해 상한 적용. 실제 관람 소요시간이 아닌 추정값.","","https://www.openstreetmap.org/way/637023828","http://nambayasaka.jp/","http://nambayasaka.jp/","","https://github.com/travel-recommender/gachilo/issues/1","","","cost | covered | opening_hours_source","","","false","{""name"":{""kind"":""osm"",""url"":""https://www.openstreetmap.org/way/637023828""},""category"":{""kind"":""osm"",""url"":""https://www.openstreetmap.org/way/637023828""},""latitude"":{""kind"":""osm"",""url"":""https://www.openstreetmap.org/way/637023828""},""longitude"":{""kind"":""osm"",""url"":""https://www.openstreetmap.org/way/637023828""},""opening_hours"":{""kind"":""osm"",""url"":""https://www.openstreetmap.org/way/637023828""},""website"":{""kind"":""osm"",""url"":""https://www.openstreetmap.org/way/637023828""},""address"":{""kind"":""official_web_review"",""urls"":[""http://nambayasaka.jp/""],""checked_at"":""2026-09-26"",""evidence_window"":""2026-09-24/2026-09-26""},""verified_at"":{""kind"":""review_date_only"",""check_id"":""osaka_draft_7675eb0bab46_address_hours_20260926"",""note"":""장소 전체 또는 일정 사용 가능 판정이 아님. 검증 범위는 필드 출처 참조.""},""area"":{""kind"":""derived_from_official_address"",""urls"":[""http://nambayasaka.jp/""],""checked_at"":""2026-09-26"",""derived_at"":""2026-09-28"",""note"":""공식 출처 주소의 행정구만 추출. 관광 권역·출입구 좌표 추정 아님.""},""name_ko"":{""kind"":""editorial_korean_translation"",""urls"":[""https://www.openstreetmap.org/way/637023828""],""checked_at"":""2026-09-28"",""revision"":""korean_display_names_20260928"",""original_name"":""難波八坂神社"",""note"":""검토 편의를 위한 원문 기반 한국어 번역·음역. 공식 한국어 명칭 또는 지점 검증 완료를 의미하지 않음. 원문 name을 검색 시 함께 사용.""},""bag_load"":{""kind"":""team_rule_estimate"",""urls"":[""https://github.com/travel-recommender/gachilo/issues/1""],""checked_at"":""2026-09-29"",""revision"":""team_planning_rules_20260929"",""note"":""기존 get_luggage_score와 동일: 쇼핑 2, 지정 시장·상점가·아메리카무라·신세카이 1, 나머지 0. kg가 아닌 상대 점수.""},""stay_min"":{""kind"":""team_rule_estimate"",""urls"":[""https://github.com/travel-recommender/gachilo/issues/1""],""checked_at"":""2026-09-29"",""revision"":""team_planning_rules_20260929"",""note"":""사용자 제공 체류시간 범위 45~90분, 신사·사찰·종교시설. 일정 여유를 위해 상한 적용. 실제 관람 소요시간이 아닌 추정값.""}}"
"osaka_draft_40d8be797d5b","design museum","디자인 뮤지엄","문화","大阪市北区","일본 〒530-0005 Osaka, Kita Ward, Nakanoshima, 5 Chome−3−56 中之島バンクス EAST","34.6910724","135.4868302",,,"120","0",,,,"2026-09-26","","사용자 제공 체류시간 범위 90~120분, 관광 명소(문화·자연 포함). 일정 여유를 위해 상한 적용. 실제 관람 소요시간이 아닌 추정값.","","https://www.openstreetmap.org/node/2373447958","https://maps.google.com/?cid=2219731198643847680 | https://www.openstreetmap.org/node/2373447958","https://maps.google.com/?cid=2219731198643847680 | https://www.openstreetmap.org/node/2373447958","","https://github.com/travel-recommender/gachilo/issues/1","","https://designde.jp/","opening_hours | cost | covered | website | opening_hours_source","identity_unconfirmed | website_mismatch | google_maps_permanently_closed","등록 웹사이트가 박물관과 무관한 콘텐츠로 변경됨. 시설 실재·운영 재확인 필요. | Google Maps 장소명·주소와 기존 OSM 위치 대조. 지도 지점 좌표 차이 15.5m. 주소만 확인했으며 영업시간 검증 아님. OSM 원본 website=designde.jp 및 위치가 나카노시마 뱅크스 디자인데와 일치. 폐업 시설의 과거 주소. 지도에 폐업 표시가 있는 과거 주소.","false","{""name"":{""kind"":""osm"",""url"":""https://www.openstreetmap.org/node/2373447958""},""category"":{""kind"":""osm"",""url"":""https://www.openstreetmap.org/node/2373447958""},""latitude"":{""kind"":""osm"",""url"":""https://www.openstreetmap.org/node/2373447958""},""longitude"":{""kind"":""osm"",""url"":""https://www.openstreetmap.org/node/2373447958""},""website"":{""kind"":""website_mismatch_review"",""urls"":[""https://designde.jp/""],""checked_at"":""2026-09-26"",""evidence_window"":""2026-09-24/2026-09-26""},""verified_at"":{""kind"":""review_date_only"",""check_id"":""osaka_draft_40d8be797d5b_address_hours_20260926"",""note"":""장소 전체 또는 일정 사용 가능 판정이 아님. 검증 범위는 필드 출처 참조.""},""name_ko"":{""kind"":""editorial_korean_translation"",""urls"":[""https://www.openstreetmap.org/node/2373447958""],""checked_at"":""2026-09-28"",""revision"":""korean_display_names_20260928"",""original_name"":""design museum"",""note"":""검토 편의를 위한 원문 기반 한국어 번역·음역. 공식 한국어 명칭 또는 지점 검증 완료를 의미하지 않음. 원문 name을 검색 시 함께 사용.""},""address"":{""kind"":""google_maps_ui_review"",""urls"":[""https://maps.google.com/?cid=2219731198643847680"",""https://www.openstreetmap.org/node/2373447958""],""checked_at"":""2026-09-28"",""revision"":""map_addresses_20260928"",""note"":""Google Maps 장소명·주소와 기존 OSM 위치 대조. 지도 지점 좌표 차이 15.5m. 주소만 확인했으며 영업시간 검증 아님. OSM 원본 website=designde.jp 및 위치가 나카노시마 뱅크스 디자인데와 일치. 폐업 시설의 과거 주소. 지도에 폐업 표시가 있는 과거 주소.""},""area"":{""kind"":""derived_from_map_address"",""urls"":[""https://maps.google.com/?cid=2219731198643847680"",""https://www.openstreetmap.org/node/2373447958""],""checked_at"":""2026-09-28"",""revision"":""map_addresses_20260928"",""note"":""Google Maps 장소명·주소와 기존 OSM 위치 대조. 지도 지점 좌표 차이 15.5m. 주소만 확인했으며 영업시간 검증 아님. OSM 원본 website=designde.jp 및 위치가 나카노시마 뱅크스 디자인데와 일치. 폐업 시설의 과거 주소. 지도에 폐업 표시가 있는 과거 주소.""},""bag_load"":{""kind"":""team_rule_estimate"",""urls"":[""https://github.com/travel-recommender/gachilo/issues/1""],""checked_at"":""2026-09-29"",""revision"":""team_planning_rules_20260929"",""note"":""기존 get_luggage_score와 동일: 쇼핑 2, 지정 시장·상점가·아메리카무라·신세카이 1, 나머지 0. kg가 아닌 상대 점수.""},""stay_min"":{""kind"":""team_rule_estimate"",""urls"":[""https://github.com/travel-recommender/gachilo/issues/1""],""checked_at"":""2026-09-29"",""revision"":""team_planning_rules_20260929"",""note"":""사용자 제공 체류시간 범위 90~120분, 관광 명소(문화·자연 포함). 일정 여유를 위해 상한 적용. 실제 관람 소요시간이 아닌 추정값.""}}"
"osaka_draft_6eda07803129","ギャラリー ササキ商店","갤러리 사사키 상점","문화","大阪市中央区","大阪市中央区心斎橋筋1-6-4 佐々木ビル3F","34.6723975","135.5009862",,,"120","0",,"http://www.gallerysasaki.com/",,"2026-09-26","","사용자 제공 체류시간 범위 90~120분, 관광 명소(문화·자연 포함). 일정 여유를 위해 상한 적용. 실제 관람 소요시간이 아닌 추정값.","","https://www.openstreetmap.org/node/3953009758","https://www.gallerysasaki.com/access/","https://www.gallerysasaki.com/access/","","https://github.com/travel-recommender/gachilo/issues/1","","","opening_hours | cost | covered | opening_hours_source","reservation_or_exhibition_required","전시별 운영시간 및 관람 예약 확인 필요.","false","{""name"":{""kind"":""osm"",""url"":""https://www.openstreetmap.org/node/3953009758""},""category"":{""kind"":""osm"",""url"":""https://www.openstreetmap.org/node/3953009758""},""latitude"":{""kind"":""osm"",""url"":""https://www.openstreetmap.org/node/3953009758""},""longitude"":{""kind"":""osm"",""url"":""https://www.openstreetmap.org/node/3953009758""},""website"":{""kind"":""osm"",""url"":""https://www.openstreetmap.org/node/3953009758""},""address"":{""kind"":""official_web_review"",""urls"":[""https://www.gallerysasaki.com/access/""],""checked_at"":""2026-09-26"",""evidence_window"":""2026-09-24/2026-09-26""},""verified_at"":{""kind"":""review_date_only"",""check_id"":""osaka_draft_6eda07803129_address_hours_20260926"",""note"":""장소 전체 또는 일정 사용 가능 판정이 아님. 검증 범위는 필드 출처 참조.""},""area"":{""kind"":""derived_from_official_address"",""urls"":[""https://www.gallerysasaki.com/access/""],""checked_at"":""2026-09-26"",""derived_at"":""2026-09-28"",""note"":""공식 출처 주소의 행정구만 추출. 관광 권역·출입구 좌표 추정 아님.""},""name_ko"":{""kind"":""editorial_korean_translation"",""urls"":[""https://www.openstreetmap.org/node/3953009758""],""checked_at"":""2026-09-28"",""revision"":""korean_display_names_20260928"",""original_name"":""ギャラリー ササキ商店"",""note"":""검토 편의를 위한 원문 기반 한국어 번역·음역. 공식 한국어 명칭 또는 지점 검증 완료를 의미하지 않음. 원문 name을 검색 시 함께 사용.""},""bag_load"":{""kind"":""team_rule_estimate"",""urls"":[""https://github.com/travel-recommender/gachilo/issues/1""],""checked_at"":""2026-09-29"",""revision"":""team_planning_rules_20260929"",""note"":""기존 get_luggage_score와 동일: 쇼핑 2, 지정 시장·상점가·아메리카무라·신세카이 1, 나머지 0. kg가 아닌 상대 점수.""},""stay_min"":{""kind"":""team_rule_estimate"",""urls"":[""https://github.com/travel-recommender/gachilo/issues/1""],""checked_at"":""2026-09-29"",""revision"":""team_planning_rules_20260929"",""note"":""사용자 제공 체류시간 범위 90~120분, 관광 명소(문화·자연 포함). 일정 여유를 위해 상한 적용. 실제 관람 소요시간이 아닌 추정값.""}}"
"osaka_draft_43502b1cfa97","ブルームギャラリー","블룸 갤러리","문화","大阪市淀川区","大阪市淀川区新北野1-11-23 ハイム北野B103","34.7155393","135.4811349",,,"120","0",,"https://www.bloomgallery103.com/index.html",,"2026-09-28","","사용자 제공 체류시간 범위 90~120분, 관광 명소(문화·자연 포함). 일정 여유를 위해 상한 적용. 실제 관람 소요시간이 아닌 추정값.","","https://www.openstreetmap.org/node/9792348498","https://www.bloomgallery103.com/index.html","https://www.bloomgallery103.com/index.html","","https://github.com/travel-recommender/gachilo/issues/1","","https://www.bloomgallery103.com/index.html","opening_hours | cost | covered | opening_hours_source","operating_status_unconfirmed | gallery_exhibitions_suspended","현재 운영 여부를 공식 출처로 확정하지 못함. | 2026년 4월 일부 매장 영업 재개, 2026년도 갤러리 내 전시 예정 없음. 월별 영업일 SNS 확인. 관광 전시시설로 자동 추천 보류. | 2026-09-30: 2026-03-27 공지: 2026년 4월 일부 판매 업무 재개, 2026년 전시 계획 없음. 월별 운영일은 별도 공지. 영구 폐업으로 단정하지 않으며 전시 방문 추천은 보류.","false","{""name"":{""kind"":""osm"",""url"":""https://www.openstreetmap.org/node/9792348498""},""category"":{""kind"":""osm"",""url"":""https://www.openstreetmap.org/node/9792348498""},""latitude"":{""kind"":""osm"",""url"":""https://www.openstreetmap.org/node/9792348498""},""longitude"":{""kind"":""osm"",""url"":""https://www.openstreetmap.org/node/9792348498""},""website"":{""kind"":""official_web_review"",""urls"":[""https://www.bloomgallery103.com/index.html""],""checked_at"":""2026-09-28"",""note"":""2026년 4월 일부 매장 영업 재개, 2026년도 갤러리 내 전시 예정 없음. 월별 영업일 SNS 확인. 관광 전시시설로 자동 추천 보류.""},""address"":{""kind"":""official_web_review"",""urls"":[""https://www.bloomgallery103.com/index.html""],""checked_at"":""2026-09-28"",""note"":""2026년 4월 일부 매장 영업 재개, 2026년도 갤러리 내 전시 예정 없음. 월별 영업일 SNS 확인. 관광 전시시설로 자동 추천 보류.""},""verified_at"":{""kind"":""review_date_only"",""note"":""이번에 확인한 필드만 검증. 전체 필드·영업 상태 검증을 뜻하지 않음."",""check_id"":""official_fields_20260928""},""area"":{""kind"":""derived_from_official_address"",""urls"":[""https://www.bloomgallery103.com/index.html""],""checked_at"":""2026-09-28"",""derived_at"":""2026-09-28"",""note"":""공식 출처 주소의 행정구만 추출. 관광 권역·출입구 좌표 추정 아님.""},""name_ko"":{""kind"":""editorial_korean_translation"",""urls"":[""https://www.openstreetmap.org/node/9792348498""],""checked_at"":""2026-09-28"",""revision"":""korean_display_names_20260928"",""original_name"":""ブルームギャラリー"",""note"":""검토 편의를 위한 원문 기반 한국어 번역·음역. 공식 한국어 명칭 또는 지점 검증 완료를 의미하지 않음. 원문 name을 검색 시 함께 사용.""},""bag_load"":{""kind"":""team_rule_estimate"",""urls"":[""https://github.com/travel-recommender/gachilo/issues/1""],""checked_at"":""2026-09-29"",""revision"":""team_planning_rules_20260929"",""note"":""기존 get_luggage_score와 동일: 쇼핑 2, 지정 시장·상점가·아메리카무라·신세카이 1, 나머지 0. kg가 아닌 상대 점수.""},""stay_min"":{""kind"":""team_rule_estimate"",""urls"":[""https://github.com/travel-recommender/gachilo/issues/1""],""checked_at"":""2026-09-29"",""revision"":""team_planning_rules_20260929"",""note"":""사용자 제공 체류시간 범위 90~120분, 관광 명소(문화·자연 포함). 일정 여유를 위해 상한 적용. 실제 관람 소요시간이 아닌 추정값.""}}"
"osaka_draft_9cd21dc062f7","大阪市立東洋陶磁美術館","오사카 시립동양도자미술관","문화","大阪市北区","大阪市北区中之島1-1-26","34.6934159","135.5055152","정규 09:30–17:00(입장 16:30까지); 월요일 휴관(공휴일이면 다음날), 연말연시 휴관",,"120","0",,"https://www.moco.or.jp/","https://www.moco.or.jp/guide/access/","2026-09-26","","사용자 제공 체류시간 범위 90~120분, 관광 명소(문화·자연 포함). 일정 여유를 위해 상한 적용. 실제 관람 소요시간이 아닌 추정값.","","https://www.openstreetmap.org/way/162382612","https://www.moco.or.jp/guide/access/ | https://www.moco.or.jp/guide/info/ | https://www.moco.or.jp/whatsnew/","https://www.moco.or.jp/guide/access/ | https://www.moco.or.jp/guide/info/ | https://www.moco.or.jp/whatsnew/","","https://github.com/travel-recommender/gachilo/issues/1","","","cost | covered","temporary_closure","현재 공사 휴관 안내가 우선. 정규 시간만으로 일정 생성 금지.","false","{""name"":{""kind"":""osm"",""url"":""https://www.openstreetmap.org/way/162382612""},""category"":{""kind"":""osm"",""url"":""https://www.openstreetmap.org/way/162382612""},""latitude"":{""kind"":""osm"",""url"":""https://www.openstreetmap.org/way/162382612""},""longitude"":{""kind"":""osm"",""url"":""https://www.openstreetmap.org/way/162382612""},""website"":{""kind"":""osm"",""url"":""https://www.openstreetmap.org/way/162382612""},""address"":{""kind"":""official_web_review"",""urls"":[""https://www.moco.or.jp/guide/access/"",""https://www.moco.or.jp/guide/info/"",""https://www.moco.or.jp/whatsnew/""],""checked_at"":""2026-09-26"",""evidence_window"":""2026-09-24/2026-09-26""},""opening_hours"":{""kind"":""official_web_review"",""urls"":[""https://www.moco.or.jp/guide/access/"",""https://www.moco.or.jp/guide/info/"",""https://www.moco.or.jp/whatsnew/""],""checked_at"":""2026-09-26"",""evidence_window"":""2026-09-24/2026-09-26""},""opening_hours_source"":{""kind"":""official_web_review"",""urls"":[""https://www.moco.or.jp/guide/access/"",""https://www.moco.or.jp/guide/info/"",""https://www.moco.or.jp/whatsnew/""],""checked_at"":""2026-09-26"",""evidence_window"":""2026-09-24/2026-09-26""},""verified_at"":{""kind"":""review_date_only"",""check_id"":""osaka_draft_9cd21dc062f7_address_hours_20260926"",""note"":""장소 전체 또는 일정 사용 가능 판정이 아님. 검증 범위는 필드 출처 참조.""},""area"":{""kind"":""derived_from_official_address"",""urls"":[""https://www.moco.or.jp/guide/access/"",""https://www.moco.or.jp/guide/info/"",""https://www.moco.or.jp/whatsnew/""],""checked_at"":""2026-09-26"",""derived_at"":""2026-09-28"",""note"":""공식 출처 주소의 행정구만 추출. 관광 권역·출입구 좌표 추정 아님.""},""name_ko"":{""kind"":""editorial_korean_translation"",""urls"":[""https://www.openstreetmap.org/way/162382612""],""checked_at"":""2026-09-28"",""revision"":""korean_display_names_20260928"",""original_name"":""大阪市立東洋陶磁美術館"",""note"":""검토 편의를 위한 원문 기반 한국어 번역·음역. 공식 한국어 명칭 또는 지점 검증 완료를 의미하지 않음. 원문 name을 검색 시 함께 사용.""},""bag_load"":{""kind"":""team_rule_estimate"",""urls"":[""https://github.com/travel-recommender/gachilo/issues/1""],""checked_at"":""2026-09-29"",""revision"":""team_planning_rules_20260929"",""note"":""기존 get_luggage_score와 동일: 쇼핑 2, 지정 시장·상점가·아메리카무라·신세카이 1, 나머지 0. kg가 아닌 상대 점수.""},""stay_min"":{""kind"":""team_rule_estimate"",""urls"":[""https://github.com/travel-recommender/gachilo/issues/1""],""checked_at"":""2026-09-29"",""revision"":""team_planning_rules_20260929"",""note"":""사용자 제공 체류시간 범위 90~120분, 관광 명소(문화·자연 포함). 일정 여유를 위해 상한 적용. 실제 관람 소요시간이 아닌 추정값.""}}"
"osaka_draft_70d399cfaea8","日本基督教団大阪教会","일본기독교단 오사카 교회","문화","大阪市西区","大阪府大阪市西区江戸堀1-23-17","34.6893554","135.4935515","일요일 오전·목요일 정오·금요일 저녁 예배에 참석한 뒤 관람 가능; 상시 개방하지 않음",,"90","0","true","https://www.osaka-church.net/","https://www.osaka-church.net/kengaku","2026-09-28","","사용자 제공 체류시간 범위 45~90분, 신사·사찰·종교시설. 일정 여유를 위해 상한 적용. 실제 관람 소요시간이 아닌 추정값.","교회 공식 관람 안내. 전화 접수시간을 관람시간으로 사용하지 않음. 예배 외 시간의 관람 대응이 어렵다고 명시.","https://www.openstreetmap.org/node/3249298362","https://www.osaka-church.net/","https://www.osaka-church.net/","","https://github.com/travel-recommender/gachilo/issues/1","https://www.osaka-church.net/kengaku","","cost","worship_attendance_required","전화 응대시간을 관광 관람시간으로 사용하지 않음. | 교회 공식 관람 안내. 전화 접수시간을 관람시간으로 사용하지 않음. 예배 외 시간의 관람 대응이 어렵다고 명시.","false","{""name"":{""kind"":""osm"",""url"":""https://www.openstreetmap.org/node/3249298362""},""category"":{""kind"":""osm"",""url"":""https://www.openstreetmap.org/node/3249298362""},""latitude"":{""kind"":""osm"",""url"":""https://www.openstreetmap.org/node/3249298362""},""longitude"":{""kind"":""osm"",""url"":""https://www.openstreetmap.org/node/3249298362""},""website"":{""kind"":""osm"",""url"":""https://www.openstreetmap.org/node/3249298362""},""address"":{""kind"":""official_web_review"",""urls"":[""https://www.osaka-church.net/""],""checked_at"":""2026-09-26"",""evidence_window"":""2026-09-24/2026-09-26""},""verified_at"":{""kind"":""review_date_only"",""urls"":[""https://www.osaka-church.net/kengaku""],""checked_at"":""2026-09-28"",""note"":""교회 공식 관람 안내. 전화 접수시간을 관람시간으로 사용하지 않음. 예배 외 시간의 관람 대응이 어렵다고 명시."",""revision"":""official_fields_20260928_v2""},""area"":{""kind"":""derived_from_official_address"",""urls"":[""https://www.osaka-church.net/""],""checked_at"":""2026-09-26"",""derived_at"":""2026-09-28"",""note"":""공식 출처 주소의 행정구만 추출. 관광 권역·출입구 좌표 추정 아님.""},""opening_hours"":{""kind"":""official_web_review"",""urls"":[""https://www.osaka-church.net/kengaku""],""checked_at"":""2026-09-28"",""note"":""교회 공식 관람 안내. 전화 접수시간을 관람시간으로 사용하지 않음. 예배 외 시간의 관람 대응이 어렵다고 명시."",""revision"":""official_fields_20260928_v2""},""covered"":{""kind"":""classification_from_official_description"",""urls"":[""https://www.osaka-church.net/kengaku""],""checked_at"":""2026-09-28"",""note"":""교회 공식 관람 안내. 전화 접수시간을 관람시간으로 사용하지 않음. 예배 외 시간의 관람 대응이 어렵다고 명시."",""revision"":""official_fields_20260928_v2""},""opening_hours_source"":{""kind"":""official_web_review"",""urls"":[""https://www.osaka-church.net/kengaku""],""checked_at"":""2026-09-28"",""note"":""교회 공식 관람 안내. 전화 접수시간을 관람시간으로 사용하지 않음. 예배 외 시간의 관람 대응이 어렵다고 명시."",""revision"":""official_fields_20260928_v2""},""name_ko"":{""kind"":""editorial_korean_translation"",""urls"":[""https://www.openstreetmap.org/node/3249298362""],""checked_at"":""2026-09-28"",""revision"":""korean_display_names_20260928"",""original_name"":""日本基督教団大阪教会"",""note"":""검토 편의를 위한 원문 기반 한국어 번역·음역. 공식 한국어 명칭 또는 지점 검증 완료를 의미하지 않음. 원문 name을 검색 시 함께 사용.""},""bag_load"":{""kind"":""team_rule_estimate"",""urls"":[""https://github.com/travel-recommender/gachilo/issues/1""],""checked_at"":""2026-09-29"",""revision"":""team_planning_rules_20260929"",""note"":""기존 get_luggage_score와 동일: 쇼핑 2, 지정 시장·상점가·아메리카무라·신세카이 1, 나머지 0. kg가 아닌 상대 점수.""},""stay_min"":{""kind"":""team_rule_estimate"",""urls"":[""https://github.com/travel-recommender/gachilo/issues/1""],""checked_at"":""2026-09-29"",""revision"":""team_planning_rules_20260929"",""note"":""사용자 제공 체류시간 범위 45~90분, 신사·사찰·종교시설. 일정 여유를 위해 상한 적용. 실제 관람 소요시간이 아닌 추정값.""}}"
"osaka_draft_07d2c797a410","日本聖公会聖贖主教会礼拝堂","일본성공회 성속주교회 예배당","문화","大阪市淀川区","大阪市淀川区十三元今里3-1-72","34.7217741","135.4760878",,,"90","0","true","https://www.hakuaisha-welfare.net/redeemer/",,"2026-09-28","","사용자 제공 체류시간 범위 45~90분, 신사·사찰·종교시설. 일정 여유를 위해 상한 적용. 실제 관람 소요시간이 아닌 추정값.","박애사 공식 성당 안내. 실내 예배당. 언제든 열려 있다는 문구를 24시간 관광 영업으로 해석하지 않음.","https://www.openstreetmap.org/way/276877441","https://www.hakuaisha-welfare.net/redeemer/","https://www.hakuaisha-welfare.net/redeemer/","","https://github.com/travel-recommender/gachilo/issues/1","https://www.hakuaisha-welfare.net/redeemer/","","opening_hours | cost | opening_hours_source","access_conditions_unconfirmed","예배·복지시설 방문 조건 확인 필요. 전화 응대시간을 관광시간으로 사용하지 않음. | 박애사 공식 성당 안내. 실내 예배당. 언제든 열려 있다는 문구를 24시간 관광 영업으로 해석하지 않음.","false","{""name"":{""kind"":""osm"",""url"":""https://www.openstreetmap.org/way/276877441""},""category"":{""kind"":""osm"",""url"":""https://www.openstreetmap.org/way/276877441""},""latitude"":{""kind"":""osm"",""url"":""https://www.openstreetmap.org/way/276877441""},""longitude"":{""kind"":""osm"",""url"":""https://www.openstreetmap.org/way/276877441""},""website"":{""kind"":""osm"",""url"":""https://www.openstreetmap.org/way/276877441""},""address"":{""kind"":""official_web_review"",""urls"":[""https://www.hakuaisha-welfare.net/redeemer/""],""checked_at"":""2026-09-28"",""note"":""박애사 공식 성당 안내. 실내 예배당. 언제든 열려 있다는 문구를 24시간 관광 영업으로 해석하지 않음.""},""covered"":{""kind"":""classification_from_official_description"",""urls"":[""https://www.hakuaisha-welfare.net/redeemer/""],""checked_at"":""2026-09-28"",""note"":""박애사 공식 성당 안내. 실내 예배당. 언제든 열려 있다는 문구를 24시간 관광 영업으로 해석하지 않음.""},""verified_at"":{""kind"":""review_date_only"",""note"":""이번에 확인한 필드만 검증. 전체 필드·영업 상태 검증을 뜻하지 않음."",""check_id"":""official_fields_20260928""},""area"":{""kind"":""derived_from_official_address"",""urls"":[""https://www.hakuaisha-welfare.net/redeemer/""],""checked_at"":""2026-09-28"",""derived_at"":""2026-09-28"",""note"":""공식 출처 주소의 행정구만 추출. 관광 권역·출입구 좌표 추정 아님.""},""name_ko"":{""kind"":""editorial_korean_translation"",""urls"":[""https://www.openstreetmap.org/way/276877441""],""checked_at"":""2026-09-28"",""revision"":""korean_display_names_20260928"",""original_name"":""日本聖公会聖贖主教会礼拝堂"",""note"":""검토 편의를 위한 원문 기반 한국어 번역·음역. 공식 한국어 명칭 또는 지점 검증 완료를 의미하지 않음. 원문 name을 검색 시 함께 사용.""},""bag_load"":{""kind"":""team_rule_estimate"",""urls"":[""https://github.com/travel-recommender/gachilo/issues/1""],""checked_at"":""2026-09-29"",""revision"":""team_planning_rules_20260929"",""note"":""기존 get_luggage_score와 동일: 쇼핑 2, 지정 시장·상점가·아메리카무라·신세카이 1, 나머지 0. kg가 아닌 상대 점수.""},""stay_min"":{""kind"":""team_rule_estimate"",""urls"":[""https://github.com/travel-recommender/gachilo/issues/1""],""checked_at"":""2026-09-29"",""revision"":""team_planning_rules_20260929"",""note"":""사용자 제공 체류시간 범위 45~90분, 신사·사찰·종교시설. 일정 여유를 위해 상한 적용. 실제 관람 소요시간이 아닌 추정값.""}}"
"osaka_draft_006a0c207d8c","歯神社","하 신사 (치아 신사)","문화","大阪市北区","大阪市北区角田町2-8","34.7047429","135.5010093","무인 소규모 신사로 수시 참배 가능; 부적 수여는 별도 오타비샤에서 진행",,"90","0",,"https://www.hagamisan.com/","https://tunashiki.sakura.ne.jp/koutuu.html","2026-09-28","","사용자 제공 체류시간 범위 45~90분, 신사·사찰·종교시설. 일정 여유를 위해 상한 적용. 실제 관람 소요시간이 아닌 추정값.","","https://www.openstreetmap.org/way/464117222","https://tunashiki.sakura.ne.jp/koutuu.html","https://tunashiki.sakura.ne.jp/koutuu.html","","https://github.com/travel-recommender/gachilo/issues/1","","","cost | covered","","자유 참배 안내는 있으나 상세 주소·적용 범위 재확인 필요. | 하 신사 항목만 적용. 같은 페이지의 본사·오타비샤 주소 및 접수시간과 구분.","false","{""name"":{""kind"":""osm"",""url"":""https://www.openstreetmap.org/way/464117222""},""category"":{""kind"":""osm"",""url"":""https://www.openstreetmap.org/way/464117222""},""latitude"":{""kind"":""osm"",""url"":""https://www.openstreetmap.org/way/464117222""},""longitude"":{""kind"":""osm"",""url"":""https://www.openstreetmap.org/way/464117222""},""website"":{""kind"":""osm"",""url"":""https://www.openstreetmap.org/way/464117222""},""address"":{""kind"":""official_web_review"",""urls"":[""https://tunashiki.sakura.ne.jp/koutuu.html""],""checked_at"":""2026-09-28"",""note"":""하 신사 항목만 적용. 같은 페이지의 본사·오타비샤 주소 및 접수시간과 구분."",""revision"":""official_fields_20260928_v2""},""opening_hours"":{""kind"":""official_web_review"",""urls"":[""https://tunashiki.sakura.ne.jp/koutuu.html""],""checked_at"":""2026-09-28"",""note"":""하 신사 항목만 적용. 같은 페이지의 본사·오타비샤 주소 및 접수시간과 구분."",""revision"":""official_fields_20260928_v2""},""opening_hours_source"":{""kind"":""official_web_review"",""urls"":[""https://tunashiki.sakura.ne.jp/koutuu.html""],""checked_at"":""2026-09-28"",""note"":""하 신사 항목만 적용. 같은 페이지의 본사·오타비샤 주소 및 접수시간과 구분."",""revision"":""official_fields_20260928_v2""},""verified_at"":{""kind"":""review_date_only"",""urls"":[""https://tunashiki.sakura.ne.jp/koutuu.html""],""checked_at"":""2026-09-28"",""note"":""하 신사 항목만 적용. 같은 페이지의 본사·오타비샤 주소 및 접수시간과 구분."",""revision"":""official_fields_20260928_v2""},""area"":{""kind"":""derived_from_official_address"",""urls"":[""https://tunashiki.sakura.ne.jp/koutuu.html""],""checked_at"":""2026-09-28"",""derived_at"":""2026-09-28"",""revision"":""official_fields_20260928_v2"",""note"":""공식 주소에서 행정구 추출. 관광 권역 아님.""},""name_ko"":{""kind"":""editorial_korean_translation"",""urls"":[""https://www.openstreetmap.org/way/464117222""],""checked_at"":""2026-09-28"",""revision"":""korean_display_names_20260928"",""original_name"":""歯神社"",""note"":""검토 편의를 위한 원문 기반 한국어 번역·음역. 공식 한국어 명칭 또는 지점 검증 완료를 의미하지 않음. 원문 name을 검색 시 함께 사용.""},""bag_load"":{""kind"":""team_rule_estimate"",""urls"":[""https://github.com/travel-recommender/gachilo/issues/1""],""checked_at"":""2026-09-29"",""revision"":""team_planning_rules_20260929"",""note"":""기존 get_luggage_score와 동일: 쇼핑 2, 지정 시장·상점가·아메리카무라·신세카이 1, 나머지 0. kg가 아닌 상대 점수.""},""stay_min"":{""kind"":""team_rule_estimate"",""urls"":[""https://github.com/travel-recommender/gachilo/issues/1""],""checked_at"":""2026-09-29"",""revision"":""team_planning_rules_20260929"",""note"":""사용자 제공 체류시간 범위 45~90분, 신사·사찰·종교시설. 일정 여유를 위해 상한 적용. 실제 관람 소요시간이 아닌 추정값.""}}"
"osaka_draft_718edcaf3985","海月文庫アートスペース","구라게 문고 아트스페이스","문화","大阪市淀川区","大阪市淀川区木川東3-3-12","34.7265771","135.4930465","전시 기간 중 11:00–19:00; 마지막 날 16:00 또는 17:00 종료",,"120","0",,"https://www.kuragebunko.com/","https://www.kuragebunko.com/","2026-09-26","","사용자 제공 체류시간 범위 90~120분, 관광 명소(문화·자연 포함). 일정 여유를 위해 상한 적용. 실제 관람 소요시간이 아닌 추정값.","","https://www.openstreetmap.org/node/9704704688 | https://www.kuragebunko.com/about/","https://www.kuragebunko.com/","https://www.kuragebunko.com/","","https://github.com/travel-recommender/gachilo/issues/1","","","cost | covered","exhibition_schedule_required","전시가 없는 날 개방 여부는 별도 확인.","false","{""name"":{""kind"":""osm"",""url"":""https://www.openstreetmap.org/node/9704704688""},""category"":{""kind"":""osm"",""url"":""https://www.openstreetmap.org/node/9704704688""},""latitude"":{""kind"":""osm"",""url"":""https://www.openstreetmap.org/node/9704704688""},""longitude"":{""kind"":""osm"",""url"":""https://www.openstreetmap.org/node/9704704688""},""website"":{""kind"":""osm"",""url"":""https://www.openstreetmap.org/node/9704704688""},""address"":{""kind"":""official_web_review"",""urls"":[""https://www.kuragebunko.com/""],""checked_at"":""2026-09-26"",""evidence_window"":""2026-09-24/2026-09-26""},""opening_hours"":{""kind"":""official_web_review"",""urls"":[""https://www.kuragebunko.com/""],""checked_at"":""2026-09-26"",""evidence_window"":""2026-09-24/2026-09-26""},""opening_hours_source"":{""kind"":""official_web_review"",""urls"":[""https://www.kuragebunko.com/""],""checked_at"":""2026-09-26"",""evidence_window"":""2026-09-24/2026-09-26""},""verified_at"":{""kind"":""review_date_only"",""check_id"":""osaka_draft_718edcaf3985_address_hours_20260926"",""note"":""장소 전체 또는 일정 사용 가능 판정이 아님. 검증 범위는 필드 출처 참조.""},""area"":{""kind"":""derived_from_official_address"",""urls"":[""https://www.kuragebunko.com/""],""checked_at"":""2026-09-26"",""derived_at"":""2026-09-28"",""note"":""공식 출처 주소의 행정구만 추출. 관광 권역·출입구 좌표 추정 아님.""},""name_ko"":{""kind"":""editorial_korean_translation"",""urls"":[""https://www.openstreetmap.org/node/9704704688"",""https://www.kuragebunko.com/about/""],""checked_at"":""2026-09-28"",""revision"":""korean_display_names_20260928"",""original_name"":""海月文庫アートスペース"",""note"":""검토 편의를 위한 원문 기반 한국어 번역·음역. 공식 한국어 명칭 또는 지점 검증 완료를 의미하지 않음. 원문 name을 검색 시 함께 사용.""},""bag_load"":{""kind"":""team_rule_estimate"",""urls"":[""https://github.com/travel-recommender/gachilo/issues/1""],""checked_at"":""2026-09-29"",""revision"":""team_planning_rules_20260929"",""note"":""기존 get_luggage_score와 동일: 쇼핑 2, 지정 시장·상점가·아메리카무라·신세카이 1, 나머지 0. kg가 아닌 상대 점수.""},""stay_min"":{""kind"":""team_rule_estimate"",""urls"":[""https://github.com/travel-recommender/gachilo/issues/1""],""checked_at"":""2026-09-29"",""revision"":""team_planning_rules_20260929"",""note"":""사용자 제공 체류시간 범위 90~120분, 관광 명소(문화·자연 포함). 일정 여유를 위해 상한 적용. 실제 관람 소요시간이 아닌 추정값.""}}"
"osaka_draft_d7da3fdbeaf6","絹谷幸二 天空美術館","기누타니 고지 천공미술관","문화","大阪市北区","大阪市北区大淀中1-1-30 梅田スカイビルタワーウエスト27F","34.7052685","135.4896361","10:00–18:00; 금·토·공휴일 전날 10:00–20:00; 입장 종료 30분 전; 화요일 휴관(공휴일이면 다음 평일), 12월 30일–1월 3일·전시교체 휴관","1300","120","0","true","https://www.kinutani-tenku.jp/","https://www.kinutani-tenku.jp/","2026-09-28","성인 일반 입장료 JPY. 타워 웨스트 27층 미술관 전시 기준.","사용자 제공 체류시간 범위 90~120분, 관광 명소(문화·자연 포함). 일정 여유를 위해 상한 적용. 실제 관람 소요시간이 아닌 추정값.","성인 일반 입장료 JPY. 타워 웨스트 27층 미술관 전시 기준.","https://www.openstreetmap.org/node/12782416201","https://www.kinutani-tenku.jp/","https://www.kinutani-tenku.jp/","https://www.kinutani-tenku.jp/","https://github.com/travel-recommender/gachilo/issues/1","https://www.kinutani-tenku.jp/","","","","성인 일반 입장료 JPY. 타워 웨스트 27층 미술관 전시 기준.","false","{""name"":{""kind"":""osm"",""url"":""https://www.openstreetmap.org/node/12782416201""},""category"":{""kind"":""osm"",""url"":""https://www.openstreetmap.org/node/12782416201""},""latitude"":{""kind"":""osm"",""url"":""https://www.openstreetmap.org/node/12782416201""},""longitude"":{""kind"":""osm"",""url"":""https://www.openstreetmap.org/node/12782416201""},""website"":{""kind"":""osm"",""url"":""https://www.openstreetmap.org/node/12782416201""},""address"":{""kind"":""official_web_review"",""urls"":[""https://www.kinutani-tenku.jp/""],""checked_at"":""2026-09-26"",""evidence_window"":""2026-09-24/2026-09-26""},""opening_hours"":{""kind"":""official_web_review"",""urls"":[""https://www.kinutani-tenku.jp/""],""checked_at"":""2026-09-26"",""evidence_window"":""2026-09-24/2026-09-26""},""opening_hours_source"":{""kind"":""official_web_review"",""urls"":[""https://www.kinutani-tenku.jp/""],""checked_at"":""2026-09-26"",""evidence_window"":""2026-09-24/2026-09-26""},""verified_at"":{""kind"":""review_date_only"",""note"":""이번에 확인한 필드만 검증. 전체 필드·영업 상태 검증을 뜻하지 않음."",""check_id"":""official_fields_20260928""},""cost"":{""kind"":""official_web_review"",""urls"":[""https://www.kinutani-tenku.jp/""],""checked_at"":""2026-09-28"",""note"":""성인 일반 입장료 JPY. 타워 웨스트 27층 미술관 전시 기준.""},""covered"":{""kind"":""classification_from_official_description"",""urls"":[""https://www.kinutani-tenku.jp/""],""checked_at"":""2026-09-28"",""note"":""성인 일반 입장료 JPY. 타워 웨스트 27층 미술관 전시 기준.""},""area"":{""kind"":""derived_from_official_address"",""urls"":[""https://www.kinutani-tenku.jp/""],""checked_at"":""2026-09-26"",""derived_at"":""2026-09-28"",""note"":""공식 출처 주소의 행정구만 추출. 관광 권역·출입구 좌표 추정 아님.""},""name_ko"":{""kind"":""editorial_korean_translation"",""urls"":[""https://www.openstreetmap.org/node/12782416201""],""checked_at"":""2026-09-28"",""revision"":""korean_display_names_20260928"",""original_name"":""絹谷幸二 天空美術館"",""note"":""검토 편의를 위한 원문 기반 한국어 번역·음역. 공식 한국어 명칭 또는 지점 검증 완료를 의미하지 않음. 원문 name을 검색 시 함께 사용.""},""bag_load"":{""kind"":""team_rule_estimate"",""urls"":[""https://github.com/travel-recommender/gachilo/issues/1""],""checked_at"":""2026-09-29"",""revision"":""team_planning_rules_20260929"",""note"":""기존 get_luggage_score와 동일: 쇼핑 2, 지정 시장·상점가·아메리카무라·신세카이 1, 나머지 0. kg가 아닌 상대 점수.""},""stay_min"":{""kind"":""team_rule_estimate"",""urls"":[""https://github.com/travel-recommender/gachilo/issues/1""],""checked_at"":""2026-09-29"",""revision"":""team_planning_rules_20260929"",""note"":""사용자 제공 체류시간 범위 90~120분, 관광 명소(문화·자연 포함). 일정 여유를 위해 상한 적용. 실제 관람 소요시간이 아닌 추정값.""}}"
"osaka_draft_04b34bc4e6e2","高津宮","고즈구 신사","문화","大阪市中央区","大阪市中央区高津1-1-29","34.6686688","135.5138971","경내 06:00–18:00; 신전 17:00 닫음; 사무소 09:00–17:00, 기도 접수 16:00까지","0","90","0",,"https://www.kouzu.or.jp/","https://osaka-info.jp/experience/ja/osaka/spot/529","2026-09-28","오사카 관광국 고즈구 안내. cost는 일반 참배 기준으로 유료 기도·행사 제외.","사용자 제공 체류시간 범위 45~90분, 신사·사찰·종교시설. 일정 여유를 위해 상한 적용. 실제 관람 소요시간이 아닌 추정값.","","https://www.openstreetmap.org/way/1121693756","https://kouzu.or.jp/","https://kouzu.or.jp/","https://osaka-info.jp/experience/ja/osaka/spot/529","https://github.com/travel-recommender/gachilo/issues/1","","","covered","","오사카 관광국 고즈구 안내. cost는 일반 참배 기준으로 유료 기도·행사 제외.","false","{""name"":{""kind"":""osm"",""url"":""https://www.openstreetmap.org/way/1121693756""},""category"":{""kind"":""osm"",""url"":""https://www.openstreetmap.org/way/1121693756""},""latitude"":{""kind"":""osm"",""url"":""https://www.openstreetmap.org/way/1121693756""},""longitude"":{""kind"":""osm"",""url"":""https://www.openstreetmap.org/way/1121693756""},""website"":{""kind"":""osm"",""url"":""https://www.openstreetmap.org/way/1121693756""},""address"":{""kind"":""official_web_review"",""urls"":[""https://kouzu.or.jp/""],""checked_at"":""2026-09-26"",""evidence_window"":""2026-09-24/2026-09-26""},""verified_at"":{""kind"":""review_date_only"",""urls"":[""https://osaka-info.jp/experience/ja/osaka/spot/529""],""checked_at"":""2026-09-28"",""note"":""오사카 관광국 고즈구 안내. cost는 일반 참배 기준으로 유료 기도·행사 제외."",""revision"":""official_fields_20260928_v2""},""area"":{""kind"":""derived_from_official_address"",""urls"":[""https://kouzu.or.jp/""],""checked_at"":""2026-09-26"",""derived_at"":""2026-09-28"",""note"":""공식 출처 주소의 행정구만 추출. 관광 권역·출입구 좌표 추정 아님.""},""opening_hours"":{""kind"":""official_web_review"",""urls"":[""https://osaka-info.jp/experience/ja/osaka/spot/529""],""checked_at"":""2026-09-28"",""note"":""오사카 관광국 고즈구 안내. cost는 일반 참배 기준으로 유료 기도·행사 제외."",""revision"":""official_fields_20260928_v2""},""cost"":{""kind"":""official_web_review"",""urls"":[""https://osaka-info.jp/experience/ja/osaka/spot/529""],""checked_at"":""2026-09-28"",""note"":""오사카 관광국 고즈구 안내. cost는 일반 참배 기준으로 유료 기도·행사 제외."",""revision"":""official_fields_20260928_v2""},""opening_hours_source"":{""kind"":""official_web_review"",""urls"":[""https://osaka-info.jp/experience/ja/osaka/spot/529""],""checked_at"":""2026-09-28"",""note"":""오사카 관광국 고즈구 안내. cost는 일반 참배 기준으로 유료 기도·행사 제외."",""revision"":""official_fields_20260928_v2""},""name_ko"":{""kind"":""editorial_korean_translation"",""urls"":[""https://www.openstreetmap.org/way/1121693756""],""checked_at"":""2026-09-28"",""revision"":""korean_display_names_20260928"",""original_name"":""高津宮"",""note"":""검토 편의를 위한 원문 기반 한국어 번역·음역. 공식 한국어 명칭 또는 지점 검증 완료를 의미하지 않음. 원문 name을 검색 시 함께 사용.""},""bag_load"":{""kind"":""team_rule_estimate"",""urls"":[""https://github.com/travel-recommender/gachilo/issues/1""],""checked_at"":""2026-09-29"",""revision"":""team_planning_rules_20260929"",""note"":""기존 get_luggage_score와 동일: 쇼핑 2, 지정 시장·상점가·아메리카무라·신세카이 1, 나머지 0. kg가 아닌 상대 점수.""},""stay_min"":{""kind"":""team_rule_estimate"",""urls"":[""https://github.com/travel-recommender/gachilo/issues/1""],""checked_at"":""2026-09-29"",""revision"":""team_planning_rules_20260929"",""note"":""사용자 제공 체류시간 범위 45~90분, 신사·사찰·종교시설. 일정 여유를 위해 상한 적용. 실제 관람 소요시간이 아닌 추정값.""}}"
"osaka_draft_1289b4aecc32","慶沢園","게이타쿠엔 정원","자연","大阪市天王寺区","大阪市天王寺区茶臼山町1 天王寺公園内","34.6497143","135.5113458","09:30–17:00(입장 16:30까지); 5·9월 토·일·공휴일 18:00까지(입장 17:30까지); 월요일 휴원(공휴일이면 다음 평일), 12월 29일–1월 1일 휴원","300","120","0","false","https://www.city.osaka.lg.jp/kensetsu/page/0000524172.html","https://www.city.osaka.lg.jp/kensetsu/page/0000524172.html","2026-09-28","성인 일반 입장료 JPY. 야외 회유식 정원 기준. 실내 다실 대관은 별도.","사용자 제공 체류시간 범위 90~120분, 관광 명소(문화·자연 포함). 일정 여유를 위해 상한 적용. 실제 관람 소요시간이 아닌 추정값.","성인 일반 입장료 JPY. 야외 회유식 정원 기준. 실내 다실 대관은 별도.","https://www.openstreetmap.org/way/765953897","https://www.city.osaka.lg.jp/kensetsu/page/0000524172.html","https://www.city.osaka.lg.jp/kensetsu/page/0000524172.html","https://www.city.osaka.lg.jp/kensetsu/page/0000524172.html","https://github.com/travel-recommender/gachilo/issues/1","https://www.city.osaka.lg.jp/kensetsu/page/0000524172.html","","","","폭풍 경보 시 임시 휴원. 같은 페이지의 차우스야마 07:00–22:00과 구분. | 성인 일반 입장료 JPY. 야외 회유식 정원 기준. 실내 다실 대관은 별도.","false","{""name"":{""kind"":""osm"",""url"":""https://www.openstreetmap.org/way/765953897""},""category"":{""kind"":""osm"",""url"":""https://www.openstreetmap.org/way/765953897""},""latitude"":{""kind"":""osm"",""url"":""https://www.openstreetmap.org/way/765953897""},""longitude"":{""kind"":""osm"",""url"":""https://www.openstreetmap.org/way/765953897""},""opening_hours"":{""kind"":""official_web_review"",""urls"":[""https://www.city.osaka.lg.jp/kensetsu/page/0000524172.html""],""checked_at"":""2026-09-26"",""evidence_window"":""2026-09-24/2026-09-26""},""website"":{""kind"":""osm"",""url"":""https://www.openstreetmap.org/way/765953897""},""address"":{""kind"":""official_web_review"",""urls"":[""https://www.city.osaka.lg.jp/kensetsu/page/0000524172.html""],""checked_at"":""2026-09-26"",""evidence_window"":""2026-09-24/2026-09-26""},""opening_hours_source"":{""kind"":""official_web_review"",""urls"":[""https://www.city.osaka.lg.jp/kensetsu/page/0000524172.html""],""checked_at"":""2026-09-26"",""evidence_window"":""2026-09-24/2026-09-26""},""verified_at"":{""kind"":""review_date_only"",""note"":""이번에 확인한 필드만 검증. 전체 필드·영업 상태 검증을 뜻하지 않음."",""check_id"":""official_fields_20260928""},""cost"":{""kind"":""official_web_review"",""urls"":[""https://www.city.osaka.lg.jp/kensetsu/page/0000524172.html""],""checked_at"":""2026-09-28"",""note"":""성인 일반 입장료 JPY. 야외 회유식 정원 기준. 실내 다실 대관은 별도.""},""covered"":{""kind"":""classification_from_official_description"",""urls"":[""https://www.city.osaka.lg.jp/kensetsu/page/0000524172.html""],""checked_at"":""2026-09-28"",""note"":""성인 일반 입장료 JPY. 야외 회유식 정원 기준. 실내 다실 대관은 별도.""},""area"":{""kind"":""derived_from_official_address"",""urls"":[""https://www.city.osaka.lg.jp/kensetsu/page/0000524172.html""],""checked_at"":""2026-09-26"",""derived_at"":""2026-09-28"",""note"":""공식 출처 주소의 행정구만 추출. 관광 권역·출입구 좌표 추정 아님.""},""name_ko"":{""kind"":""editorial_korean_translation"",""urls"":[""https://www.openstreetmap.org/way/765953897""],""checked_at"":""2026-09-28"",""revision"":""korean_display_names_20260928"",""original_name"":""慶沢園"",""note"":""검토 편의를 위한 원문 기반 한국어 번역·음역. 공식 한국어 명칭 또는 지점 검증 완료를 의미하지 않음. 원문 name을 검색 시 함께 사용.""},""bag_load"":{""kind"":""team_rule_estimate"",""urls"":[""https://github.com/travel-recommender/gachilo/issues/1""],""checked_at"":""2026-09-29"",""revision"":""team_planning_rules_20260929"",""note"":""기존 get_luggage_score와 동일: 쇼핑 2, 지정 시장·상점가·아메리카무라·신세카이 1, 나머지 0. kg가 아닌 상대 점수.""},""stay_min"":{""kind"":""team_rule_estimate"",""urls"":[""https://github.com/travel-recommender/gachilo/issues/1""],""checked_at"":""2026-09-29"",""revision"":""team_planning_rules_20260929"",""note"":""사용자 제공 체류시간 범위 90~120분, 관광 명소(문화·자연 포함). 일정 여유를 위해 상한 적용. 실제 관람 소요시간이 아닌 추정값.""}}"
"osaka_draft_c62644984874","桜之宮公園","사쿠라노미야 공원","자연","大阪市北区","大阪市北区天満1丁目・天満橋1～2丁目","34.704941","135.520714","24/7",,"120","0",,"https://www.osakapark.osgf.or.jp/kema_sakuranomiya/",,"2026-09-26","","사용자 제공 체류시간 범위 90~120분, 관광 명소(문화·자연 포함). 일정 여유를 위해 상한 적용. 실제 관람 소요시간이 아닌 추정값.","","https://www.openstreetmap.org/relation/7175826","https://www.city.osaka.lg.jp/kita/page/0000001658.html","https://www.city.osaka.lg.jp/kita/page/0000001658.html","","https://github.com/travel-recommender/gachilo/issues/1","","","cost | covered | opening_hours_source","","공원 소재 지역 주소. 상세 출입구 주소가 아님.","false","{""name"":{""kind"":""osm"",""url"":""https://www.openstreetmap.org/relation/7175826""},""category"":{""kind"":""osm"",""url"":""https://www.openstreetmap.org/relation/7175826""},""latitude"":{""kind"":""osm"",""url"":""https://www.openstreetmap.org/relation/7175826""},""longitude"":{""kind"":""osm"",""url"":""https://www.openstreetmap.org/relation/7175826""},""opening_hours"":{""kind"":""osm"",""url"":""https://www.openstreetmap.org/relation/7175826""},""website"":{""kind"":""osm"",""url"":""https://www.openstreetmap.org/relation/7175826""},""address"":{""kind"":""official_web_review"",""urls"":[""https://www.city.osaka.lg.jp/kita/page/0000001658.html""],""checked_at"":""2026-09-26"",""evidence_window"":""2026-09-24/2026-09-26""},""verified_at"":{""kind"":""review_date_only"",""check_id"":""osaka_draft_c62644984874_address_hours_20260926"",""note"":""장소 전체 또는 일정 사용 가능 판정이 아님. 검증 범위는 필드 출처 참조.""},""area"":{""kind"":""derived_from_official_address"",""urls"":[""https://www.city.osaka.lg.jp/kita/page/0000001658.html""],""checked_at"":""2026-09-26"",""derived_at"":""2026-09-28"",""note"":""공식 출처 주소의 행정구만 추출. 관광 권역·출입구 좌표 추정 아님.""},""name_ko"":{""kind"":""editorial_korean_translation"",""urls"":[""https://www.openstreetmap.org/relation/7175826""],""checked_at"":""2026-09-28"",""revision"":""korean_display_names_20260928"",""original_name"":""桜之宮公園"",""note"":""검토 편의를 위한 원문 기반 한국어 번역·음역. 공식 한국어 명칭 또는 지점 검증 완료를 의미하지 않음. 원문 name을 검색 시 함께 사용.""},""bag_load"":{""kind"":""team_rule_estimate"",""urls"":[""https://github.com/travel-recommender/gachilo/issues/1""],""checked_at"":""2026-09-29"",""revision"":""team_planning_rules_20260929"",""note"":""기존 get_luggage_score와 동일: 쇼핑 2, 지정 시장·상점가·아메리카무라·신세카이 1, 나머지 0. kg가 아닌 상대 점수.""},""stay_min"":{""kind"":""team_rule_estimate"",""urls"":[""https://github.com/travel-recommender/gachilo/issues/1""],""checked_at"":""2026-09-29"",""revision"":""team_planning_rules_20260929"",""note"":""사용자 제공 체류시간 범위 90~120분, 관광 명소(문화·자연 포함). 일정 여유를 위해 상한 적용. 실제 관람 소요시간이 아닌 추정값.""}}"
"osaka_draft_9e900589aec0","西の丸庭園","니시노마루 정원","자연","大阪市中央区","大阪市中央区大阪城2","34.6870987","135.5230444","Jan 04-Dec 28 09:00-17:30","300","120","0","false","https://www.osakacastle.net/park/",,"2026-09-28","오사카시 고시 제1572호: 2026-04-01부터 1인 1회 300엔. 관광국의 옛 200엔보다 시행일 있는 공식 고시 우선. 시간 충돌은 별도로 보류.","사용자 제공 체류시간 범위 90~120분, 관광 명소(문화·자연 포함). 일정 여유를 위해 상한 적용. 실제 관람 소요시간이 아닌 추정값.","공식 관광국 위치와 야외 정원 확인. 가격은 별도 2026년 시청 고시를 적용하며 시간 충돌은 유지.","https://www.openstreetmap.org/way/159278501","https://osaka-info.jp/spot/osaka-castle-nishinomaru-garden/","https://osaka-info.jp/spot/osaka-castle-nishinomaru-garden/","https://www.city.osaka.lg.jp/koho/cmsfiles/0000015/15373/15373.pdf","https://github.com/travel-recommender/gachilo/issues/1","https://osaka-info.jp/spot/osaka-castle-nishinomaru-garden/","","opening_hours_source","hours_conflict","기존 사이트가 다른 공원 페이지로 이동. 정원 전용 안내 재확인 필요. | 공식 관광국 위치와 야외 정원 확인. 가격은 별도 2026년 시청 고시를 적용하며 시간 충돌은 유지. | 오사카시 고시 제1572호: 2026-04-01부터 1인 1회 300엔. 관광국의 옛 200엔보다 시행일 있는 공식 고시 우선. 시간 충돌은 별도로 보류.","false","{""name"":{""kind"":""osm"",""url"":""https://www.openstreetmap.org/way/159278501""},""category"":{""kind"":""osm"",""url"":""https://www.openstreetmap.org/way/159278501""},""latitude"":{""kind"":""osm"",""url"":""https://www.openstreetmap.org/way/159278501""},""longitude"":{""kind"":""osm"",""url"":""https://www.openstreetmap.org/way/159278501""},""opening_hours"":{""kind"":""osm"",""url"":""https://www.openstreetmap.org/way/159278501""},""website"":{""kind"":""osm"",""url"":""https://www.openstreetmap.org/way/159278501""},""address"":{""kind"":""official_web_review"",""urls"":[""https://osaka-info.jp/spot/osaka-castle-nishinomaru-garden/""],""checked_at"":""2026-09-28"",""note"":""공식 관광국 위치와 야외 정원 확인. 가격은 별도 2026년 시청 고시를 적용하며 시간 충돌은 유지.""},""covered"":{""kind"":""classification_from_official_description"",""urls"":[""https://osaka-info.jp/spot/osaka-castle-nishinomaru-garden/""],""checked_at"":""2026-09-28"",""note"":""공식 관광국 위치와 야외 정원 확인. 가격은 별도 2026년 시청 고시를 적용하며 시간 충돌은 유지.""},""verified_at"":{""kind"":""review_date_only"",""note"":""이번에 확인한 필드만 검증. 전체 필드·영업 상태 검증을 뜻하지 않음."",""check_id"":""official_fields_20260928""},""cost"":{""kind"":""official_web_review"",""urls"":[""https://www.city.osaka.lg.jp/koho/cmsfiles/0000015/15373/15373.pdf""],""checked_at"":""2026-09-28"",""note"":""오사카시 고시 제1572호: 2026-04-01부터 1인 1회 300엔. 관광국의 옛 200엔보다 시행일 있는 공식 고시 우선. 시간 충돌은 별도로 보류.""},""area"":{""kind"":""derived_from_official_address"",""urls"":[""https://osaka-info.jp/spot/osaka-castle-nishinomaru-garden/""],""checked_at"":""2026-09-28"",""derived_at"":""2026-09-28"",""note"":""공식 출처 주소의 행정구만 추출. 관광 권역·출입구 좌표 추정 아님.""},""name_ko"":{""kind"":""editorial_korean_translation"",""urls"":[""https://www.openstreetmap.org/way/159278501""],""checked_at"":""2026-09-28"",""revision"":""korean_display_names_20260928"",""original_name"":""西の丸庭園"",""note"":""검토 편의를 위한 원문 기반 한국어 번역·음역. 공식 한국어 명칭 또는 지점 검증 완료를 의미하지 않음. 원문 name을 검색 시 함께 사용.""},""bag_load"":{""kind"":""team_rule_estimate"",""urls"":[""https://github.com/travel-recommender/gachilo/issues/1""],""checked_at"":""2026-09-29"",""revision"":""team_planning_rules_20260929"",""note"":""기존 get_luggage_score와 동일: 쇼핑 2, 지정 시장·상점가·아메리카무라·신세카이 1, 나머지 0. kg가 아닌 상대 점수.""},""stay_min"":{""kind"":""team_rule_estimate"",""urls"":[""https://github.com/travel-recommender/gachilo/issues/1""],""checked_at"":""2026-09-29"",""revision"":""team_planning_rules_20260929"",""note"":""사용자 제공 체류시간 범위 90~120분, 관광 명소(문화·자연 포함). 일정 여유를 위해 상한 적용. 실제 관람 소요시간이 아닌 추정값.""}}"
"osaka_draft_f72944194ef3","千島公園","지시마 공원","자연","大阪市大正区","大阪市大正区千島2丁目7","34.6490799","135.4740853","상시 개방; 부속 시설은 별도 운영",,"120","0","false","https://parksgreenery.city.osaka.lg.jp/article/expo_park7/","https://parksgreenery.city.osaka.lg.jp/article/expo_park7/","2026-09-28","","사용자 제공 체류시간 범위 90~120분, 관광 명소(문화·자연 포함). 일정 여유를 위해 상한 적용. 실제 관람 소요시간이 아닌 추정값.","시청 공식 안내의 쇼와산·산책로 등 주요 야외 공간 기준. 공원 안 체육관은 별도.","https://www.openstreetmap.org/way/34993780","https://parksgreenery.city.osaka.lg.jp/article/expo_park7/","https://parksgreenery.city.osaka.lg.jp/article/expo_park7/","","https://github.com/travel-recommender/gachilo/issues/1","https://parksgreenery.city.osaka.lg.jp/article/expo_park7/","https://parksgreenery.city.osaka.lg.jp/article/expo_park7/","cost","","기존 공식 검증 기록의 시설 안내 페이지를 다시 열어 관련 시설·지점을 확인. 전용 홈페이지가 없는 공원은 시청 공식 소개 링크 사용. | 시청 공식 안내의 쇼와산·산책로 등 주요 야외 공간 기준. 공원 안 체육관은 별도.","false","{""name"":{""kind"":""osm"",""url"":""https://www.openstreetmap.org/way/34993780""},""category"":{""kind"":""osm"",""url"":""https://www.openstreetmap.org/way/34993780""},""latitude"":{""kind"":""osm"",""url"":""https://www.openstreetmap.org/way/34993780""},""longitude"":{""kind"":""osm"",""url"":""https://www.openstreetmap.org/way/34993780""},""opening_hours"":{""kind"":""official_web_review"",""urls"":[""https://parksgreenery.city.osaka.lg.jp/article/expo_park7/""],""checked_at"":""2026-09-26"",""evidence_window"":""2026-09-24/2026-09-26""},""address"":{""kind"":""official_web_review"",""urls"":[""https://parksgreenery.city.osaka.lg.jp/article/expo_park7/""],""checked_at"":""2026-09-26"",""evidence_window"":""2026-09-24/2026-09-26""},""opening_hours_source"":{""kind"":""official_web_review"",""urls"":[""https://parksgreenery.city.osaka.lg.jp/article/expo_park7/""],""checked_at"":""2026-09-26"",""evidence_window"":""2026-09-24/2026-09-26""},""verified_at"":{""kind"":""review_date_only"",""note"":""이번에 확인한 필드만 검증. 전체 필드·영업 상태 검증을 뜻하지 않음."",""check_id"":""official_fields_20260928""},""website"":{""kind"":""official_web_review"",""urls"":[""https://parksgreenery.city.osaka.lg.jp/article/expo_park7/""],""checked_at"":""2026-09-28"",""note"":""기존 공식 검증 기록의 시설 안내 페이지를 다시 열어 관련 시설·지점을 확인. 전용 홈페이지가 없는 공원은 시청 공식 소개 링크 사용.""},""area"":{""kind"":""derived_from_official_address"",""urls"":[""https://parksgreenery.city.osaka.lg.jp/article/expo_park7/""],""checked_at"":""2026-09-26"",""derived_at"":""2026-09-28"",""note"":""공식 출처 주소의 행정구만 추출. 관광 권역·출입구 좌표 추정 아님.""},""covered"":{""kind"":""classification_from_official_description"",""urls"":[""https://parksgreenery.city.osaka.lg.jp/article/expo_park7/""],""checked_at"":""2026-09-28"",""note"":""시청 공식 안내의 쇼와산·산책로 등 주요 야외 공간 기준. 공원 안 체육관은 별도."",""revision"":""official_fields_20260928_v2""},""name_ko"":{""kind"":""editorial_korean_translation"",""urls"":[""https://www.openstreetmap.org/way/34993780""],""checked_at"":""2026-09-28"",""revision"":""korean_display_names_20260928"",""original_name"":""千島公園"",""note"":""검토 편의를 위한 원문 기반 한국어 번역·음역. 공식 한국어 명칭 또는 지점 검증 완료를 의미하지 않음. 원문 name을 검색 시 함께 사용.""},""bag_load"":{""kind"":""team_rule_estimate"",""urls"":[""https://github.com/travel-recommender/gachilo/issues/1""],""checked_at"":""2026-09-29"",""revision"":""team_planning_rules_20260929"",""note"":""기존 get_luggage_score와 동일: 쇼핑 2, 지정 시장·상점가·아메리카무라·신세카이 1, 나머지 0. kg가 아닌 상대 점수.""},""stay_min"":{""kind"":""team_rule_estimate"",""urls"":[""https://github.com/travel-recommender/gachilo/issues/1""],""checked_at"":""2026-09-29"",""revision"":""team_planning_rules_20260929"",""note"":""사용자 제공 체류시간 범위 90~120분, 관광 명소(문화·자연 포함). 일정 여유를 위해 상한 적용. 실제 관람 소요시간이 아닌 추정값.""}}"
"osaka_draft_a66fcd05acfb","南天満公園","미나미텐마 공원","자연","大阪市北区","大阪市北区天神橋1丁目・天満2～4丁目","34.691977","135.5146066","24/7",,"120","0",,"https://www.city.osaka.lg.jp/kita/page/0000001658.html",,"2026-09-28","","사용자 제공 체류시간 범위 90~120분, 관광 명소(문화·자연 포함). 일정 여유를 위해 상한 적용. 실제 관람 소요시간이 아닌 추정값.","","https://www.openstreetmap.org/way/161621411","https://www.city.osaka.lg.jp/kita/page/0000001658.html","https://www.city.osaka.lg.jp/kita/page/0000001658.html","","https://github.com/travel-recommender/gachilo/issues/1","","https://www.city.osaka.lg.jp/kita/page/0000001658.html","cost | covered | opening_hours_source","","공원 소재 지역 주소. | 기존 공식 검증 기록의 시설 안내 페이지를 다시 열어 관련 시설·지점을 확인. 전용 홈페이지가 없는 공원은 시청 공식 소개 링크 사용.","false","{""name"":{""kind"":""osm"",""url"":""https://www.openstreetmap.org/way/161621411""},""category"":{""kind"":""osm"",""url"":""https://www.openstreetmap.org/way/161621411""},""latitude"":{""kind"":""osm"",""url"":""https://www.openstreetmap.org/way/161621411""},""longitude"":{""kind"":""osm"",""url"":""https://www.openstreetmap.org/way/161621411""},""opening_hours"":{""kind"":""osm"",""url"":""https://www.openstreetmap.org/way/161621411""},""address"":{""kind"":""official_web_review"",""urls"":[""https://www.city.osaka.lg.jp/kita/page/0000001658.html""],""checked_at"":""2026-09-26"",""evidence_window"":""2026-09-24/2026-09-26""},""verified_at"":{""kind"":""review_date_only"",""note"":""이번에 확인한 필드만 검증. 전체 필드·영업 상태 검증을 뜻하지 않음."",""check_id"":""official_fields_20260928""},""website"":{""kind"":""official_web_review"",""urls"":[""https://www.city.osaka.lg.jp/kita/page/0000001658.html""],""checked_at"":""2026-09-28"",""note"":""기존 공식 검증 기록의 시설 안내 페이지를 다시 열어 관련 시설·지점을 확인. 전용 홈페이지가 없는 공원은 시청 공식 소개 링크 사용.""},""area"":{""kind"":""derived_from_official_address"",""urls"":[""https://www.city.osaka.lg.jp/kita/page/0000001658.html""],""checked_at"":""2026-09-26"",""derived_at"":""2026-09-28"",""note"":""공식 출처 주소의 행정구만 추출. 관광 권역·출입구 좌표 추정 아님.""},""name_ko"":{""kind"":""editorial_korean_translation"",""urls"":[""https://www.openstreetmap.org/way/161621411""],""checked_at"":""2026-09-28"",""revision"":""korean_display_names_20260928"",""original_name"":""南天満公園"",""note"":""검토 편의를 위한 원문 기반 한국어 번역·음역. 공식 한국어 명칭 또는 지점 검증 완료를 의미하지 않음. 원문 name을 검색 시 함께 사용.""},""bag_load"":{""kind"":""team_rule_estimate"",""urls"":[""https://github.com/travel-recommender/gachilo/issues/1""],""checked_at"":""2026-09-29"",""revision"":""team_planning_rules_20260929"",""note"":""기존 get_luggage_score와 동일: 쇼핑 2, 지정 시장·상점가·아메리카무라·신세카이 1, 나머지 0. kg가 아닌 상대 점수.""},""stay_min"":{""kind"":""team_rule_estimate"",""urls"":[""https://github.com/travel-recommender/gachilo/issues/1""],""checked_at"":""2026-09-29"",""revision"":""team_planning_rules_20260929"",""note"":""사용자 제공 체류시간 범위 90~120분, 관광 명소(문화·자연 포함). 일정 여유를 위해 상한 적용. 실제 관람 소요시간이 아닌 추정값.""}}"
"osaka_draft_03cde684bd96","毛馬公園","게마 공원","자연","大阪市北区","大阪市北区長柄東1～2丁目・国分寺1丁目","34.7128217","135.5193564","24/7",,"120","0",,"https://www.city.osaka.lg.jp/kita/page/0000001658.html",,"2026-09-28","","사용자 제공 체류시간 범위 90~120분, 관광 명소(문화·자연 포함). 일정 여유를 위해 상한 적용. 실제 관람 소요시간이 아닌 추정값.","","https://www.openstreetmap.org/relation/7175105","https://www.city.osaka.lg.jp/kita/page/0000001658.html","https://www.city.osaka.lg.jp/kita/page/0000001658.html","","https://github.com/travel-recommender/gachilo/issues/1","","https://www.city.osaka.lg.jp/kita/page/0000001658.html","cost | covered | opening_hours_source","","공원 소재 지역 주소. | 기존 공식 검증 기록의 시설 안내 페이지를 다시 열어 관련 시설·지점을 확인. 전용 홈페이지가 없는 공원은 시청 공식 소개 링크 사용.","false","{""name"":{""kind"":""osm"",""url"":""https://www.openstreetmap.org/relation/7175105""},""category"":{""kind"":""osm"",""url"":""https://www.openstreetmap.org/relation/7175105""},""latitude"":{""kind"":""osm"",""url"":""https://www.openstreetmap.org/relation/7175105""},""longitude"":{""kind"":""osm"",""url"":""https://www.openstreetmap.org/relation/7175105""},""opening_hours"":{""kind"":""osm"",""url"":""https://www.openstreetmap.org/relation/7175105""},""address"":{""kind"":""official_web_review"",""urls"":[""https://www.city.osaka.lg.jp/kita/page/0000001658.html""],""checked_at"":""2026-09-26"",""evidence_window"":""2026-09-24/2026-09-26""},""verified_at"":{""kind"":""review_date_only"",""note"":""이번에 확인한 필드만 검증. 전체 필드·영업 상태 검증을 뜻하지 않음."",""check_id"":""official_fields_20260928""},""website"":{""kind"":""official_web_review"",""urls"":[""https://www.city.osaka.lg.jp/kita/page/0000001658.html""],""checked_at"":""2026-09-28"",""note"":""기존 공식 검증 기록의 시설 안내 페이지를 다시 열어 관련 시설·지점을 확인. 전용 홈페이지가 없는 공원은 시청 공식 소개 링크 사용.""},""area"":{""kind"":""derived_from_official_address"",""urls"":[""https://www.city.osaka.lg.jp/kita/page/0000001658.html""],""checked_at"":""2026-09-26"",""derived_at"":""2026-09-28"",""note"":""공식 출처 주소의 행정구만 추출. 관광 권역·출입구 좌표 추정 아님.""},""name_ko"":{""kind"":""editorial_korean_translation"",""urls"":[""https://www.openstreetmap.org/relation/7175105""],""checked_at"":""2026-09-28"",""revision"":""korean_display_names_20260928"",""original_name"":""毛馬公園"",""note"":""검토 편의를 위한 원문 기반 한국어 번역·음역. 공식 한국어 명칭 또는 지점 검증 완료를 의미하지 않음. 원문 name을 검색 시 함께 사용.""},""bag_load"":{""kind"":""team_rule_estimate"",""urls"":[""https://github.com/travel-recommender/gachilo/issues/1""],""checked_at"":""2026-09-29"",""revision"":""team_planning_rules_20260929"",""note"":""기존 get_luggage_score와 동일: 쇼핑 2, 지정 시장·상점가·아메리카무라·신세카이 1, 나머지 0. kg가 아닌 상대 점수.""},""stay_min"":{""kind"":""team_rule_estimate"",""urls"":[""https://github.com/travel-recommender/gachilo/issues/1""],""checked_at"":""2026-09-29"",""revision"":""team_planning_rules_20260929"",""note"":""사용자 제공 체류시간 범위 90~120분, 관광 명소(문화·자연 포함). 일정 여유를 위해 상한 적용. 실제 관람 소요시간이 아닌 추정값.""}}"
"osaka_draft_e102a263e5a8","淀川河川公園 長柄地区","요도가와 하천공원 나가라 지구","자연","大阪市北区","2 Chome-13-１３地先 Nagaranishi, Kita Ward, Osaka, 531-0061 일본","34.7197908","135.5136285","24/7",,"120","0","false","https://www.yodogawa-park.jp/annai/nagara-kahan/",,"2026-09-28","","사용자 제공 체류시간 범위 90~120분, 관광 명소(문화·자연 포함). 일정 여유를 위해 상한 적용. 실제 관람 소요시간이 아닌 추정값.","나가라 지구 공식 안내의 기타구와 야외 잔디광장 확인. 관리사무소 소재지 모리구치시는 이 장소 주소로 사용하지 않음. 계절별 개원시간은 기존 충돌 표시 유지.","https://www.openstreetmap.org/way/162156955","https://www.yodogawa-park.jp/annai/nagara-kahan/","https://maps.google.com/?cid=249497854434163876 | https://www.openstreetmap.org/way/162156955","","https://github.com/travel-recommender/gachilo/issues/1","https://www.yodogawa-park.jp/annai/nagara-kahan/","https://www.yodogawa-park.jp/annai/nagara-kahan/","cost | opening_hours_source","hours_conflict","기존 24시간 표기와 공원 공개 이용시간 자료가 다름. 대상 구역·최신 규정 확인 필요. | 나가라 지구 공식 안내의 기타구와 야외 잔디광장 확인. 관리사무소 소재지 모리구치시는 이 장소 주소로 사용하지 않음. 계절별 개원시간은 기존 충돌 표시 유지. | Google Maps 장소명·주소와 기존 OSM 위치 대조. 지도 지점 좌표 차이 58.2m. 주소만 확인했으며 영업시간 검증 아님.","false","{""name"":{""kind"":""osm"",""url"":""https://www.openstreetmap.org/way/162156955""},""category"":{""kind"":""osm"",""url"":""https://www.openstreetmap.org/way/162156955""},""latitude"":{""kind"":""osm"",""url"":""https://www.openstreetmap.org/way/162156955""},""longitude"":{""kind"":""osm"",""url"":""https://www.openstreetmap.org/way/162156955""},""opening_hours"":{""kind"":""osm"",""url"":""https://www.openstreetmap.org/way/162156955""},""area"":{""kind"":""official_web_review"",""urls"":[""https://www.yodogawa-park.jp/annai/nagara-kahan/""],""checked_at"":""2026-09-28"",""note"":""나가라 지구 공식 안내의 기타구와 야외 잔디광장 확인. 관리사무소 소재지 모리구치시는 이 장소 주소로 사용하지 않음. 계절별 개원시간은 기존 충돌 표시 유지."",""revision"":""official_fields_20260928_v2""},""website"":{""kind"":""official_web_review"",""urls"":[""https://www.yodogawa-park.jp/annai/nagara-kahan/""],""checked_at"":""2026-09-28"",""note"":""나가라 지구 공식 안내의 기타구와 야외 잔디광장 확인. 관리사무소 소재지 모리구치시는 이 장소 주소로 사용하지 않음. 계절별 개원시간은 기존 충돌 표시 유지."",""revision"":""official_fields_20260928_v2""},""covered"":{""kind"":""classification_from_official_description"",""urls"":[""https://www.yodogawa-park.jp/annai/nagara-kahan/""],""checked_at"":""2026-09-28"",""note"":""나가라 지구 공식 안내의 기타구와 야외 잔디광장 확인. 관리사무소 소재지 모리구치시는 이 장소 주소로 사용하지 않음. 계절별 개원시간은 기존 충돌 표시 유지."",""revision"":""official_fields_20260928_v2""},""verified_at"":{""kind"":""review_date_only"",""urls"":[""https://www.yodogawa-park.jp/annai/nagara-kahan/""],""checked_at"":""2026-09-28"",""note"":""나가라 지구 공식 안내의 기타구와 야외 잔디광장 확인. 관리사무소 소재지 모리구치시는 이 장소 주소로 사용하지 않음. 계절별 개원시간은 기존 충돌 표시 유지."",""revision"":""official_fields_20260928_v2""},""name_ko"":{""kind"":""editorial_korean_translation"",""urls"":[""https://www.openstreetmap.org/way/162156955""],""checked_at"":""2026-09-28"",""revision"":""korean_display_names_20260928"",""original_name"":""淀川河川公園 長柄地区"",""note"":""검토 편의를 위한 원문 기반 한국어 번역·음역. 공식 한국어 명칭 또는 지점 검증 완료를 의미하지 않음. 원문 name을 검색 시 함께 사용.""},""address"":{""kind"":""google_maps_ui_review"",""urls"":[""https://maps.google.com/?cid=249497854434163876"",""https://www.openstreetmap.org/way/162156955""],""checked_at"":""2026-09-28"",""revision"":""map_addresses_20260928"",""note"":""Google Maps 장소명·주소와 기존 OSM 위치 대조. 지도 지점 좌표 차이 58.2m. 주소만 확인했으며 영업시간 검증 아님.""},""bag_load"":{""kind"":""team_rule_estimate"",""urls"":[""https://github.com/travel-recommender/gachilo/issues/1""],""checked_at"":""2026-09-29"",""revision"":""team_planning_rules_20260929"",""note"":""기존 get_luggage_score와 동일: 쇼핑 2, 지정 시장·상점가·아메리카무라·신세카이 1, 나머지 0. kg가 아닌 상대 점수.""},""stay_min"":{""kind"":""team_rule_estimate"",""urls"":[""https://github.com/travel-recommender/gachilo/issues/1""],""checked_at"":""2026-09-29"",""revision"":""team_planning_rules_20260929"",""note"":""사용자 제공 체류시간 범위 90~120분, 관광 명소(문화·자연 포함). 일정 여유를 위해 상한 적용. 실제 관람 소요시간이 아닌 추정값.""}}"
"osaka_draft_5f8dd9212a0c","藤田邸跡公園","후지타 저택 터 공원","자연","大阪市都島区","大阪市都島区網島町10","34.6950643","135.5245345","10:00–16:00","0","120","0","false","https://osaka-info.jp/experience/ja/osaka/spot/617","https://osaka-info.jp/experience/ja/osaka/spot/617","2026-09-28","공식 관광 안내의 무료 공개 회유식 야외 정원. 지붕 있는 휴게소와 주요 야외 관람 구역 구분.","사용자 제공 체류시간 범위 90~120분, 관광 명소(문화·자연 포함). 일정 여유를 위해 상한 적용. 실제 관람 소요시간이 아닌 추정값.","공식 관광 안내의 무료 공개 회유식 야외 정원. 지붕 있는 휴게소와 주요 야외 관람 구역 구분.","https://www.openstreetmap.org/way/1301242841","https://osaka-info.jp/experience/ja/osaka/spot/617","https://osaka-info.jp/experience/ja/osaka/spot/617","https://osaka-info.jp/experience/ja/osaka/spot/617","https://github.com/travel-recommender/gachilo/issues/1","https://osaka-info.jp/experience/ja/osaka/spot/617","https://osaka-info.jp/experience/ja/osaka/spot/617","","","정원과 인접 미술관 주소 혼동 가능. 시설별 주소 재확인 필요. | 공식 관광 안내의 무료 공개 회유식 야외 정원. 지붕 있는 휴게소와 주요 야외 관람 구역 구분.","false","{""name"":{""kind"":""osm"",""url"":""https://www.openstreetmap.org/way/1301242841""},""category"":{""kind"":""osm"",""url"":""https://www.openstreetmap.org/way/1301242841""},""latitude"":{""kind"":""osm"",""url"":""https://www.openstreetmap.org/way/1301242841""},""longitude"":{""kind"":""osm"",""url"":""https://www.openstreetmap.org/way/1301242841""},""opening_hours"":{""kind"":""official_web_review"",""urls"":[""https://osaka-info.jp/experience/ja/osaka/spot/617""],""checked_at"":""2026-09-28"",""note"":""공식 관광 안내의 무료 공개 회유식 야외 정원. 지붕 있는 휴게소와 주요 야외 관람 구역 구분.""},""address"":{""kind"":""official_web_review"",""urls"":[""https://osaka-info.jp/experience/ja/osaka/spot/617""],""checked_at"":""2026-09-28"",""note"":""공식 관광 안내의 무료 공개 회유식 야외 정원. 지붕 있는 휴게소와 주요 야외 관람 구역 구분.""},""website"":{""kind"":""official_web_review"",""urls"":[""https://osaka-info.jp/experience/ja/osaka/spot/617""],""checked_at"":""2026-09-28"",""note"":""공식 관광 안내의 무료 공개 회유식 야외 정원. 지붕 있는 휴게소와 주요 야외 관람 구역 구분.""},""opening_hours_source"":{""kind"":""official_web_review"",""urls"":[""https://osaka-info.jp/experience/ja/osaka/spot/617""],""checked_at"":""2026-09-28"",""note"":""공식 관광 안내의 무료 공개 회유식 야외 정원. 지붕 있는 휴게소와 주요 야외 관람 구역 구분.""},""cost"":{""kind"":""official_web_review"",""urls"":[""https://osaka-info.jp/experience/ja/osaka/spot/617""],""checked_at"":""2026-09-28"",""note"":""공식 관광 안내의 무료 공개 회유식 야외 정원. 지붕 있는 휴게소와 주요 야외 관람 구역 구분.""},""covered"":{""kind"":""classification_from_official_description"",""urls"":[""https://osaka-info.jp/experience/ja/osaka/spot/617""],""checked_at"":""2026-09-28"",""note"":""공식 관광 안내의 무료 공개 회유식 야외 정원. 지붕 있는 휴게소와 주요 야외 관람 구역 구분.""},""verified_at"":{""kind"":""review_date_only"",""note"":""이번에 확인한 필드만 검증. 전체 필드·영업 상태 검증을 뜻하지 않음."",""check_id"":""official_fields_20260928""},""area"":{""kind"":""derived_from_official_address"",""urls"":[""https://osaka-info.jp/experience/ja/osaka/spot/617""],""checked_at"":""2026-09-28"",""derived_at"":""2026-09-28"",""note"":""공식 출처 주소의 행정구만 추출. 관광 권역·출입구 좌표 추정 아님.""},""name_ko"":{""kind"":""editorial_korean_translation"",""urls"":[""https://www.openstreetmap.org/way/1301242841""],""checked_at"":""2026-09-28"",""revision"":""korean_display_names_20260928"",""original_name"":""藤田邸跡公園"",""note"":""검토 편의를 위한 원문 기반 한국어 번역·음역. 공식 한국어 명칭 또는 지점 검증 완료를 의미하지 않음. 원문 name을 검색 시 함께 사용.""},""bag_load"":{""kind"":""team_rule_estimate"",""urls"":[""https://github.com/travel-recommender/gachilo/issues/1""],""checked_at"":""2026-09-29"",""revision"":""team_planning_rules_20260929"",""note"":""기존 get_luggage_score와 동일: 쇼핑 2, 지정 시장·상점가·아메리카무라·신세카이 1, 나머지 0. kg가 아닌 상대 점수.""},""stay_min"":{""kind"":""team_rule_estimate"",""urls"":[""https://github.com/travel-recommender/gachilo/issues/1""],""checked_at"":""2026-09-29"",""revision"":""team_planning_rules_20260929"",""note"":""사용자 제공 체류시간 범위 90~120분, 관광 명소(문화·자연 포함). 일정 여유를 위해 상한 적용. 실제 관람 소요시간이 아닌 추정값.""}}"
"osaka_draft_c6de5620d3d0","難波中公園","난바나카 공원","자연","大阪市浪速区","3 Chome-11 Nanbanaka, Naniwa Ward, Osaka, 556-0011 일본","34.6606878","135.4993723","08:00-17:00",,"120","0",,,,,"","사용자 제공 체류시간 범위 90~120분, 관광 명소(문화·자연 포함). 일정 여유를 위해 상한 적용. 실제 관람 소요시간이 아닌 추정값.","","https://www.openstreetmap.org/way/172844586","https://maps.google.com/?cid=4908099958180568253 | https://www.openstreetmap.org/way/172844586","https://maps.google.com/?cid=4908099958180568253 | https://www.openstreetmap.org/way/172844586","","https://github.com/travel-recommender/gachilo/issues/1","","","cost | covered | website | opening_hours_source | verified_at","","동명 공원과 정확한 위치를 대조할 공식 근거 부족. | Google Maps 장소명·주소와 기존 OSM 위치 대조. 지도 지점 좌표 차이 19.3m. 주소만 확인했으며 영업시간 검증 아님.","false","{""name"":{""kind"":""osm"",""url"":""https://www.openstreetmap.org/way/172844586""},""category"":{""kind"":""osm"",""url"":""https://www.openstreetmap.org/way/172844586""},""latitude"":{""kind"":""osm"",""url"":""https://www.openstreetmap.org/way/172844586""},""longitude"":{""kind"":""osm"",""url"":""https://www.openstreetmap.org/way/172844586""},""opening_hours"":{""kind"":""osm"",""url"":""https://www.openstreetmap.org/way/172844586""},""name_ko"":{""kind"":""editorial_korean_translation"",""urls"":[""https://www.openstreetmap.org/way/172844586""],""checked_at"":""2026-09-28"",""revision"":""korean_display_names_20260928"",""original_name"":""難波中公園"",""note"":""검토 편의를 위한 원문 기반 한국어 번역·음역. 공식 한국어 명칭 또는 지점 검증 완료를 의미하지 않음. 원문 name을 검색 시 함께 사용.""},""address"":{""kind"":""google_maps_ui_review"",""urls"":[""https://maps.google.com/?cid=4908099958180568253"",""https://www.openstreetmap.org/way/172844586""],""checked_at"":""2026-09-28"",""revision"":""map_addresses_20260928"",""note"":""Google Maps 장소명·주소와 기존 OSM 위치 대조. 지도 지점 좌표 차이 19.3m. 주소만 확인했으며 영업시간 검증 아님.""},""area"":{""kind"":""derived_from_map_address"",""urls"":[""https://maps.google.com/?cid=4908099958180568253"",""https://www.openstreetmap.org/way/172844586""],""checked_at"":""2026-09-28"",""revision"":""map_addresses_20260928"",""note"":""Google Maps 장소명·주소와 기존 OSM 위치 대조. 지도 지점 좌표 차이 19.3m. 주소만 확인했으며 영업시간 검증 아님.""},""bag_load"":{""kind"":""team_rule_estimate"",""urls"":[""https://github.com/travel-recommender/gachilo/issues/1""],""checked_at"":""2026-09-29"",""revision"":""team_planning_rules_20260929"",""note"":""기존 get_luggage_score와 동일: 쇼핑 2, 지정 시장·상점가·아메리카무라·신세카이 1, 나머지 0. kg가 아닌 상대 점수.""},""stay_min"":{""kind"":""team_rule_estimate"",""urls"":[""https://github.com/travel-recommender/gachilo/issues/1""],""checked_at"":""2026-09-29"",""revision"":""team_planning_rules_20260929"",""note"":""사용자 제공 체류시간 범위 90~120분, 관광 명소(문화·자연 포함). 일정 여유를 위해 상한 적용. 실제 관람 소요시간이 아닌 추정값.""}}"
"osaka_draft_0cf4fe2e0afe","花野・新・里山","신 우메다시티 하나노","자연","大阪市北区","大阪市北区大淀中1-1-88 梅田スカイビル北側","34.7059837","135.4900574",,,"120","0","false","https://www.skybldg.co.jp/study/",,"2026-09-28","","사용자 제공 체류시간 범위 90~120분, 관광 명소(문화·자연 포함). 일정 여유를 위해 상한 적용. 실제 관람 소요시간이 아닌 추정값.","공식 안내의 스카이빌딩 북측 야외 숲. 시설 주소는 https://www.skybldg.co.jp/access/ 에서 확인; 전용 우편주소 아님.","","https://www.skybldg.co.jp/study/ | https://www.skybldg.co.jp/access/","https://www.skybldg.co.jp/study/ | https://www.skybldg.co.jp/access/","","https://github.com/travel-recommender/gachilo/issues/1","https://www.skybldg.co.jp/study/ | https://www.skybldg.co.jp/access/","https://www.skybldg.co.jp/study/ | https://www.skybldg.co.jp/access/","opening_hours | cost | opening_hours_source","","신사토야마·하나노 구역별 주소와 개방 조건 확인 필요. | 공식 안내의 스카이빌딩 북측 야외 숲. 시설 주소는 https://www.skybldg.co.jp/access/ 에서 확인; 전용 우편주소 아님.","false","{""name"":{""kind"":""osm"",""url"":""https://www.openstreetmap.org/way/162186567""},""name_ko"":{""kind"":""previous_draft_not_reverified"",""place_id"":""osaka_draft_0cf4fe2e0afe""},""category"":{""kind"":""osm"",""url"":""https://www.openstreetmap.org/way/162186567""},""latitude"":{""kind"":""osm"",""url"":""https://www.openstreetmap.org/way/162186567""},""longitude"":{""kind"":""osm"",""url"":""https://www.openstreetmap.org/way/162186567""},""website"":{""kind"":""official_web_review"",""urls"":[""https://www.skybldg.co.jp/study/"",""https://www.skybldg.co.jp/access/""],""checked_at"":""2026-09-28"",""note"":""공식 안내의 스카이빌딩 북측 야외 숲. 시설 주소는 https://www.skybldg.co.jp/access/ 에서 확인; 전용 우편주소 아님.""},""address"":{""kind"":""official_web_review"",""urls"":[""https://www.skybldg.co.jp/study/"",""https://www.skybldg.co.jp/access/""],""checked_at"":""2026-09-28"",""note"":""공식 안내의 스카이빌딩 북측 야외 숲. 시설 주소는 https://www.skybldg.co.jp/access/ 에서 확인; 전용 우편주소 아님.""},""covered"":{""kind"":""classification_from_official_description"",""urls"":[""https://www.skybldg.co.jp/study/"",""https://www.skybldg.co.jp/access/""],""checked_at"":""2026-09-28"",""note"":""공식 안내의 스카이빌딩 북측 야외 숲. 시설 주소는 https://www.skybldg.co.jp/access/ 에서 확인; 전용 우편주소 아님.""},""verified_at"":{""kind"":""review_date_only"",""note"":""이번에 확인한 필드만 검증. 전체 필드·영업 상태 검증을 뜻하지 않음."",""check_id"":""official_fields_20260928""},""area"":{""kind"":""derived_from_official_address"",""urls"":[""https://www.skybldg.co.jp/study/"",""https://www.skybldg.co.jp/access/""],""checked_at"":""2026-09-28"",""derived_at"":""2026-09-28"",""note"":""공식 출처 주소의 행정구만 추출. 관광 권역·출입구 좌표 추정 아님.""},""bag_load"":{""kind"":""team_rule_estimate"",""urls"":[""https://github.com/travel-recommender/gachilo/issues/1""],""checked_at"":""2026-09-29"",""revision"":""team_planning_rules_20260929"",""note"":""기존 get_luggage_score와 동일: 쇼핑 2, 지정 시장·상점가·아메리카무라·신세카이 1, 나머지 0. kg가 아닌 상대 점수.""},""stay_min"":{""kind"":""team_rule_estimate"",""urls"":[""https://github.com/travel-recommender/gachilo/issues/1""],""checked_at"":""2026-09-29"",""revision"":""team_planning_rules_20260929"",""note"":""사용자 제공 체류시간 범위 90~120분, 관광 명소(문화·자연 포함). 일정 여유를 위해 상한 적용. 실제 관람 소요시간이 아닌 추정값.""}}"
"osaka_draft_2941efc9ac2d","うめきた公園 サウスパーク","우메키타 공원 사우스 파크","자연","大阪市北区","大阪市北区大深町5番","34.7034592","135.4924625","상시 개방; 부속 시설은 별도 운영",,"120","0",,"https://parksgreenery.city.osaka.lg.jp/article/expo_park16/","https://parksgreenery.city.osaka.lg.jp/article/expo_park16/","2026-09-28","","사용자 제공 체류시간 범위 90~120분, 관광 명소(문화·자연 포함). 일정 여유를 위해 상한 적용. 실제 관람 소요시간이 아닌 추정값.","","https://www.openstreetmap.org/way/1147393995","https://parksgreenery.city.osaka.lg.jp/article/expo_park16/","https://parksgreenery.city.osaka.lg.jp/article/expo_park16/","","https://github.com/travel-recommender/gachilo/issues/1","","https://parksgreenery.city.osaka.lg.jp/article/expo_park16/","cost | covered","","기존 공식 검증 기록의 시설 안내 페이지를 다시 열어 관련 시설·지점을 확인. 전용 홈페이지가 없는 공원은 시청 공식 소개 링크 사용.","false","{""name"":{""kind"":""osm"",""url"":""https://www.openstreetmap.org/way/1147393995""},""category"":{""kind"":""osm"",""url"":""https://www.openstreetmap.org/way/1147393995""},""latitude"":{""kind"":""osm"",""url"":""https://www.openstreetmap.org/way/1147393995""},""longitude"":{""kind"":""osm"",""url"":""https://www.openstreetmap.org/way/1147393995""},""address"":{""kind"":""official_web_review"",""urls"":[""https://parksgreenery.city.osaka.lg.jp/article/expo_park16/""],""checked_at"":""2026-09-26"",""evidence_window"":""2026-09-24/2026-09-26""},""opening_hours"":{""kind"":""official_web_review"",""urls"":[""https://parksgreenery.city.osaka.lg.jp/article/expo_park16/""],""checked_at"":""2026-09-26"",""evidence_window"":""2026-09-24/2026-09-26""},""opening_hours_source"":{""kind"":""official_web_review"",""urls"":[""https://parksgreenery.city.osaka.lg.jp/article/expo_park16/""],""checked_at"":""2026-09-26"",""evidence_window"":""2026-09-24/2026-09-26""},""verified_at"":{""kind"":""review_date_only"",""note"":""이번에 확인한 필드만 검증. 전체 필드·영업 상태 검증을 뜻하지 않음."",""check_id"":""official_fields_20260928""},""website"":{""kind"":""official_web_review"",""urls"":[""https://parksgreenery.city.osaka.lg.jp/article/expo_park16/""],""checked_at"":""2026-09-28"",""note"":""기존 공식 검증 기록의 시설 안내 페이지를 다시 열어 관련 시설·지점을 확인. 전용 홈페이지가 없는 공원은 시청 공식 소개 링크 사용.""},""area"":{""kind"":""derived_from_official_address"",""urls"":[""https://parksgreenery.city.osaka.lg.jp/article/expo_park16/""],""checked_at"":""2026-09-26"",""derived_at"":""2026-09-28"",""note"":""공식 출처 주소의 행정구만 추출. 관광 권역·출입구 좌표 추정 아님.""},""name_ko"":{""kind"":""editorial_korean_translation"",""urls"":[""https://www.openstreetmap.org/way/1147393995""],""checked_at"":""2026-09-28"",""revision"":""korean_display_names_20260928"",""original_name"":""うめきた公園 サウスパーク"",""note"":""검토 편의를 위한 원문 기반 한국어 번역·음역. 공식 한국어 명칭 또는 지점 검증 완료를 의미하지 않음. 원문 name을 검색 시 함께 사용.""},""bag_load"":{""kind"":""team_rule_estimate"",""urls"":[""https://github.com/travel-recommender/gachilo/issues/1""],""checked_at"":""2026-09-29"",""revision"":""team_planning_rules_20260929"",""note"":""기존 get_luggage_score와 동일: 쇼핑 2, 지정 시장·상점가·아메리카무라·신세카이 1, 나머지 0. kg가 아닌 상대 점수.""},""stay_min"":{""kind"":""team_rule_estimate"",""urls"":[""https://github.com/travel-recommender/gachilo/issues/1""],""checked_at"":""2026-09-29"",""revision"":""team_planning_rules_20260929"",""note"":""사용자 제공 체류시간 범위 90~120분, 관광 명소(문화·자연 포함). 일정 여유를 위해 상한 적용. 실제 관람 소요시간이 아닌 추정값.""}}"
"osaka_draft_f852e8e07cf8","かすがえ公園","가스가에 공원","자연","大阪市都島区","大阪市都島区都島本通1丁目19","34.7104108","135.5221222","매일 24시간 (공원 개방시간; 공사·행사 등 임시 통제 별도 확인)",,"120","0",,,"https://maps.google.com/?cid=3778987939280037928","2026-09-30","","사용자 제공 체류시간 범위 90~120분, 관광 명소(문화·자연 포함). 일정 여유를 위해 상한 적용. 실제 관람 소요시간이 아닌 추정값.","","https://www.openstreetmap.org/way/246557701","https://www.city.osaka.lg.jp/miyakojima/page/0000655198.html","https://www.city.osaka.lg.jp/miyakojima/page/0000655198.html","","https://github.com/travel-recommender/gachilo/issues/1","","","cost | covered | website","","2026-09-30: かすがえ公園, 都島本通1丁目19, 좌표와 주소 일치. Google Maps 7일 모두 24시간 표시.","false","{""name"":{""kind"":""osm"",""url"":""https://www.openstreetmap.org/way/246557701""},""category"":{""kind"":""osm"",""url"":""https://www.openstreetmap.org/way/246557701""},""latitude"":{""kind"":""osm"",""url"":""https://www.openstreetmap.org/way/246557701""},""longitude"":{""kind"":""osm"",""url"":""https://www.openstreetmap.org/way/246557701""},""address"":{""kind"":""official_web_review"",""urls"":[""https://www.city.osaka.lg.jp/miyakojima/page/0000655198.html""],""checked_at"":""2026-09-26"",""evidence_window"":""2026-09-24/2026-09-26""},""verified_at"":{""kind"":""google_maps_manual_review"",""urls"":[""https://maps.google.com/?cid=3778987939280037928""],""checked_at"":""2026-09-30"",""revision"":""operating_review_20260930"",""note"":""かすがえ公園, 都島本通1丁目19, 좌표와 주소 일치. Google Maps 7일 모두 24시간 표시.""},""area"":{""kind"":""derived_from_official_address"",""urls"":[""https://www.city.osaka.lg.jp/miyakojima/page/0000655198.html""],""checked_at"":""2026-09-26"",""derived_at"":""2026-09-28"",""note"":""공식 출처 주소의 행정구만 추출. 관광 권역·출입구 좌표 추정 아님.""},""name_ko"":{""kind"":""editorial_korean_translation"",""urls"":[""https://www.openstreetmap.org/way/246557701""],""checked_at"":""2026-09-28"",""revision"":""korean_display_names_20260928"",""original_name"":""かすがえ公園"",""note"":""검토 편의를 위한 원문 기반 한국어 번역·음역. 공식 한국어 명칭 또는 지점 검증 완료를 의미하지 않음. 원문 name을 검색 시 함께 사용.""},""bag_load"":{""kind"":""team_rule_estimate"",""urls"":[""https://github.com/travel-recommender/gachilo/issues/1""],""checked_at"":""2026-09-29"",""revision"":""team_planning_rules_20260929"",""note"":""기존 get_luggage_score와 동일: 쇼핑 2, 지정 시장·상점가·아메리카무라·신세카이 1, 나머지 0. kg가 아닌 상대 점수.""},""stay_min"":{""kind"":""team_rule_estimate"",""urls"":[""https://github.com/travel-recommender/gachilo/issues/1""],""checked_at"":""2026-09-29"",""revision"":""team_planning_rules_20260929"",""note"":""사용자 제공 체류시간 범위 90~120분, 관광 명소(문화·자연 포함). 일정 여유를 위해 상한 적용. 실제 관람 소요시간이 아닌 추정값.""},""opening_hours"":{""kind"":""google_maps_manual_review"",""urls"":[""https://maps.google.com/?cid=3778987939280037928""],""checked_at"":""2026-09-30"",""revision"":""operating_review_20260930"",""note"":""かすがえ公園, 都島本通1丁目19, 좌표와 주소 일치. Google Maps 7일 모두 24시간 표시.""},""opening_hours_source"":{""kind"":""google_maps_manual_review"",""urls"":[""https://maps.google.com/?cid=3778987939280037928""],""checked_at"":""2026-09-30"",""revision"":""operating_review_20260930"",""note"":""かすがえ公園, 都島本通1丁目19, 좌표와 주소 일치. Google Maps 7일 모두 24시간 표시.""}}"
"osaka_draft_0adb7945fbda","ほたるまちにある広場","호타루마치 광장","자연","大阪市福島区","1 Chome-1-30 Fukushima, Fukushima Ward, Osaka, 553-0003 일본","34.6938196","135.4888006",,,"120","0",,,,,"","사용자 제공 체류시간 범위 90~120분, 관광 명소(문화·자연 포함). 일정 여유를 위해 상한 적용. 실제 관람 소요시간이 아닌 추정값.","","https://www.openstreetmap.org/way/1314581362","https://maps.google.com/?cid=5296053216589113849 | https://www.openstreetmap.org/way/1314581362","https://maps.google.com/?cid=5296053216589113849 | https://www.openstreetmap.org/way/1314581362","","https://github.com/travel-recommender/gachilo/issues/1","","","opening_hours | cost | covered | website | opening_hours_source | verified_at","parent_facility_address","복합시설 전체와 광장 범위 구분 필요. | Google Maps 장소명·주소와 기존 OSM 위치 대조. 지도 지점 좌표 차이 18.5m. 주소만 확인했으며 영업시간 검증 아님. 광장 자체 번지가 아니라 광장이 속한 호타루마치 시설 대표주소.","false","{""name"":{""kind"":""osm"",""url"":""https://www.openstreetmap.org/way/1314581362""},""category"":{""kind"":""osm"",""url"":""https://www.openstreetmap.org/way/1314581362""},""latitude"":{""kind"":""osm"",""url"":""https://www.openstreetmap.org/way/1314581362""},""longitude"":{""kind"":""osm"",""url"":""https://www.openstreetmap.org/way/1314581362""},""name_ko"":{""kind"":""editorial_korean_translation"",""urls"":[""https://www.openstreetmap.org/way/1314581362""],""checked_at"":""2026-09-28"",""revision"":""korean_display_names_20260928"",""original_name"":""ほたるまちにある広場"",""note"":""검토 편의를 위한 원문 기반 한국어 번역·음역. 공식 한국어 명칭 또는 지점 검증 완료를 의미하지 않음. 원문 name을 검색 시 함께 사용.""},""address"":{""kind"":""google_maps_ui_review"",""urls"":[""https://maps.google.com/?cid=5296053216589113849"",""https://www.openstreetmap.org/way/1314581362""],""checked_at"":""2026-09-28"",""revision"":""map_addresses_20260928"",""note"":""Google Maps 장소명·주소와 기존 OSM 위치 대조. 지도 지점 좌표 차이 18.5m. 주소만 확인했으며 영업시간 검증 아님. 광장 자체 번지가 아니라 광장이 속한 호타루마치 시설 대표주소.""},""area"":{""kind"":""derived_from_map_address"",""urls"":[""https://maps.google.com/?cid=5296053216589113849"",""https://www.openstreetmap.org/way/1314581362""],""checked_at"":""2026-09-28"",""revision"":""map_addresses_20260928"",""note"":""Google Maps 장소명·주소와 기존 OSM 위치 대조. 지도 지점 좌표 차이 18.5m. 주소만 확인했으며 영업시간 검증 아님. 광장 자체 번지가 아니라 광장이 속한 호타루마치 시설 대표주소.""},""bag_load"":{""kind"":""team_rule_estimate"",""urls"":[""https://github.com/travel-recommender/gachilo/issues/1""],""checked_at"":""2026-09-29"",""revision"":""team_planning_rules_20260929"",""note"":""기존 get_luggage_score와 동일: 쇼핑 2, 지정 시장·상점가·아메리카무라·신세카이 1, 나머지 0. kg가 아닌 상대 점수.""},""stay_min"":{""kind"":""team_rule_estimate"",""urls"":[""https://github.com/travel-recommender/gachilo/issues/1""],""checked_at"":""2026-09-29"",""revision"":""team_planning_rules_20260929"",""note"":""사용자 제공 체류시간 범위 90~120분, 관광 명소(문화·자연 포함). 일정 여유를 위해 상한 적용. 실제 관람 소요시간이 아닌 추정값.""}}"
"osaka_draft_2fc0df9e9f8d","パークスガーデン","파크스 가든","자연","大阪市浪速区","大阪市浪速区難波中2-10-70","34.6615247","135.5019821","10:00–24:00; 휴무는 난바 파크스 일정에 따름","0","120","0","false","https://nambaparks.com/garden","https://nambaparks.com/garden","2026-09-28","입장 무료인 옥상 공원. 유료 가이드 투어 및 실내 상업시설과 구분.","사용자 제공 체류시간 범위 90~120분, 관광 명소(문화·자연 포함). 일정 여유를 위해 상한 적용. 실제 관람 소요시간이 아닌 추정값.","입장 무료인 옥상 공원. 유료 가이드 투어 및 실내 상업시설과 구분.","https://www.openstreetmap.org/node/5704362620","https://nambaparks.com/garden | https://www.city.osaka.lg.jp/toshikeikaku/page/0000390675.html","https://nambaparks.com/garden | https://www.city.osaka.lg.jp/toshikeikaku/page/0000390675.html","https://nambaparks.com/garden","https://github.com/travel-recommender/gachilo/issues/1","https://nambaparks.com/garden","https://nambaparks.com/garden","","","난바 파크스 내부 정원. 쇼핑몰과 중복 방문 계산 주의. | 입장 무료인 옥상 공원. 유료 가이드 투어 및 실내 상업시설과 구분.","false","{""name"":{""kind"":""osm"",""url"":""https://www.openstreetmap.org/node/5704362620""},""category"":{""kind"":""osm"",""url"":""https://www.openstreetmap.org/node/5704362620""},""latitude"":{""kind"":""osm"",""url"":""https://www.openstreetmap.org/node/5704362620""},""longitude"":{""kind"":""osm"",""url"":""https://www.openstreetmap.org/node/5704362620""},""address"":{""kind"":""official_web_review"",""urls"":[""https://nambaparks.com/garden"",""https://www.city.osaka.lg.jp/toshikeikaku/page/0000390675.html""],""checked_at"":""2026-09-26"",""evidence_window"":""2026-09-24/2026-09-26""},""opening_hours"":{""kind"":""official_web_review"",""urls"":[""https://nambaparks.com/garden"",""https://www.city.osaka.lg.jp/toshikeikaku/page/0000390675.html""],""checked_at"":""2026-09-26"",""evidence_window"":""2026-09-24/2026-09-26""},""opening_hours_source"":{""kind"":""official_web_review"",""urls"":[""https://nambaparks.com/garden"",""https://www.city.osaka.lg.jp/toshikeikaku/page/0000390675.html""],""checked_at"":""2026-09-26"",""evidence_window"":""2026-09-24/2026-09-26""},""verified_at"":{""kind"":""review_date_only"",""note"":""이번에 확인한 필드만 검증. 전체 필드·영업 상태 검증을 뜻하지 않음."",""check_id"":""official_fields_20260928""},""website"":{""kind"":""official_web_review"",""urls"":[""https://nambaparks.com/garden""],""checked_at"":""2026-09-28"",""note"":""입장 무료인 옥상 공원. 유료 가이드 투어 및 실내 상업시설과 구분.""},""cost"":{""kind"":""official_web_review"",""urls"":[""https://nambaparks.com/garden""],""checked_at"":""2026-09-28"",""note"":""입장 무료인 옥상 공원. 유료 가이드 투어 및 실내 상업시설과 구분.""},""covered"":{""kind"":""classification_from_official_description"",""urls"":[""https://nambaparks.com/garden""],""checked_at"":""2026-09-28"",""note"":""입장 무료인 옥상 공원. 유료 가이드 투어 및 실내 상업시설과 구분.""},""area"":{""kind"":""derived_from_official_address"",""urls"":[""https://nambaparks.com/garden"",""https://www.city.osaka.lg.jp/toshikeikaku/page/0000390675.html""],""checked_at"":""2026-09-26"",""derived_at"":""2026-09-28"",""note"":""공식 출처 주소의 행정구만 추출. 관광 권역·출입구 좌표 추정 아님.""},""name_ko"":{""kind"":""editorial_korean_translation"",""urls"":[""https://www.openstreetmap.org/node/5704362620""],""checked_at"":""2026-09-28"",""revision"":""korean_display_names_20260928"",""original_name"":""パークスガーデン"",""note"":""검토 편의를 위한 원문 기반 한국어 번역·음역. 공식 한국어 명칭 또는 지점 검증 완료를 의미하지 않음. 원문 name을 검색 시 함께 사용.""},""bag_load"":{""kind"":""team_rule_estimate"",""urls"":[""https://github.com/travel-recommender/gachilo/issues/1""],""checked_at"":""2026-09-29"",""revision"":""team_planning_rules_20260929"",""note"":""기존 get_luggage_score와 동일: 쇼핑 2, 지정 시장·상점가·아메리카무라·신세카이 1, 나머지 0. kg가 아닌 상대 점수.""},""stay_min"":{""kind"":""team_rule_estimate"",""urls"":[""https://github.com/travel-recommender/gachilo/issues/1""],""checked_at"":""2026-09-29"",""revision"":""team_planning_rules_20260929"",""note"":""사용자 제공 체류시간 범위 90~120분, 관광 명소(문화·자연 포함). 일정 여유를 위해 상한 적용. 실제 관람 소요시간이 아닌 추정값.""}}"
"osaka_draft_cff5e2720c53","三和公園","산와 공원","자연","豊中市","1 Kamisucho, Toyonaka, Osaka 561-0823 일본","34.739589","135.4771373",,,"120","0",,,,,"","사용자 제공 체류시간 범위 90~120분, 관광 명소(문화·자연 포함). 일정 여유를 위해 상한 적용. 실제 관람 소요시간이 아닌 추정값.","","https://www.openstreetmap.org/way/1454586896","https://maps.google.com/?cid=981979402430138752 | https://www.openstreetmap.org/way/1454586896","https://maps.google.com/?cid=981979402430138752 | https://www.openstreetmap.org/way/1454586896","","https://github.com/travel-recommender/gachilo/issues/1","","","opening_hours | cost | covered | website | opening_hours_source | verified_at","city_boundary_unconfirmed | outside_osaka_city","OSM 범위가 도요나카까지 걸침. 시 경계·대상 지역 확인 필요. | Google Maps 장소명·주소와 기존 OSM 위치 대조. 지도 지점 좌표 차이 20.2m. 주소만 확인했으며 영업시간 검증 아님.","false","{""name"":{""kind"":""osm"",""url"":""https://www.openstreetmap.org/way/1454586896""},""category"":{""kind"":""osm"",""url"":""https://www.openstreetmap.org/way/1454586896""},""latitude"":{""kind"":""osm"",""url"":""https://www.openstreetmap.org/way/1454586896""},""longitude"":{""kind"":""osm"",""url"":""https://www.openstreetmap.org/way/1454586896""},""name_ko"":{""kind"":""editorial_korean_translation"",""urls"":[""https://www.openstreetmap.org/way/1454586896""],""checked_at"":""2026-09-28"",""revision"":""korean_display_names_20260928"",""original_name"":""三和公園"",""note"":""검토 편의를 위한 원문 기반 한국어 번역·음역. 공식 한국어 명칭 또는 지점 검증 완료를 의미하지 않음. 원문 name을 검색 시 함께 사용.""},""address"":{""kind"":""google_maps_ui_review"",""urls"":[""https://maps.google.com/?cid=981979402430138752"",""https://www.openstreetmap.org/way/1454586896""],""checked_at"":""2026-09-28"",""revision"":""map_addresses_20260928"",""note"":""Google Maps 장소명·주소와 기존 OSM 위치 대조. 지도 지점 좌표 차이 20.2m. 주소만 확인했으며 영업시간 검증 아님.""},""area"":{""kind"":""derived_from_map_address"",""urls"":[""https://maps.google.com/?cid=981979402430138752"",""https://www.openstreetmap.org/way/1454586896""],""checked_at"":""2026-09-28"",""revision"":""map_addresses_20260928"",""note"":""Google Maps 장소명·주소와 기존 OSM 위치 대조. 지도 지점 좌표 차이 20.2m. 주소만 확인했으며 영업시간 검증 아님.""},""bag_load"":{""kind"":""team_rule_estimate"",""urls"":[""https://github.com/travel-recommender/gachilo/issues/1""],""checked_at"":""2026-09-29"",""revision"":""team_planning_rules_20260929"",""note"":""기존 get_luggage_score와 동일: 쇼핑 2, 지정 시장·상점가·아메리카무라·신세카이 1, 나머지 0. kg가 아닌 상대 점수.""},""stay_min"":{""kind"":""team_rule_estimate"",""urls"":[""https://github.com/travel-recommender/gachilo/issues/1""],""checked_at"":""2026-09-29"",""revision"":""team_planning_rules_20260929"",""note"":""사용자 제공 체류시간 범위 90~120분, 관광 명소(문화·자연 포함). 일정 여유를 위해 상한 적용. 실제 관람 소요시간이 아닌 추정값.""}}"
"osaka_draft_16f1d28c8bfd","NU茶屋町","NU 자야마치","쇼핑","大阪市北区","大阪市北区茶屋町10-12","34.7069727","135.4991316","쇼핑 11:00–21:00; 음식점 11:00–23:00; 일부 점포 예외",,"180","2",,"https://nu-chayamachi.com/sp/","https://nu-chayamachi.com/info/openclose/","2026-09-26","","사용자 제공 체류시간 범위 90~180분, 쇼핑몰·백화점. 일정 여유를 위해 상한 적용. 실제 관람 소요시간이 아닌 추정값.","","","https://nu-chayamachi.com/info/openclose/","https://nu-chayamachi.com/info/openclose/","","https://github.com/travel-recommender/gachilo/issues/1","","","cost | covered","","","false","{""name"":{""kind"":""osm"",""url"":""https://www.openstreetmap.org/way/161450583""},""name_ko"":{""kind"":""previous_draft_not_reverified"",""place_id"":""osaka_draft_16f1d28c8bfd""},""category"":{""kind"":""osm"",""url"":""https://www.openstreetmap.org/way/161450583""},""latitude"":{""kind"":""osm"",""url"":""https://www.openstreetmap.org/way/161450583""},""longitude"":{""kind"":""osm"",""url"":""https://www.openstreetmap.org/way/161450583""},""opening_hours"":{""kind"":""official_web_review"",""urls"":[""https://nu-chayamachi.com/info/openclose/""],""checked_at"":""2026-09-26"",""evidence_window"":""2026-09-24/2026-09-26""},""website"":{""kind"":""osm"",""url"":""https://www.openstreetmap.org/way/161450583""},""address"":{""kind"":""official_web_review"",""urls"":[""https://nu-chayamachi.com/info/openclose/""],""checked_at"":""2026-09-26"",""evidence_window"":""2026-09-24/2026-09-26""},""opening_hours_source"":{""kind"":""official_web_review"",""urls"":[""https://nu-chayamachi.com/info/openclose/""],""checked_at"":""2026-09-26"",""evidence_window"":""2026-09-24/2026-09-26""},""verified_at"":{""kind"":""review_date_only"",""check_id"":""osaka_draft_16f1d28c8bfd_address_hours_20260926"",""note"":""장소 전체 또는 일정 사용 가능 판정이 아님. 검증 범위는 필드 출처 참조.""},""area"":{""kind"":""derived_from_official_address"",""urls"":[""https://nu-chayamachi.com/info/openclose/""],""checked_at"":""2026-09-26"",""derived_at"":""2026-09-28"",""note"":""공식 출처 주소의 행정구만 추출. 관광 권역·출입구 좌표 추정 아님.""},""bag_load"":{""kind"":""team_rule_estimate"",""urls"":[""https://github.com/travel-recommender/gachilo/issues/1""],""checked_at"":""2026-09-29"",""revision"":""team_planning_rules_20260929"",""note"":""기존 get_luggage_score와 동일: 쇼핑 2, 지정 시장·상점가·아메리카무라·신세카이 1, 나머지 0. kg가 아닌 상대 점수.""},""stay_min"":{""kind"":""team_rule_estimate"",""urls"":[""https://github.com/travel-recommender/gachilo/issues/1""],""checked_at"":""2026-09-29"",""revision"":""team_planning_rules_20260929"",""note"":""사용자 제공 체류시간 범위 90~180분, 쇼핑몰·백화점. 일정 여유를 위해 상한 적용. 실제 관람 소요시간이 아닌 추정값.""}}"
"osaka_draft_1b3533415b94","ハービスPLAZA ENT","하비스 플라자","쇼핑","大阪市北区","大阪市北区梅田2-2-22","34.6998307","135.4947042","판매장 11:00–20:00; 음식점·일부 매장은 별도 확인",,"180","2",,"https://www.herbis.jp/","https://www.herbis.jp/access/train/","2026-09-28","","사용자 제공 체류시간 범위 90~180분, 쇼핑몰·백화점. 일정 여유를 위해 상한 적용. 실제 관람 소요시간이 아닌 추정값.","","","https://dmo-umeda.jp/facilities/325/","https://dmo-umeda.jp/facilities/325/","","https://github.com/travel-recommender/gachilo/issues/1","","","cost | covered","","DMO 우메다 시설 안내의 PLAZA ENT 주소. PLAZA(2-5-25)와 구분.","false","{""name"":{""kind"":""osm"",""url"":""https://www.openstreetmap.org/way/588689753""},""name_ko"":{""kind"":""previous_draft_not_reverified"",""place_id"":""osaka_draft_1b3533415b94""},""category"":{""kind"":""osm"",""url"":""https://www.openstreetmap.org/way/588689753""},""latitude"":{""kind"":""osm"",""url"":""https://www.openstreetmap.org/way/588689753""},""longitude"":{""kind"":""osm"",""url"":""https://www.openstreetmap.org/way/588689753""},""opening_hours"":{""kind"":""official_web_review"",""urls"":[""https://www.herbis.jp/access/train/""],""checked_at"":""2026-09-26"",""evidence_window"":""2026-09-24/2026-09-26""},""website"":{""kind"":""osm"",""url"":""https://www.openstreetmap.org/way/588689753""},""opening_hours_source"":{""kind"":""official_web_review"",""urls"":[""https://www.herbis.jp/access/train/""],""checked_at"":""2026-09-26"",""evidence_window"":""2026-09-24/2026-09-26""},""verified_at"":{""kind"":""review_date_only"",""note"":""이번에 확인한 필드만 검증. 전체 필드·영업 상태 검증을 뜻하지 않음."",""check_id"":""official_fields_20260928""},""address"":{""kind"":""official_web_review"",""urls"":[""https://dmo-umeda.jp/facilities/325/""],""checked_at"":""2026-09-28"",""note"":""DMO 우메다 시설 안내의 PLAZA ENT 주소. PLAZA(2-5-25)와 구분.""},""area"":{""kind"":""derived_from_official_address"",""urls"":[""https://dmo-umeda.jp/facilities/325/""],""checked_at"":""2026-09-28"",""derived_at"":""2026-09-28"",""note"":""공식 출처 주소의 행정구만 추출. 관광 권역·출입구 좌표 추정 아님.""},""bag_load"":{""kind"":""team_rule_estimate"",""urls"":[""https://github.com/travel-recommender/gachilo/issues/1""],""checked_at"":""2026-09-29"",""revision"":""team_planning_rules_20260929"",""note"":""기존 get_luggage_score와 동일: 쇼핑 2, 지정 시장·상점가·아메리카무라·신세카이 1, 나머지 0. kg가 아닌 상대 점수.""},""stay_min"":{""kind"":""team_rule_estimate"",""urls"":[""https://github.com/travel-recommender/gachilo/issues/1""],""checked_at"":""2026-09-29"",""revision"":""team_planning_rules_20260929"",""note"":""사용자 제공 체류시간 범위 90~180분, 쇼핑몰·백화점. 일정 여유를 위해 상한 적용. 실제 관람 소요시간이 아닌 추정값.""}}"
"osaka_draft_4fb99b053e8b","Whityうめだ","화이티 우메다","쇼핑","大阪市北区","大阪府大阪市北区小松原町梅田地下街4-2","34.7032199","135.5001589","판매장 10:00–21:00; 음식점 10:00–22:00; NOMOKA 11:00–23:00; 점포별 예외",,"180","2",,"https://whity.osaka-chikagai.jp/","https://whity.osaka-chikagai.jp/access","2026-09-26","","사용자 제공 체류시간 범위 90~180분, 쇼핑몰·백화점. 일정 여유를 위해 상한 적용. 실제 관람 소요시간이 아닌 추정값.","","https://www.openstreetmap.org/way/1304559276","https://whity.osaka-chikagai.jp/access","https://whity.osaka-chikagai.jp/access","","https://github.com/travel-recommender/gachilo/issues/1","","","cost | covered","","","false","{""name"":{""kind"":""osm"",""url"":""https://www.openstreetmap.org/way/1304559276""},""category"":{""kind"":""osm"",""url"":""https://www.openstreetmap.org/way/1304559276""},""latitude"":{""kind"":""osm"",""url"":""https://www.openstreetmap.org/way/1304559276""},""longitude"":{""kind"":""osm"",""url"":""https://www.openstreetmap.org/way/1304559276""},""website"":{""kind"":""osm"",""url"":""https://www.openstreetmap.org/way/1304559276""},""address"":{""kind"":""official_web_review"",""urls"":[""https://whity.osaka-chikagai.jp/access""],""checked_at"":""2026-09-26"",""evidence_window"":""2026-09-24/2026-09-26""},""opening_hours"":{""kind"":""official_web_review"",""urls"":[""https://whity.osaka-chikagai.jp/access""],""checked_at"":""2026-09-26"",""evidence_window"":""2026-09-24/2026-09-26""},""opening_hours_source"":{""kind"":""official_web_review"",""urls"":[""https://whity.osaka-chikagai.jp/access""],""checked_at"":""2026-09-26"",""evidence_window"":""2026-09-24/2026-09-26""},""verified_at"":{""kind"":""review_date_only"",""check_id"":""osaka_draft_4fb99b053e8b_address_hours_20260926"",""note"":""장소 전체 또는 일정 사용 가능 판정이 아님. 검증 범위는 필드 출처 참조.""},""area"":{""kind"":""derived_from_official_address"",""urls"":[""https://whity.osaka-chikagai.jp/access""],""checked_at"":""2026-09-26"",""derived_at"":""2026-09-28"",""note"":""공식 출처 주소의 행정구만 추출. 관광 권역·출입구 좌표 추정 아님.""},""name_ko"":{""kind"":""editorial_korean_translation"",""urls"":[""https://www.openstreetmap.org/way/1304559276""],""checked_at"":""2026-09-28"",""revision"":""korean_display_names_20260928"",""original_name"":""Whityうめだ"",""note"":""검토 편의를 위한 원문 기반 한국어 번역·음역. 공식 한국어 명칭 또는 지점 검증 완료를 의미하지 않음. 원문 name을 검색 시 함께 사용.""},""bag_load"":{""kind"":""team_rule_estimate"",""urls"":[""https://github.com/travel-recommender/gachilo/issues/1""],""checked_at"":""2026-09-29"",""revision"":""team_planning_rules_20260929"",""note"":""기존 get_luggage_score와 동일: 쇼핑 2, 지정 시장·상점가·아메리카무라·신세카이 1, 나머지 0. kg가 아닌 상대 점수.""},""stay_min"":{""kind"":""team_rule_estimate"",""urls"":[""https://github.com/travel-recommender/gachilo/issues/1""],""checked_at"":""2026-09-29"",""revision"":""team_planning_rules_20260929"",""note"":""사용자 제공 체류시간 범위 90~180분, 쇼핑몰·백화점. 일정 여유를 위해 상한 적용. 실제 관람 소요시간이 아닌 추정값.""}}"
"osaka_draft_e51bbe99124a","アルデ新大阪","아르데 신오사카","쇼핑","大阪市淀川区","大阪市淀川区西中島5-16-1 JR新大阪駅2F","34.7340963","135.5013484","점포별 상이; 시설 연중무휴",,"180","2","true","https://www.arde-shinosaka.jp/","https://osaka-info.jp/spot/arudeshinosaka/","2026-09-28","","사용자 제공 체류시간 범위 90~180분, 쇼핑몰·백화점. 일정 여유를 위해 상한 적용. 실제 관람 소요시간이 아닌 추정값.","오사카 관광국 공식 안내. 역 건물 2층 쇼핑시설 기준.","https://www.openstreetmap.org/node/13030991952","https://osaka-info.jp/spot/arudeshinosaka/","https://osaka-info.jp/spot/arudeshinosaka/","","https://github.com/travel-recommender/gachilo/issues/1","https://osaka-info.jp/spot/arudeshinosaka/","","cost","","공식 안내에서 영업시간·주소 본문 취득 실패. | 오사카 관광국 공식 안내. 역 건물 2층 쇼핑시설 기준.","false","{""name"":{""kind"":""osm"",""url"":""https://www.openstreetmap.org/node/13030991952""},""category"":{""kind"":""osm"",""url"":""https://www.openstreetmap.org/node/13030991952""},""latitude"":{""kind"":""osm"",""url"":""https://www.openstreetmap.org/node/13030991952""},""longitude"":{""kind"":""osm"",""url"":""https://www.openstreetmap.org/node/13030991952""},""website"":{""kind"":""osm"",""url"":""https://www.openstreetmap.org/node/13030991952""},""address"":{""kind"":""official_web_review"",""urls"":[""https://osaka-info.jp/spot/arudeshinosaka/""],""checked_at"":""2026-09-28"",""note"":""오사카 관광국 공식 안내. 역 건물 2층 쇼핑시설 기준.""},""opening_hours"":{""kind"":""official_web_review"",""urls"":[""https://osaka-info.jp/spot/arudeshinosaka/""],""checked_at"":""2026-09-28"",""note"":""오사카 관광국 공식 안내. 역 건물 2층 쇼핑시설 기준.""},""opening_hours_source"":{""kind"":""official_web_review"",""urls"":[""https://osaka-info.jp/spot/arudeshinosaka/""],""checked_at"":""2026-09-28"",""note"":""오사카 관광국 공식 안내. 역 건물 2층 쇼핑시설 기준.""},""covered"":{""kind"":""classification_from_official_description"",""urls"":[""https://osaka-info.jp/spot/arudeshinosaka/""],""checked_at"":""2026-09-28"",""note"":""오사카 관광국 공식 안내. 역 건물 2층 쇼핑시설 기준.""},""verified_at"":{""kind"":""review_date_only"",""note"":""이번에 확인한 필드만 검증. 전체 필드·영업 상태 검증을 뜻하지 않음."",""check_id"":""official_fields_20260928""},""area"":{""kind"":""derived_from_official_address"",""urls"":[""https://osaka-info.jp/spot/arudeshinosaka/""],""checked_at"":""2026-09-28"",""derived_at"":""2026-09-28"",""note"":""공식 출처 주소의 행정구만 추출. 관광 권역·출입구 좌표 추정 아님.""},""name_ko"":{""kind"":""editorial_korean_translation"",""urls"":[""https://www.openstreetmap.org/node/13030991952""],""checked_at"":""2026-09-28"",""revision"":""korean_display_names_20260928"",""original_name"":""アルデ新大阪"",""note"":""검토 편의를 위한 원문 기반 한국어 번역·음역. 공식 한국어 명칭 또는 지점 검증 완료를 의미하지 않음. 원문 name을 검색 시 함께 사용.""},""bag_load"":{""kind"":""team_rule_estimate"",""urls"":[""https://github.com/travel-recommender/gachilo/issues/1""],""checked_at"":""2026-09-29"",""revision"":""team_planning_rules_20260929"",""note"":""기존 get_luggage_score와 동일: 쇼핑 2, 지정 시장·상점가·아메리카무라·신세카이 1, 나머지 0. kg가 아닌 상대 점수.""},""stay_min"":{""kind"":""team_rule_estimate"",""urls"":[""https://github.com/travel-recommender/gachilo/issues/1""],""checked_at"":""2026-09-29"",""revision"":""team_planning_rules_20260929"",""note"":""사용자 제공 체류시간 범위 90~180분, 쇼핑몰·백화점. 일정 여유를 위해 상한 적용. 실제 관람 소요시간이 아닌 추정값.""}}"
"osaka_draft_02288187c550","イオンモール大阪ドームシティ","이온몰 오사카 돔시티","쇼핑","大阪市西区","大阪市西区千代崎三丁目13番1","34.6703688","135.477939","전문점 10:00–21:00; 이온 매장은 별도 운영",,"180","2",,"https://www.aeon.jp/sc/osakadomecity/","https://www.aeon.jp/sc/osakadomecity/","2026-09-26","","사용자 제공 체류시간 범위 90~180분, 쇼핑몰·백화점. 일정 여유를 위해 상한 적용. 실제 관람 소요시간이 아닌 추정값.","","https://www.openstreetmap.org/relation/14378487","https://www.aeon.jp/sc/osakadomecity/","https://www.aeon.jp/sc/osakadomecity/","","https://github.com/travel-recommender/gachilo/issues/1","","","cost | covered","","","false","{""name"":{""kind"":""osm"",""url"":""https://www.openstreetmap.org/relation/14378487""},""category"":{""kind"":""osm"",""url"":""https://www.openstreetmap.org/relation/14378487""},""latitude"":{""kind"":""osm"",""url"":""https://www.openstreetmap.org/relation/14378487""},""longitude"":{""kind"":""osm"",""url"":""https://www.openstreetmap.org/relation/14378487""},""website"":{""kind"":""osm"",""url"":""https://www.openstreetmap.org/relation/14378487""},""address"":{""kind"":""official_web_review"",""urls"":[""https://www.aeon.jp/sc/osakadomecity/""],""checked_at"":""2026-09-26"",""evidence_window"":""2026-09-24/2026-09-26""},""opening_hours"":{""kind"":""official_web_review"",""urls"":[""https://www.aeon.jp/sc/osakadomecity/""],""checked_at"":""2026-09-26"",""evidence_window"":""2026-09-24/2026-09-26""},""opening_hours_source"":{""kind"":""official_web_review"",""urls"":[""https://www.aeon.jp/sc/osakadomecity/""],""checked_at"":""2026-09-26"",""evidence_window"":""2026-09-24/2026-09-26""},""verified_at"":{""kind"":""review_date_only"",""check_id"":""osaka_draft_02288187c550_address_hours_20260926"",""note"":""장소 전체 또는 일정 사용 가능 판정이 아님. 검증 범위는 필드 출처 참조.""},""area"":{""kind"":""derived_from_official_address"",""urls"":[""https://www.aeon.jp/sc/osakadomecity/""],""checked_at"":""2026-09-26"",""derived_at"":""2026-09-28"",""note"":""공식 출처 주소의 행정구만 추출. 관광 권역·출입구 좌표 추정 아님.""},""name_ko"":{""kind"":""editorial_korean_translation"",""urls"":[""https://www.openstreetmap.org/relation/14378487""],""checked_at"":""2026-09-28"",""revision"":""korean_display_names_20260928"",""original_name"":""イオンモール大阪ドームシティ"",""note"":""검토 편의를 위한 원문 기반 한국어 번역·음역. 공식 한국어 명칭 또는 지점 검증 완료를 의미하지 않음. 원문 name을 검색 시 함께 사용.""},""bag_load"":{""kind"":""team_rule_estimate"",""urls"":[""https://github.com/travel-recommender/gachilo/issues/1""],""checked_at"":""2026-09-29"",""revision"":""team_planning_rules_20260929"",""note"":""기존 get_luggage_score와 동일: 쇼핑 2, 지정 시장·상점가·아메리카무라·신세카이 1, 나머지 0. kg가 아닌 상대 점수.""},""stay_min"":{""kind"":""team_rule_estimate"",""urls"":[""https://github.com/travel-recommender/gachilo/issues/1""],""checked_at"":""2026-09-29"",""revision"":""team_planning_rules_20260929"",""note"":""사용자 제공 체류시간 범위 90~180분, 쇼핑몰·백화점. 일정 여유를 위해 상한 적용. 실제 관람 소요시간이 아닌 추정값.""}}"
"osaka_draft_11050de606b0","ウイステ","위스테","쇼핑","大阪市福島区","大阪市福島区海老江1-1-23","34.6953042","135.4758337","전문점 10:00–21:00; 음식점 11:00–22:00; 이온·일부 점포 별도 운영",,"180","2",,"https://www.wiste.jp/","https://www.wiste.jp/","2026-09-26","","사용자 제공 체류시간 범위 90~180분, 쇼핑몰·백화점. 일정 여유를 위해 상한 적용. 실제 관람 소요시간이 아닌 추정값.","","https://www.openstreetmap.org/way/162642438","https://www.wiste.jp/","https://www.wiste.jp/","","https://github.com/travel-recommender/gachilo/issues/1","","","cost | covered","","","false","{""name"":{""kind"":""osm"",""url"":""https://www.openstreetmap.org/way/162642438""},""category"":{""kind"":""osm"",""url"":""https://www.openstreetmap.org/way/162642438""},""latitude"":{""kind"":""osm"",""url"":""https://www.openstreetmap.org/way/162642438""},""longitude"":{""kind"":""osm"",""url"":""https://www.openstreetmap.org/way/162642438""},""website"":{""kind"":""osm"",""url"":""https://www.openstreetmap.org/way/162642438""},""address"":{""kind"":""official_web_review"",""urls"":[""https://www.wiste.jp/""],""checked_at"":""2026-09-26"",""evidence_window"":""2026-09-24/2026-09-26""},""opening_hours"":{""kind"":""official_web_review"",""urls"":[""https://www.wiste.jp/""],""checked_at"":""2026-09-26"",""evidence_window"":""2026-09-24/2026-09-26""},""opening_hours_source"":{""kind"":""official_web_review"",""urls"":[""https://www.wiste.jp/""],""checked_at"":""2026-09-26"",""evidence_window"":""2026-09-24/2026-09-26""},""verified_at"":{""kind"":""review_date_only"",""check_id"":""osaka_draft_11050de606b0_address_hours_20260926"",""note"":""장소 전체 또는 일정 사용 가능 판정이 아님. 검증 범위는 필드 출처 참조.""},""area"":{""kind"":""derived_from_official_address"",""urls"":[""https://www.wiste.jp/""],""checked_at"":""2026-09-26"",""derived_at"":""2026-09-28"",""note"":""공식 출처 주소의 행정구만 추출. 관광 권역·출입구 좌표 추정 아님.""},""name_ko"":{""kind"":""editorial_korean_translation"",""urls"":[""https://www.openstreetmap.org/way/162642438""],""checked_at"":""2026-09-28"",""revision"":""korean_display_names_20260928"",""original_name"":""ウイステ"",""note"":""검토 편의를 위한 원문 기반 한국어 번역·음역. 공식 한국어 명칭 또는 지점 검증 완료를 의미하지 않음. 원문 name을 검색 시 함께 사용.""},""bag_load"":{""kind"":""team_rule_estimate"",""urls"":[""https://github.com/travel-recommender/gachilo/issues/1""],""checked_at"":""2026-09-29"",""revision"":""team_planning_rules_20260929"",""note"":""기존 get_luggage_score와 동일: 쇼핑 2, 지정 시장·상점가·아메리카무라·신세카이 1, 나머지 0. kg가 아닌 상대 점수.""},""stay_min"":{""kind"":""team_rule_estimate"",""urls"":[""https://github.com/travel-recommender/gachilo/issues/1""],""checked_at"":""2026-09-29"",""revision"":""team_planning_rules_20260929"",""note"":""사용자 제공 체류시간 범위 90~180분, 쇼핑몰·백화점. 일정 여유를 위해 상한 적용. 실제 관람 소요시간이 아닌 추정값.""}}"
"osaka_draft_b1eae8a8935b","Asoko Minamihorie","아소코 미나미호리에","쇼핑","大阪市西区","일본 〒550-0015 Osaka, Nishi Ward, Minamihorie, 1 Chome−19−23 前衛的ビルヂング","34.6710056","135.4937158","Mo-Su 11:00-20:00",,"180","2",,,,,"","사용자 제공 체류시간 범위 90~180분, 쇼핑몰·백화점. 일정 여유를 위해 상한 적용. 실제 관람 소요시간이 아닌 추정값.","","https://www.openstreetmap.org/node/5083922723","https://maps.google.com/?cid=7538024598924441434 | https://www.openstreetmap.org/node/5083922723","https://maps.google.com/?cid=7538024598924441434 | https://www.openstreetmap.org/node/5083922723","","https://github.com/travel-recommender/gachilo/issues/1","","","cost | covered | website | opening_hours_source | verified_at","operating_status_unconfirmed | google_maps_permanently_closed","ASOKO 미나미호리에점 현재 운영 여부 미확인. | Google Maps 장소명·주소와 기존 OSM 위치 대조. 지도 지점 좌표 차이 2.1m. 주소만 확인했으며 영업시간 검증 아님. 지도에 폐업 표시가 있는 과거 주소.","false","{""name"":{""kind"":""osm"",""url"":""https://www.openstreetmap.org/node/5083922723""},""category"":{""kind"":""osm"",""url"":""https://www.openstreetmap.org/node/5083922723""},""latitude"":{""kind"":""osm"",""url"":""https://www.openstreetmap.org/node/5083922723""},""longitude"":{""kind"":""osm"",""url"":""https://www.openstreetmap.org/node/5083922723""},""opening_hours"":{""kind"":""osm"",""url"":""https://www.openstreetmap.org/node/5083922723""},""name_ko"":{""kind"":""editorial_korean_translation"",""urls"":[""https://www.openstreetmap.org/node/5083922723""],""checked_at"":""2026-09-28"",""revision"":""korean_display_names_20260928"",""original_name"":""Asoko Minamihorie"",""note"":""검토 편의를 위한 원문 기반 한국어 번역·음역. 공식 한국어 명칭 또는 지점 검증 완료를 의미하지 않음. 원문 name을 검색 시 함께 사용.""},""address"":{""kind"":""google_maps_ui_review"",""urls"":[""https://maps.google.com/?cid=7538024598924441434"",""https://www.openstreetmap.org/node/5083922723""],""checked_at"":""2026-09-28"",""revision"":""map_addresses_20260928"",""note"":""Google Maps 장소명·주소와 기존 OSM 위치 대조. 지도 지점 좌표 차이 2.1m. 주소만 확인했으며 영업시간 검증 아님. 지도에 폐업 표시가 있는 과거 주소.""},""area"":{""kind"":""derived_from_map_address"",""urls"":[""https://maps.google.com/?cid=7538024598924441434"",""https://www.openstreetmap.org/node/5083922723""],""checked_at"":""2026-09-28"",""revision"":""map_addresses_20260928"",""note"":""Google Maps 장소명·주소와 기존 OSM 위치 대조. 지도 지점 좌표 차이 2.1m. 주소만 확인했으며 영업시간 검증 아님. 지도에 폐업 표시가 있는 과거 주소.""},""bag_load"":{""kind"":""team_rule_estimate"",""urls"":[""https://github.com/travel-recommender/gachilo/issues/1""],""checked_at"":""2026-09-29"",""revision"":""team_planning_rules_20260929"",""note"":""기존 get_luggage_score와 동일: 쇼핑 2, 지정 시장·상점가·아메리카무라·신세카이 1, 나머지 0. kg가 아닌 상대 점수.""},""stay_min"":{""kind"":""team_rule_estimate"",""urls"":[""https://github.com/travel-recommender/gachilo/issues/1""],""checked_at"":""2026-09-29"",""revision"":""team_planning_rules_20260929"",""note"":""사용자 제공 체류시간 범위 90~180분, 쇼핑몰·백화점. 일정 여유를 위해 상한 적용. 실제 관람 소요시간이 아닌 추정값.""}}"
"osaka_draft_daa353940c61","近鉄百貨店","긴테쓰 백화점","쇼핑","大阪市天王寺区","大阪市天王寺区上本町6-1-55","34.6654093","135.5196023","B2–2F·6F·10F·11F 10:00–20:00; 3–5F·7–9F 10:00–18:30(일부 예외); 12F 음식점 11:00–22:00",,"180","2",,"https://www.d-kintetsu.co.jp/uehonmachi/business-hours/","https://www.d-kintetsu.co.jp/uehonmachi/business-hours/","2026-09-28","","사용자 제공 체류시간 범위 90~180분, 쇼핑몰·백화점. 일정 여유를 위해 상한 적용. 실제 관람 소요시간이 아닌 추정값.","","https://www.openstreetmap.org/way/171978091","https://www.d-kintetsu.co.jp/uehonmachi/business-hours/","https://www.d-kintetsu.co.jp/uehonmachi/business-hours/","","https://github.com/travel-recommender/gachilo/issues/1","","https://www.d-kintetsu.co.jp/uehonmachi/business-hours/","cost | covered","","우에혼마치 지점 기준. | 기존 공식 검증 기록의 시설 안내 페이지를 다시 열어 관련 시설·지점을 확인. 전용 홈페이지가 없는 공원은 시청 공식 소개 링크 사용.","false","{""name"":{""kind"":""osm"",""url"":""https://www.openstreetmap.org/way/171978091""},""category"":{""kind"":""osm"",""url"":""https://www.openstreetmap.org/way/171978091""},""latitude"":{""kind"":""osm"",""url"":""https://www.openstreetmap.org/way/171978091""},""longitude"":{""kind"":""osm"",""url"":""https://www.openstreetmap.org/way/171978091""},""opening_hours"":{""kind"":""official_web_review"",""urls"":[""https://www.d-kintetsu.co.jp/uehonmachi/business-hours/""],""checked_at"":""2026-09-26"",""evidence_window"":""2026-09-24/2026-09-26""},""address"":{""kind"":""official_web_review"",""urls"":[""https://www.d-kintetsu.co.jp/uehonmachi/business-hours/""],""checked_at"":""2026-09-26"",""evidence_window"":""2026-09-24/2026-09-26""},""opening_hours_source"":{""kind"":""official_web_review"",""urls"":[""https://www.d-kintetsu.co.jp/uehonmachi/business-hours/""],""checked_at"":""2026-09-26"",""evidence_window"":""2026-09-24/2026-09-26""},""verified_at"":{""kind"":""review_date_only"",""note"":""이번에 확인한 필드만 검증. 전체 필드·영업 상태 검증을 뜻하지 않음."",""check_id"":""official_fields_20260928""},""website"":{""kind"":""official_web_review"",""urls"":[""https://www.d-kintetsu.co.jp/uehonmachi/business-hours/""],""checked_at"":""2026-09-28"",""note"":""기존 공식 검증 기록의 시설 안내 페이지를 다시 열어 관련 시설·지점을 확인. 전용 홈페이지가 없는 공원은 시청 공식 소개 링크 사용.""},""area"":{""kind"":""derived_from_official_address"",""urls"":[""https://www.d-kintetsu.co.jp/uehonmachi/business-hours/""],""checked_at"":""2026-09-26"",""derived_at"":""2026-09-28"",""note"":""공식 출처 주소의 행정구만 추출. 관광 권역·출입구 좌표 추정 아님.""},""name_ko"":{""kind"":""editorial_korean_translation"",""urls"":[""https://www.openstreetmap.org/way/171978091""],""checked_at"":""2026-09-28"",""revision"":""korean_display_names_20260928"",""original_name"":""近鉄百貨店"",""note"":""검토 편의를 위한 원문 기반 한국어 번역·음역. 공식 한국어 명칭 또는 지점 검증 완료를 의미하지 않음. 원문 name을 검색 시 함께 사용.""},""bag_load"":{""kind"":""team_rule_estimate"",""urls"":[""https://github.com/travel-recommender/gachilo/issues/1""],""checked_at"":""2026-09-29"",""revision"":""team_planning_rules_20260929"",""note"":""기존 get_luggage_score와 동일: 쇼핑 2, 지정 시장·상점가·아메리카무라·신세카이 1, 나머지 0. kg가 아닌 상대 점수.""},""stay_min"":{""kind"":""team_rule_estimate"",""urls"":[""https://github.com/travel-recommender/gachilo/issues/1""],""checked_at"":""2026-09-29"",""revision"":""team_planning_rules_20260929"",""note"":""사용자 제공 체류시간 범위 90~180분, 쇼핑몰·백화점. 일정 여유를 위해 상한 적용. 실제 관람 소요시간이 아닌 추정값.""}}"
"osaka_draft_dc3ec67cb8d1","京阪シティモール","케이한 시티 몰","쇼핑","大阪市中央区","大阪市中央区天満橋京町1-1","34.6900304","135.5167195","주요 전문점 10:00–21:00; MBF 일부 10:00–20:00; 음식점 11:00–23:00; 식품매장 등 예외",,"180","2",,"https://citymall.jp/access/","https://citymall.jp/access/","2026-09-28","","사용자 제공 체류시간 범위 90~180분, 쇼핑몰·백화점. 일정 여유를 위해 상한 적용. 실제 관람 소요시간이 아닌 추정값.","","","https://citymall.jp/access/","https://citymall.jp/access/","","https://github.com/travel-recommender/gachilo/issues/1","","https://citymall.jp/access/","cost | covered","","기존 공식 검증 기록의 시설 안내 페이지를 다시 열어 관련 시설·지점을 확인. 전용 홈페이지가 없는 공원은 시청 공식 소개 링크 사용.","false","{""name"":{""kind"":""osm"",""url"":""https://www.openstreetmap.org/node/6640371676""},""name_ko"":{""kind"":""previous_draft_not_reverified"",""place_id"":""osaka_draft_dc3ec67cb8d1""},""category"":{""kind"":""osm"",""url"":""https://www.openstreetmap.org/node/6640371676""},""latitude"":{""kind"":""osm"",""url"":""https://www.openstreetmap.org/node/6640371676""},""longitude"":{""kind"":""osm"",""url"":""https://www.openstreetmap.org/node/6640371676""},""address"":{""kind"":""official_web_review"",""urls"":[""https://citymall.jp/access/""],""checked_at"":""2026-09-26"",""evidence_window"":""2026-09-24/2026-09-26""},""opening_hours"":{""kind"":""official_web_review"",""urls"":[""https://citymall.jp/access/""],""checked_at"":""2026-09-26"",""evidence_window"":""2026-09-24/2026-09-26""},""opening_hours_source"":{""kind"":""official_web_review"",""urls"":[""https://citymall.jp/access/""],""checked_at"":""2026-09-26"",""evidence_window"":""2026-09-24/2026-09-26""},""verified_at"":{""kind"":""review_date_only"",""note"":""이번에 확인한 필드만 검증. 전체 필드·영업 상태 검증을 뜻하지 않음."",""check_id"":""official_fields_20260928""},""website"":{""kind"":""official_web_review"",""urls"":[""https://citymall.jp/access/""],""checked_at"":""2026-09-28"",""note"":""기존 공식 검증 기록의 시설 안내 페이지를 다시 열어 관련 시설·지점을 확인. 전용 홈페이지가 없는 공원은 시청 공식 소개 링크 사용.""},""area"":{""kind"":""derived_from_official_address"",""urls"":[""https://citymall.jp/access/""],""checked_at"":""2026-09-26"",""derived_at"":""2026-09-28"",""note"":""공식 출처 주소의 행정구만 추출. 관광 권역·출입구 좌표 추정 아님.""},""bag_load"":{""kind"":""team_rule_estimate"",""urls"":[""https://github.com/travel-recommender/gachilo/issues/1""],""checked_at"":""2026-09-29"",""revision"":""team_planning_rules_20260929"",""note"":""기존 get_luggage_score와 동일: 쇼핑 2, 지정 시장·상점가·아메리카무라·신세카이 1, 나머지 0. kg가 아닌 상대 점수.""},""stay_min"":{""kind"":""team_rule_estimate"",""urls"":[""https://github.com/travel-recommender/gachilo/issues/1""],""checked_at"":""2026-09-29"",""revision"":""team_planning_rules_20260929"",""note"":""사용자 제공 체류시간 범위 90~180분, 쇼핑몰·백화점. 일정 여유를 위해 상한 적용. 실제 관람 소요시간이 아닌 추정값.""}}"
"osaka_draft_2b9dd68b687a","HELLO life","헬로 라이프","쇼핑","大阪市西区","大阪市西区靭本町1-16-14","34.6845823","135.4942168",,,"180","2",,"https://co.hellolife.jp/",,"2026-09-28","","사용자 제공 체류시간 범위 90~180분, 쇼핑몰·백화점. 일정 여유를 위해 상한 적용. 실제 관람 소요시간이 아닌 추정값.","","https://www.openstreetmap.org/way/292400830","https://co.hellolife.jp/","https://co.hellolife.jp/","","https://github.com/travel-recommender/gachilo/issues/1","","https://co.hellolife.jp/","opening_hours | cost | covered | opening_hours_source","category_mismatch","공식 사이트는 취업지원 조직. 쇼핑몰 분류와 방문 목적 재검토 필요. | HELLOlife 법인 공식 주소. 일반 관광 상점의 운영시간을 확인한 것은 아니며 방문 용도 확인 필요.","false","{""name"":{""kind"":""osm"",""url"":""https://www.openstreetmap.org/way/292400830""},""category"":{""kind"":""osm"",""url"":""https://www.openstreetmap.org/way/292400830""},""latitude"":{""kind"":""osm"",""url"":""https://www.openstreetmap.org/way/292400830""},""longitude"":{""kind"":""osm"",""url"":""https://www.openstreetmap.org/way/292400830""},""address"":{""kind"":""official_web_review"",""urls"":[""https://co.hellolife.jp/""],""checked_at"":""2026-09-28"",""note"":""HELLOlife 법인 공식 주소. 일반 관광 상점의 운영시간을 확인한 것은 아니며 방문 용도 확인 필요.""},""website"":{""kind"":""official_web_review"",""urls"":[""https://co.hellolife.jp/""],""checked_at"":""2026-09-28"",""note"":""HELLOlife 법인 공식 주소. 일반 관광 상점의 운영시간을 확인한 것은 아니며 방문 용도 확인 필요.""},""verified_at"":{""kind"":""review_date_only"",""note"":""이번에 확인한 필드만 검증. 전체 필드·영업 상태 검증을 뜻하지 않음."",""check_id"":""official_fields_20260928""},""area"":{""kind"":""derived_from_official_address"",""urls"":[""https://co.hellolife.jp/""],""checked_at"":""2026-09-28"",""derived_at"":""2026-09-28"",""note"":""공식 출처 주소의 행정구만 추출. 관광 권역·출입구 좌표 추정 아님.""},""name_ko"":{""kind"":""editorial_korean_translation"",""urls"":[""https://www.openstreetmap.org/way/292400830""],""checked_at"":""2026-09-28"",""revision"":""korean_display_names_20260928"",""original_name"":""HELLO life"",""note"":""검토 편의를 위한 원문 기반 한국어 번역·음역. 공식 한국어 명칭 또는 지점 검증 완료를 의미하지 않음. 원문 name을 검색 시 함께 사용.""},""bag_load"":{""kind"":""team_rule_estimate"",""urls"":[""https://github.com/travel-recommender/gachilo/issues/1""],""checked_at"":""2026-09-29"",""revision"":""team_planning_rules_20260929"",""note"":""기존 get_luggage_score와 동일: 쇼핑 2, 지정 시장·상점가·아메리카무라·신세카이 1, 나머지 0. kg가 아닌 상대 점수.""},""stay_min"":{""kind"":""team_rule_estimate"",""urls"":[""https://github.com/travel-recommender/gachilo/issues/1""],""checked_at"":""2026-09-29"",""revision"":""team_planning_rules_20260929"",""note"":""사용자 제공 체류시간 범위 90~180분, 쇼핑몰·백화점. 일정 여유를 위해 상한 적용. 실제 관람 소요시간이 아닌 추정값.""}}"
"osaka_draft_fa65b053e525","MIHA shop","미하 숍","쇼핑",,,"34.6872861","135.487014",,,"180","2",,,,,"","사용자 제공 체류시간 범위 90~180분, 쇼핑몰·백화점. 일정 여유를 위해 상한 적용. 실제 관람 소요시간이 아닌 추정값.","","https://www.openstreetmap.org/way/257771954","","","","https://github.com/travel-recommender/gachilo/issues/1","","","area | address | opening_hours | cost | covered | website | opening_hours_source | verified_at","address_unconfirmed","공식 점포 근거 확보 실패. OSM 정보만 유지. | 2026-09-28 Google Maps 검색 및 OSM 주소 태그 확인: 일치 장소의 주소 확보 실패. 주변 점포 주소를 대신 넣지 않음.","false","{""name"":{""kind"":""osm"",""url"":""https://www.openstreetmap.org/way/257771954""},""category"":{""kind"":""osm"",""url"":""https://www.openstreetmap.org/way/257771954""},""latitude"":{""kind"":""osm"",""url"":""https://www.openstreetmap.org/way/257771954""},""longitude"":{""kind"":""osm"",""url"":""https://www.openstreetmap.org/way/257771954""},""name_ko"":{""kind"":""editorial_korean_translation"",""urls"":[""https://www.openstreetmap.org/way/257771954""],""checked_at"":""2026-09-28"",""revision"":""korean_display_names_20260928"",""original_name"":""MIHA shop"",""note"":""검토 편의를 위한 원문 기반 한국어 번역·음역. 공식 한국어 명칭 또는 지점 검증 완료를 의미하지 않음. 원문 name을 검색 시 함께 사용.""},""bag_load"":{""kind"":""team_rule_estimate"",""urls"":[""https://github.com/travel-recommender/gachilo/issues/1""],""checked_at"":""2026-09-29"",""revision"":""team_planning_rules_20260929"",""note"":""기존 get_luggage_score와 동일: 쇼핑 2, 지정 시장·상점가·아메리카무라·신세카이 1, 나머지 0. kg가 아닌 상대 점수.""},""stay_min"":{""kind"":""team_rule_estimate"",""urls"":[""https://github.com/travel-recommender/gachilo/issues/1""],""checked_at"":""2026-09-29"",""revision"":""team_planning_rules_20260929"",""note"":""사용자 제공 체류시간 범위 90~180분, 쇼핑몰·백화점. 일정 여유를 위해 상한 적용. 실제 관람 소요시간이 아닌 추정값.""}}"
"osaka_draft_31878d4960fc","Viewl 阪急三国","뷰르 한큐 미쿠니","쇼핑","大阪市淀川区","大阪市淀川区三国本町3-37-35","34.7372991","135.4832338",,,"180","2",,,,"2026-09-26","","사용자 제공 체류시간 범위 90~180분, 쇼핑몰·백화점. 일정 여유를 위해 상한 적용. 실제 관람 소요시간이 아닌 추정값.","","https://www.openstreetmap.org/node/12913067534 | https://holdings.hankyu-hanshin.co.jp/ir/data/ER200303171N1.pdf","https://www.hhbm.hankyu-hanshin.co.jp/managed/sc/profile.pdf","https://www.hhbm.hankyu-hanshin.co.jp/managed/sc/profile.pdf","","https://github.com/travel-recommender/gachilo/issues/1","","","opening_hours | cost | covered | website | opening_hours_source","","시설관리사 자료에서 소재지 확인. 영업시간 미확인.","false","{""name"":{""kind"":""osm"",""url"":""https://www.openstreetmap.org/node/12913067534""},""category"":{""kind"":""osm"",""url"":""https://www.openstreetmap.org/node/12913067534""},""latitude"":{""kind"":""osm"",""url"":""https://www.openstreetmap.org/node/12913067534""},""longitude"":{""kind"":""osm"",""url"":""https://www.openstreetmap.org/node/12913067534""},""address"":{""kind"":""official_web_review"",""urls"":[""https://www.hhbm.hankyu-hanshin.co.jp/managed/sc/profile.pdf""],""checked_at"":""2026-09-26"",""evidence_window"":""2026-09-24/2026-09-26""},""verified_at"":{""kind"":""review_date_only"",""check_id"":""osaka_draft_31878d4960fc_address_hours_20260926"",""note"":""장소 전체 또는 일정 사용 가능 판정이 아님. 검증 범위는 필드 출처 참조.""},""area"":{""kind"":""derived_from_official_address"",""urls"":[""https://www.hhbm.hankyu-hanshin.co.jp/managed/sc/profile.pdf""],""checked_at"":""2026-09-26"",""derived_at"":""2026-09-28"",""note"":""공식 출처 주소의 행정구만 추출. 관광 권역·출입구 좌표 추정 아님.""},""name_ko"":{""kind"":""editorial_korean_translation"",""urls"":[""https://www.openstreetmap.org/node/12913067534"",""https://holdings.hankyu-hanshin.co.jp/ir/data/ER200303171N1.pdf""],""checked_at"":""2026-09-28"",""revision"":""korean_display_names_20260928"",""original_name"":""Viewl 阪急三国"",""note"":""검토 편의를 위한 원문 기반 한국어 번역·음역. 공식 한국어 명칭 또는 지점 검증 완료를 의미하지 않음. 원문 name을 검색 시 함께 사용.""},""bag_load"":{""kind"":""team_rule_estimate"",""urls"":[""https://github.com/travel-recommender/gachilo/issues/1""],""checked_at"":""2026-09-29"",""revision"":""team_planning_rules_20260929"",""note"":""기존 get_luggage_score와 동일: 쇼핑 2, 지정 시장·상점가·아메리카무라·신세카이 1, 나머지 0. kg가 아닌 상대 점수.""},""stay_min"":{""kind"":""team_rule_estimate"",""urls"":[""https://github.com/travel-recommender/gachilo/issues/1""],""checked_at"":""2026-09-29"",""revision"":""team_planning_rules_20260929"",""note"":""사용자 제공 체류시간 범위 90~180분, 쇼핑몰·백화점. 일정 여유를 위해 상한 적용. 실제 관람 소요시간이 아닌 추정값.""}}"
"osaka_draft_391fae83b26c","てんしばi:na","덴시바 이나","쇼핑","大阪市天王寺区","5-55号 Chausuyamacho, Tennoji Ward, Osaka, 543-0063 일본","34.648699","135.5094357","공원 07:00–22:00; 이나 구역 점포·활동시설은 개별 시간 확인",,"180","2",,"https://www.tennoji-park.jp/","https://www.tennoji-park.jp/","2026-09-28","","사용자 제공 체류시간 범위 90~180분, 쇼핑몰·백화점. 일정 여유를 위해 상한 적용. 실제 관람 소요시간이 아닌 추정값.","","https://www.openstreetmap.org/way/977755839","https://maps.google.com/?cid=2093338456744825032 | https://www.openstreetmap.org/way/977755839","https://maps.google.com/?cid=2093338456744825032 | https://www.openstreetmap.org/way/977755839","","https://github.com/travel-recommender/gachilo/issues/1","","https://www.tennoji-park.jp/","cost | covered","","텐시바 전체와 i:na 시설 구분, 점포별 시간 확인 필요. | 공식 안내에서 텐시바 이나 별도 구역 확인. 개별 유료 시설 이용시간·요금은 별도. | Google Maps 장소명·주소와 기존 OSM 위치 대조. 지도 지점 좌표 차이 2.9m. 주소만 확인했으며 영업시간 검증 아님.","false","{""name"":{""kind"":""osm"",""url"":""https://www.openstreetmap.org/way/977755839""},""category"":{""kind"":""osm"",""url"":""https://www.openstreetmap.org/way/977755839""},""latitude"":{""kind"":""osm"",""url"":""https://www.openstreetmap.org/way/977755839""},""longitude"":{""kind"":""osm"",""url"":""https://www.openstreetmap.org/way/977755839""},""website"":{""kind"":""official_web_review"",""urls"":[""https://www.tennoji-park.jp/""],""checked_at"":""2026-09-28"",""note"":""공식 안내에서 텐시바 이나 별도 구역 확인. 개별 유료 시설 이용시간·요금은 별도.""},""opening_hours"":{""kind"":""official_web_review"",""urls"":[""https://www.tennoji-park.jp/""],""checked_at"":""2026-09-28"",""note"":""공식 안내에서 텐시바 이나 별도 구역 확인. 개별 유료 시설 이용시간·요금은 별도.""},""opening_hours_source"":{""kind"":""official_web_review"",""urls"":[""https://www.tennoji-park.jp/""],""checked_at"":""2026-09-28"",""note"":""공식 안내에서 텐시바 이나 별도 구역 확인. 개별 유료 시설 이용시간·요금은 별도.""},""verified_at"":{""kind"":""review_date_only"",""note"":""이번에 확인한 필드만 검증. 전체 필드·영업 상태 검증을 뜻하지 않음."",""check_id"":""official_fields_20260928""},""name_ko"":{""kind"":""editorial_korean_translation"",""urls"":[""https://www.openstreetmap.org/way/977755839""],""checked_at"":""2026-09-28"",""revision"":""korean_display_names_20260928"",""original_name"":""てんしばi:na"",""note"":""검토 편의를 위한 원문 기반 한국어 번역·음역. 공식 한국어 명칭 또는 지점 검증 완료를 의미하지 않음. 원문 name을 검색 시 함께 사용.""},""address"":{""kind"":""google_maps_ui_review"",""urls"":[""https://maps.google.com/?cid=2093338456744825032"",""https://www.openstreetmap.org/way/977755839""],""checked_at"":""2026-09-28"",""revision"":""map_addresses_20260928"",""note"":""Google Maps 장소명·주소와 기존 OSM 위치 대조. 지도 지점 좌표 차이 2.9m. 주소만 확인했으며 영업시간 검증 아님.""},""area"":{""kind"":""derived_from_map_address"",""urls"":[""https://maps.google.com/?cid=2093338456744825032"",""https://www.openstreetmap.org/way/977755839""],""checked_at"":""2026-09-28"",""revision"":""map_addresses_20260928"",""note"":""Google Maps 장소명·주소와 기존 OSM 위치 대조. 지도 지점 좌표 차이 2.9m. 주소만 확인했으며 영업시간 검증 아님.""},""bag_load"":{""kind"":""team_rule_estimate"",""urls"":[""https://github.com/travel-recommender/gachilo/issues/1""],""checked_at"":""2026-09-29"",""revision"":""team_planning_rules_20260929"",""note"":""기존 get_luggage_score와 동일: 쇼핑 2, 지정 시장·상점가·아메리카무라·신세카이 1, 나머지 0. kg가 아닌 상대 점수.""},""stay_min"":{""kind"":""team_rule_estimate"",""urls"":[""https://github.com/travel-recommender/gachilo/issues/1""],""checked_at"":""2026-09-29"",""revision"":""team_planning_rules_20260929"",""note"":""사용자 제공 체류시간 범위 90~180분, 쇼핑몰·백화점. 일정 여유를 위해 상한 적용. 실제 관람 소요시간이 아닌 추정값.""}}"
"osaka_draft_a8c6b6985943","なんばEKIKAN","난바 에키칸","쇼핑","大阪市浪速区","大阪市浪速区難波中2-11-1・敷津東1-1-21・1-2-12・2-1-4～5","34.6598441","135.5027621","점포별 상이",,"180","2",,"https://ekikan.com/access","https://ekikan.com/access","2026-09-28","","사용자 제공 체류시간 범위 90~180분, 쇼핑몰·백화점. 일정 여유를 위해 상한 적용. 실제 관람 소요시간이 아닌 추정값.","","https://www.openstreetmap.org/way/599490077","https://ekikan.com/access | https://ekikan.com/faq","https://ekikan.com/access | https://ekikan.com/faq","","https://github.com/travel-recommender/gachilo/issues/1","","https://ekikan.com/access","cost | covered","","여러 구역으로 구성된 상업시설. 개별 점포 목적지 주소가 아님. | 기존 공식 검증 기록의 시설 안내 페이지를 다시 열어 관련 시설·지점을 확인. 전용 홈페이지가 없는 공원은 시청 공식 소개 링크 사용.","false","{""name"":{""kind"":""osm"",""url"":""https://www.openstreetmap.org/way/599490077""},""category"":{""kind"":""osm"",""url"":""https://www.openstreetmap.org/way/599490077""},""latitude"":{""kind"":""osm"",""url"":""https://www.openstreetmap.org/way/599490077""},""longitude"":{""kind"":""osm"",""url"":""https://www.openstreetmap.org/way/599490077""},""address"":{""kind"":""official_web_review"",""urls"":[""https://ekikan.com/access"",""https://ekikan.com/faq""],""checked_at"":""2026-09-26"",""evidence_window"":""2026-09-24/2026-09-26""},""opening_hours"":{""kind"":""official_web_review"",""urls"":[""https://ekikan.com/access"",""https://ekikan.com/faq""],""checked_at"":""2026-09-26"",""evidence_window"":""2026-09-24/2026-09-26""},""opening_hours_source"":{""kind"":""official_web_review"",""urls"":[""https://ekikan.com/access"",""https://ekikan.com/faq""],""checked_at"":""2026-09-26"",""evidence_window"":""2026-09-24/2026-09-26""},""verified_at"":{""kind"":""review_date_only"",""note"":""이번에 확인한 필드만 검증. 전체 필드·영업 상태 검증을 뜻하지 않음."",""check_id"":""official_fields_20260928""},""website"":{""kind"":""official_web_review"",""urls"":[""https://ekikan.com/access""],""checked_at"":""2026-09-28"",""note"":""기존 공식 검증 기록의 시설 안내 페이지를 다시 열어 관련 시설·지점을 확인. 전용 홈페이지가 없는 공원은 시청 공식 소개 링크 사용.""},""area"":{""kind"":""derived_from_official_address"",""urls"":[""https://ekikan.com/access"",""https://ekikan.com/faq""],""checked_at"":""2026-09-26"",""derived_at"":""2026-09-28"",""note"":""공식 출처 주소의 행정구만 추출. 관광 권역·출입구 좌표 추정 아님.""},""name_ko"":{""kind"":""editorial_korean_translation"",""urls"":[""https://www.openstreetmap.org/way/599490077""],""checked_at"":""2026-09-28"",""revision"":""korean_display_names_20260928"",""original_name"":""なんばEKIKAN"",""note"":""검토 편의를 위한 원문 기반 한국어 번역·음역. 공식 한국어 명칭 또는 지점 검증 완료를 의미하지 않음. 원문 name을 검색 시 함께 사용.""},""bag_load"":{""kind"":""team_rule_estimate"",""urls"":[""https://github.com/travel-recommender/gachilo/issues/1""],""checked_at"":""2026-09-29"",""revision"":""team_planning_rules_20260929"",""note"":""기존 get_luggage_score와 동일: 쇼핑 2, 지정 시장·상점가·아메리카무라·신세카이 1, 나머지 0. kg가 아닌 상대 점수.""},""stay_min"":{""kind"":""team_rule_estimate"",""urls"":[""https://github.com/travel-recommender/gachilo/issues/1""],""checked_at"":""2026-09-29"",""revision"":""team_planning_rules_20260929"",""note"":""사용자 제공 체류시간 범위 90~180분, 쇼핑몰·백화점. 일정 여유를 위해 상한 적용. 실제 관람 소요시간이 아닌 추정값.""}}"
"osaka_draft_fc7acd992f21","新大阪センイシティー","신오사카 센이시티","쇼핑","大阪市淀川区","大阪府大阪市淀川区西宮原2-2-2","34.7355556","135.4939955","월–토 08:00–19:00; 일·공휴일 09:30–19:00; 점포별 예외",,"180","2",,"https://page.line.me/hvk0696d","https://page.line.me/hvk0696d","2026-09-28","","사용자 제공 체류시간 범위 90~180분, 쇼핑몰·백화점. 일정 여유를 위해 상한 적용. 실제 관람 소요시간이 아닌 추정값.","","https://www.openstreetmap.org/way/275638697","https://page.line.me/hvk0696d","https://page.line.me/hvk0696d","","https://github.com/travel-recommender/gachilo/issues/1","","https://page.line.me/hvk0696d","cost | covered","","기존 공식 검증 기록의 시설 안내 페이지를 다시 열어 관련 시설·지점을 확인. 전용 홈페이지가 없는 공원은 시청 공식 소개 링크 사용.","false","{""name"":{""kind"":""osm"",""url"":""https://www.openstreetmap.org/way/275638697""},""category"":{""kind"":""osm"",""url"":""https://www.openstreetmap.org/way/275638697""},""latitude"":{""kind"":""osm"",""url"":""https://www.openstreetmap.org/way/275638697""},""longitude"":{""kind"":""osm"",""url"":""https://www.openstreetmap.org/way/275638697""},""address"":{""kind"":""official_social_review"",""urls"":[""https://page.line.me/hvk0696d""],""checked_at"":""2026-09-26"",""evidence_window"":""2026-09-24/2026-09-26""},""opening_hours"":{""kind"":""official_social_review"",""urls"":[""https://page.line.me/hvk0696d""],""checked_at"":""2026-09-26"",""evidence_window"":""2026-09-24/2026-09-26""},""opening_hours_source"":{""kind"":""official_social_review"",""urls"":[""https://page.line.me/hvk0696d""],""checked_at"":""2026-09-26"",""evidence_window"":""2026-09-24/2026-09-26""},""verified_at"":{""kind"":""review_date_only"",""note"":""이번에 확인한 필드만 검증. 전체 필드·영업 상태 검증을 뜻하지 않음."",""check_id"":""official_fields_20260928""},""website"":{""kind"":""official_web_review"",""urls"":[""https://page.line.me/hvk0696d""],""checked_at"":""2026-09-28"",""note"":""기존 공식 검증 기록의 시설 안내 페이지를 다시 열어 관련 시설·지점을 확인. 전용 홈페이지가 없는 공원은 시청 공식 소개 링크 사용.""},""area"":{""kind"":""derived_from_official_address"",""urls"":[""https://page.line.me/hvk0696d""],""checked_at"":""2026-09-26"",""derived_at"":""2026-09-28"",""note"":""공식 출처 주소의 행정구만 추출. 관광 권역·출입구 좌표 추정 아님.""},""name_ko"":{""kind"":""editorial_korean_translation"",""urls"":[""https://www.openstreetmap.org/way/275638697""],""checked_at"":""2026-09-28"",""revision"":""korean_display_names_20260928"",""original_name"":""新大阪センイシティー"",""note"":""검토 편의를 위한 원문 기반 한국어 번역·음역. 공식 한국어 명칭 또는 지점 검증 완료를 의미하지 않음. 원문 name을 검색 시 함께 사용.""},""bag_load"":{""kind"":""team_rule_estimate"",""urls"":[""https://github.com/travel-recommender/gachilo/issues/1""],""checked_at"":""2026-09-29"",""revision"":""team_planning_rules_20260929"",""note"":""기존 get_luggage_score와 동일: 쇼핑 2, 지정 시장·상점가·아메리카무라·신세카이 1, 나머지 0. kg가 아닌 상대 점수.""},""stay_min"":{""kind"":""team_rule_estimate"",""urls"":[""https://github.com/travel-recommender/gachilo/issues/1""],""checked_at"":""2026-09-29"",""revision"":""team_planning_rules_20260929"",""note"":""사용자 제공 체류시간 범위 90~180분, 쇼핑몰·백화점. 일정 여유를 위해 상한 적용. 실제 관람 소요시간이 아닌 추정값.""}}"
"osaka_draft_b6b6dae05ce5","淀屋橋 odona","요도야바시 오도나","쇼핑","大阪市中央区","大阪市中央区今橋4-1-1","34.6911335","135.5002576","쇼핑 11:00–20:00; 음식점 평일 11:30–22:30, 토·일·공휴일 11:30–21:30; 12월 31일·1월 1일 휴관; 점포별 예외",,"180","2",,"https://mitsui-shopping-park.com/odona/top.html","https://mitsui-shopping-park.com/odona/top.html","2026-09-28","","사용자 제공 체류시간 범위 90~180분, 쇼핑몰·백화점. 일정 여유를 위해 상한 적용. 실제 관람 소요시간이 아닌 추정값.","","https://www.openstreetmap.org/way/148657763","https://mitsui-shopping-park.com/odona/top.html","https://mitsui-shopping-park.com/odona/top.html","","https://github.com/travel-recommender/gachilo/issues/1","","https://mitsui-shopping-park.com/odona/top.html","cost | covered","","기존 공식 검증 기록의 시설 안내 페이지를 다시 열어 관련 시설·지점을 확인. 전용 홈페이지가 없는 공원은 시청 공식 소개 링크 사용.","false","{""name"":{""kind"":""osm"",""url"":""https://www.openstreetmap.org/way/148657763""},""category"":{""kind"":""osm"",""url"":""https://www.openstreetmap.org/way/148657763""},""latitude"":{""kind"":""osm"",""url"":""https://www.openstreetmap.org/way/148657763""},""longitude"":{""kind"":""osm"",""url"":""https://www.openstreetmap.org/way/148657763""},""address"":{""kind"":""official_web_review"",""urls"":[""https://mitsui-shopping-park.com/odona/top.html""],""checked_at"":""2026-09-26"",""evidence_window"":""2026-09-24/2026-09-26""},""opening_hours"":{""kind"":""official_web_review"",""urls"":[""https://mitsui-shopping-park.com/odona/top.html""],""checked_at"":""2026-09-26"",""evidence_window"":""2026-09-24/2026-09-26""},""opening_hours_source"":{""kind"":""official_web_review"",""urls"":[""https://mitsui-shopping-park.com/odona/top.html""],""checked_at"":""2026-09-26"",""evidence_window"":""2026-09-24/2026-09-26""},""verified_at"":{""kind"":""review_date_only"",""note"":""이번에 확인한 필드만 검증. 전체 필드·영업 상태 검증을 뜻하지 않음."",""check_id"":""official_fields_20260928""},""website"":{""kind"":""official_web_review"",""urls"":[""https://mitsui-shopping-park.com/odona/top.html""],""checked_at"":""2026-09-28"",""note"":""기존 공식 검증 기록의 시설 안내 페이지를 다시 열어 관련 시설·지점을 확인. 전용 홈페이지가 없는 공원은 시청 공식 소개 링크 사용.""},""area"":{""kind"":""derived_from_official_address"",""urls"":[""https://mitsui-shopping-park.com/odona/top.html""],""checked_at"":""2026-09-26"",""derived_at"":""2026-09-28"",""note"":""공식 출처 주소의 행정구만 추출. 관광 권역·출입구 좌표 추정 아님.""},""name_ko"":{""kind"":""editorial_korean_translation"",""urls"":[""https://www.openstreetmap.org/way/148657763""],""checked_at"":""2026-09-28"",""revision"":""korean_display_names_20260928"",""original_name"":""淀屋橋 odona"",""note"":""검토 편의를 위한 원문 기반 한국어 번역·음역. 공식 한국어 명칭 또는 지점 검증 완료를 의미하지 않음. 원문 name을 검색 시 함께 사용.""},""bag_load"":{""kind"":""team_rule_estimate"",""urls"":[""https://github.com/travel-recommender/gachilo/issues/1""],""checked_at"":""2026-09-29"",""revision"":""team_planning_rules_20260929"",""note"":""기존 get_luggage_score와 동일: 쇼핑 2, 지정 시장·상점가·아메리카무라·신세카이 1, 나머지 0. kg가 아닌 상대 점수.""},""stay_min"":{""kind"":""team_rule_estimate"",""urls"":[""https://github.com/travel-recommender/gachilo/issues/1""],""checked_at"":""2026-09-29"",""revision"":""team_planning_rules_20260929"",""note"":""사용자 제공 체류시간 범위 90~180분, 쇼핑몰·백화점. 일정 여유를 위해 상한 적용. 실제 관람 소요시간이 아닌 추정값.""}}"
"osaka_draft_f1ba0aa6ab58","阪急うめだ本店","한큐 백화점 우메다 본점","쇼핑","大阪市北区","大阪府大阪市北区角田町8番7号","34.7027128","135.4984322","판매장 10:00–20:00; 12·13F 음식점 11:00–22:00; 일부 점포 예외",,"180","2",,"https://www.hankyu-dept.co.jp/honten","https://www.hankyu-dept.co.jp/index.html","2026-09-26","","사용자 제공 체류시간 범위 90~180분, 쇼핑몰·백화점. 일정 여유를 위해 상한 적용. 실제 관람 소요시간이 아닌 추정값.","","","https://www.hankyu-dept.co.jp/index.html","https://www.hankyu-dept.co.jp/index.html","","https://github.com/travel-recommender/gachilo/issues/1","","","cost | covered","","","false","{""name"":{""kind"":""osm"",""url"":""https://www.openstreetmap.org/node/9840655056""},""name_ko"":{""kind"":""previous_draft_not_reverified"",""place_id"":""osaka_draft_f1ba0aa6ab58""},""category"":{""kind"":""osm"",""url"":""https://www.openstreetmap.org/node/9840655056""},""latitude"":{""kind"":""osm"",""url"":""https://www.openstreetmap.org/node/9840655056""},""longitude"":{""kind"":""osm"",""url"":""https://www.openstreetmap.org/node/9840655056""},""opening_hours"":{""kind"":""official_web_review"",""urls"":[""https://www.hankyu-dept.co.jp/index.html""],""checked_at"":""2026-09-26"",""evidence_window"":""2026-09-24/2026-09-26""},""website"":{""kind"":""osm"",""url"":""https://www.openstreetmap.org/node/9840655056""},""address"":{""kind"":""official_web_review"",""urls"":[""https://www.hankyu-dept.co.jp/index.html""],""checked_at"":""2026-09-26"",""evidence_window"":""2026-09-24/2026-09-26""},""opening_hours_source"":{""kind"":""official_web_review"",""urls"":[""https://www.hankyu-dept.co.jp/index.html""],""checked_at"":""2026-09-26"",""evidence_window"":""2026-09-24/2026-09-26""},""verified_at"":{""kind"":""review_date_only"",""check_id"":""osaka_draft_f1ba0aa6ab58_address_hours_20260926"",""note"":""장소 전체 또는 일정 사용 가능 판정이 아님. 검증 범위는 필드 출처 참조.""},""area"":{""kind"":""derived_from_official_address"",""urls"":[""https://www.hankyu-dept.co.jp/index.html""],""checked_at"":""2026-09-26"",""derived_at"":""2026-09-28"",""note"":""공식 출처 주소의 행정구만 추출. 관광 권역·출입구 좌표 추정 아님.""},""bag_load"":{""kind"":""team_rule_estimate"",""urls"":[""https://github.com/travel-recommender/gachilo/issues/1""],""checked_at"":""2026-09-29"",""revision"":""team_planning_rules_20260929"",""note"":""기존 get_luggage_score와 동일: 쇼핑 2, 지정 시장·상점가·아메리카무라·신세카이 1, 나머지 0. kg가 아닌 상대 점수.""},""stay_min"":{""kind"":""team_rule_estimate"",""urls"":[""https://github.com/travel-recommender/gachilo/issues/1""],""checked_at"":""2026-09-29"",""revision"":""team_planning_rules_20260929"",""note"":""사용자 제공 체류시간 범위 90~180분, 쇼핑몰·백화점. 일정 여유를 위해 상한 적용. 실제 관람 소요시간이 아닌 추정값.""}}"
"osaka_draft_481d9742f9c2","ブリーゼブリーゼ","브리제 브리제","쇼핑","大阪市北区","大阪市北区梅田2-4-9","34.6985046","135.4939391","판매장 월–토 11:00–20:00, 일·공휴일 11:00–19:00(다음날 공휴일이면 20:00까지); 음식점 11:00–22:00; 비정기 휴무",,"180","2",,"https://www.breeze-breeze.jp/info/","https://www.breeze-breeze.jp/info/","2026-09-26","","사용자 제공 체류시간 범위 90~180분, 쇼핑몰·백화점. 일정 여유를 위해 상한 적용. 실제 관람 소요시간이 아닌 추정값.","","https://www.openstreetmap.org/node/4584816489","https://www.breeze-breeze.jp/info/","https://www.breeze-breeze.jp/info/","","https://github.com/travel-recommender/gachilo/issues/1","","","cost | covered","","","false","{""name"":{""kind"":""osm"",""url"":""https://www.openstreetmap.org/node/4584816489""},""category"":{""kind"":""osm"",""url"":""https://www.openstreetmap.org/node/4584816489""},""latitude"":{""kind"":""osm"",""url"":""https://www.openstreetmap.org/node/4584816489""},""longitude"":{""kind"":""osm"",""url"":""https://www.openstreetmap.org/node/4584816489""},""opening_hours"":{""kind"":""official_web_review"",""urls"":[""https://www.breeze-breeze.jp/info/""],""checked_at"":""2026-09-26"",""evidence_window"":""2026-09-24/2026-09-26""},""website"":{""kind"":""osm"",""url"":""https://www.openstreetmap.org/node/4584816489""},""address"":{""kind"":""official_web_review"",""urls"":[""https://www.breeze-breeze.jp/info/""],""checked_at"":""2026-09-26"",""evidence_window"":""2026-09-24/2026-09-26""},""opening_hours_source"":{""kind"":""official_web_review"",""urls"":[""https://www.breeze-breeze.jp/info/""],""checked_at"":""2026-09-26"",""evidence_window"":""2026-09-24/2026-09-26""},""verified_at"":{""kind"":""review_date_only"",""check_id"":""osaka_draft_481d9742f9c2_address_hours_20260926"",""note"":""장소 전체 또는 일정 사용 가능 판정이 아님. 검증 범위는 필드 출처 참조.""},""area"":{""kind"":""derived_from_official_address"",""urls"":[""https://www.breeze-breeze.jp/info/""],""checked_at"":""2026-09-26"",""derived_at"":""2026-09-28"",""note"":""공식 출처 주소의 행정구만 추출. 관광 권역·출입구 좌표 추정 아님.""},""name_ko"":{""kind"":""editorial_korean_translation"",""urls"":[""https://www.openstreetmap.org/node/4584816489""],""checked_at"":""2026-09-28"",""revision"":""korean_display_names_20260928"",""original_name"":""ブリーゼブリーゼ"",""note"":""검토 편의를 위한 원문 기반 한국어 번역·음역. 공식 한국어 명칭 또는 지점 검증 완료를 의미하지 않음. 원문 name을 검색 시 함께 사용.""},""bag_load"":{""kind"":""team_rule_estimate"",""urls"":[""https://github.com/travel-recommender/gachilo/issues/1""],""checked_at"":""2026-09-29"",""revision"":""team_planning_rules_20260929"",""note"":""기존 get_luggage_score와 동일: 쇼핑 2, 지정 시장·상점가·아메리카무라·신세카이 1, 나머지 0. kg가 아닌 상대 점수.""},""stay_min"":{""kind"":""team_rule_estimate"",""urls"":[""https://github.com/travel-recommender/gachilo/issues/1""],""checked_at"":""2026-09-29"",""revision"":""team_planning_rules_20260929"",""note"":""사용자 제공 체류시간 범위 90~180분, 쇼핑몰·백화점. 일정 여유를 위해 상한 적용. 실제 관람 소요시간이 아닌 추정값.""}}"
"osaka_draft_c85fa26beb80","なんばマルイ","난바 마루이","쇼핑","大阪市中央区","大阪市中央区難波3丁目8-9","34.6655694","135.5010595","11:00–20:00; 비정기 휴무",,"180","2",,"https://www.0101.co.jp/085/","https://osaka-info.jp/spot/o1o1-namba-marui/","2026-09-28","","사용자 제공 체류시간 범위 90~180분, 쇼핑몰·백화점. 일정 여유를 위해 상한 적용. 실제 관람 소요시간이 아닌 추정값.","","https://www.openstreetmap.org/node/13026741817","https://osaka-info.jp/spot/o1o1-namba-marui/","https://osaka-info.jp/spot/o1o1-namba-marui/","","https://github.com/travel-recommender/gachilo/issues/1","","https://osaka-info.jp/spot/o1o1-namba-marui/","cost | covered","","백화점 공통 사이트로 이동. 난바 마루이 지점 전용 안내 필요. | 오사카 관광국 공식 시설 안내. 개별 점포 예외는 별도 확인.","false","{""name"":{""kind"":""osm"",""url"":""https://www.openstreetmap.org/node/13026741817""},""category"":{""kind"":""osm"",""url"":""https://www.openstreetmap.org/node/13026741817""},""latitude"":{""kind"":""osm"",""url"":""https://www.openstreetmap.org/node/13026741817""},""longitude"":{""kind"":""osm"",""url"":""https://www.openstreetmap.org/node/13026741817""},""website"":{""kind"":""official_web_review"",""urls"":[""https://osaka-info.jp/spot/o1o1-namba-marui/""],""checked_at"":""2026-09-28"",""note"":""오사카 관광국 공식 시설 안내. 개별 점포 예외는 별도 확인.""},""address"":{""kind"":""official_web_review"",""urls"":[""https://osaka-info.jp/spot/o1o1-namba-marui/""],""checked_at"":""2026-09-28"",""note"":""오사카 관광국 공식 시설 안내. 개별 점포 예외는 별도 확인.""},""opening_hours"":{""kind"":""official_web_review"",""urls"":[""https://osaka-info.jp/spot/o1o1-namba-marui/""],""checked_at"":""2026-09-28"",""note"":""오사카 관광국 공식 시설 안내. 개별 점포 예외는 별도 확인.""},""opening_hours_source"":{""kind"":""official_web_review"",""urls"":[""https://osaka-info.jp/spot/o1o1-namba-marui/""],""checked_at"":""2026-09-28"",""note"":""오사카 관광국 공식 시설 안내. 개별 점포 예외는 별도 확인.""},""verified_at"":{""kind"":""review_date_only"",""note"":""이번에 확인한 필드만 검증. 전체 필드·영업 상태 검증을 뜻하지 않음."",""check_id"":""official_fields_20260928""},""area"":{""kind"":""derived_from_official_address"",""urls"":[""https://osaka-info.jp/spot/o1o1-namba-marui/""],""checked_at"":""2026-09-28"",""derived_at"":""2026-09-28"",""note"":""공식 출처 주소의 행정구만 추출. 관광 권역·출입구 좌표 추정 아님.""},""name_ko"":{""kind"":""editorial_korean_translation"",""urls"":[""https://www.openstreetmap.org/node/13026741817""],""checked_at"":""2026-09-28"",""revision"":""korean_display_names_20260928"",""original_name"":""なんばマルイ"",""note"":""검토 편의를 위한 원문 기반 한국어 번역·음역. 공식 한국어 명칭 또는 지점 검증 완료를 의미하지 않음. 원문 name을 검색 시 함께 사용.""},""bag_load"":{""kind"":""team_rule_estimate"",""urls"":[""https://github.com/travel-recommender/gachilo/issues/1""],""checked_at"":""2026-09-29"",""revision"":""team_planning_rules_20260929"",""note"":""기존 get_luggage_score와 동일: 쇼핑 2, 지정 시장·상점가·아메리카무라·신세카이 1, 나머지 0. kg가 아닌 상대 점수.""},""stay_min"":{""kind"":""team_rule_estimate"",""urls"":[""https://github.com/travel-recommender/gachilo/issues/1""],""checked_at"":""2026-09-29"",""revision"":""team_planning_rules_20260929"",""note"":""사용자 제공 체류시간 범위 90~180분, 쇼핑몰·백화점. 일정 여유를 위해 상한 적용. 실제 관람 소요시간이 아닌 추정값.""}}"
"osaka_draft_35640888fa49","モトコーヒー","모토커피","카페","大阪市中央区","大阪市中央区北浜2-1-1 北浜ライオンビルディング","34.6920707","135.5064765","11:00–18:00(주문 17:30까지); 비정기 휴무",,"60","0",,"https://shelf-keybridge.com/jp/moto/kitahama/","https://shelf-keybridge.com/jp/moto/kitahama/","2026-09-28","","사용자 제공 체류시간 범위 45~60분, 카페. 일정 여유를 위해 상한 적용. 실제 관람 소요시간이 아닌 추정값.","","","https://shelf-keybridge.com/jp/moto/kitahama/","https://shelf-keybridge.com/jp/moto/kitahama/","","https://github.com/travel-recommender/gachilo/issues/1","","https://shelf-keybridge.com/jp/moto/kitahama/","cost | covered","","정확한 MOTO 지점과 최신 공식 운영시간 미확인. | 공식 북하마점 안내. 내혼마치·혼마치도리점과 구분. 실내·테라스가 혼합되어 covered 보류.","false","{""name"":{""kind"":""osm"",""url"":""https://www.openstreetmap.org/node/4572487891""},""name_ko"":{""kind"":""previous_draft_not_reverified"",""place_id"":""osaka_draft_35640888fa49""},""category"":{""kind"":""osm"",""url"":""https://www.openstreetmap.org/node/4572487891""},""latitude"":{""kind"":""osm"",""url"":""https://www.openstreetmap.org/node/4572487891""},""longitude"":{""kind"":""osm"",""url"":""https://www.openstreetmap.org/node/4572487891""},""opening_hours"":{""kind"":""official_web_review"",""urls"":[""https://shelf-keybridge.com/jp/moto/kitahama/""],""checked_at"":""2026-09-28"",""note"":""공식 북하마점 안내. 내혼마치·혼마치도리점과 구분. 실내·테라스가 혼합되어 covered 보류.""},""website"":{""kind"":""official_web_review"",""urls"":[""https://shelf-keybridge.com/jp/moto/kitahama/""],""checked_at"":""2026-09-28"",""note"":""공식 북하마점 안내. 내혼마치·혼마치도리점과 구분. 실내·테라스가 혼합되어 covered 보류.""},""address"":{""kind"":""official_web_review"",""urls"":[""https://shelf-keybridge.com/jp/moto/kitahama/""],""checked_at"":""2026-09-28"",""note"":""공식 북하마점 안내. 내혼마치·혼마치도리점과 구분. 실내·테라스가 혼합되어 covered 보류.""},""opening_hours_source"":{""kind"":""official_web_review"",""urls"":[""https://shelf-keybridge.com/jp/moto/kitahama/""],""checked_at"":""2026-09-28"",""note"":""공식 북하마점 안내. 내혼마치·혼마치도리점과 구분. 실내·테라스가 혼합되어 covered 보류.""},""verified_at"":{""kind"":""review_date_only"",""note"":""이번에 확인한 필드만 검증. 전체 필드·영업 상태 검증을 뜻하지 않음."",""check_id"":""official_fields_20260928""},""area"":{""kind"":""derived_from_official_address"",""urls"":[""https://shelf-keybridge.com/jp/moto/kitahama/""],""checked_at"":""2026-09-28"",""derived_at"":""2026-09-28"",""note"":""공식 출처 주소의 행정구만 추출. 관광 권역·출입구 좌표 추정 아님.""},""bag_load"":{""kind"":""team_rule_estimate"",""urls"":[""https://github.com/travel-recommender/gachilo/issues/1""],""checked_at"":""2026-09-29"",""revision"":""team_planning_rules_20260929"",""note"":""기존 get_luggage_score와 동일: 쇼핑 2, 지정 시장·상점가·아메리카무라·신세카이 1, 나머지 0. kg가 아닌 상대 점수.""},""stay_min"":{""kind"":""team_rule_estimate"",""urls"":[""https://github.com/travel-recommender/gachilo/issues/1""],""checked_at"":""2026-09-29"",""revision"":""team_planning_rules_20260929"",""note"":""사용자 제공 체류시간 범위 45~60분, 카페. 일정 여유를 위해 상한 적용. 실제 관람 소요시간이 아닌 추정값.""}}"
"osaka_draft_f22cfa23d646","42195 COFFEE","42195 커피","카페","大阪市北区","大阪市北区中津3-12-15","34.7123735","135.4937555","08:00–17:00; 수요일 08:00–12:00; 목요일 휴무; 음료 주문 종료 30분 전, 식사 1시간 전",,"60","0",,"https://42195coffee.wixsite.com/toppage","https://42195coffee.wixsite.com/toppage","2026-09-26","","사용자 제공 체류시간 범위 45~60분, 카페. 일정 여유를 위해 상한 적용. 실제 관람 소요시간이 아닌 추정값.","","https://www.openstreetmap.org/way/226005126","https://42195coffee.wixsite.com/toppage","https://42195coffee.wixsite.com/toppage","","https://github.com/travel-recommender/gachilo/issues/1","","","cost | covered","","","false","{""name"":{""kind"":""osm"",""url"":""https://www.openstreetmap.org/way/226005126""},""category"":{""kind"":""osm"",""url"":""https://www.openstreetmap.org/way/226005126""},""latitude"":{""kind"":""osm"",""url"":""https://www.openstreetmap.org/way/226005126""},""longitude"":{""kind"":""osm"",""url"":""https://www.openstreetmap.org/way/226005126""},""opening_hours"":{""kind"":""official_web_review"",""urls"":[""https://42195coffee.wixsite.com/toppage""],""checked_at"":""2026-09-26"",""evidence_window"":""2026-09-24/2026-09-26""},""website"":{""kind"":""osm"",""url"":""https://www.openstreetmap.org/way/226005126""},""address"":{""kind"":""official_web_review"",""urls"":[""https://42195coffee.wixsite.com/toppage""],""checked_at"":""2026-09-26"",""evidence_window"":""2026-09-24/2026-09-26""},""opening_hours_source"":{""kind"":""official_web_review"",""urls"":[""https://42195coffee.wixsite.com/toppage""],""checked_at"":""2026-09-26"",""evidence_window"":""2026-09-24/2026-09-26""},""verified_at"":{""kind"":""review_date_only"",""check_id"":""osaka_draft_f22cfa23d646_address_hours_20260926"",""note"":""장소 전체 또는 일정 사용 가능 판정이 아님. 검증 범위는 필드 출처 참조.""},""area"":{""kind"":""derived_from_official_address"",""urls"":[""https://42195coffee.wixsite.com/toppage""],""checked_at"":""2026-09-26"",""derived_at"":""2026-09-28"",""note"":""공식 출처 주소의 행정구만 추출. 관광 권역·출입구 좌표 추정 아님.""},""name_ko"":{""kind"":""editorial_korean_translation"",""urls"":[""https://www.openstreetmap.org/way/226005126""],""checked_at"":""2026-09-28"",""revision"":""korean_display_names_20260928"",""original_name"":""42195 COFFEE"",""note"":""검토 편의를 위한 원문 기반 한국어 번역·음역. 공식 한국어 명칭 또는 지점 검증 완료를 의미하지 않음. 원문 name을 검색 시 함께 사용.""},""bag_load"":{""kind"":""team_rule_estimate"",""urls"":[""https://github.com/travel-recommender/gachilo/issues/1""],""checked_at"":""2026-09-29"",""revision"":""team_planning_rules_20260929"",""note"":""기존 get_luggage_score와 동일: 쇼핑 2, 지정 시장·상점가·아메리카무라·신세카이 1, 나머지 0. kg가 아닌 상대 점수.""},""stay_min"":{""kind"":""team_rule_estimate"",""urls"":[""https://github.com/travel-recommender/gachilo/issues/1""],""checked_at"":""2026-09-29"",""revision"":""team_planning_rules_20260929"",""note"":""사용자 제공 체류시간 범위 45~60분, 카페. 일정 여유를 위해 상한 적용. 실제 관람 소요시간이 아닌 추정값.""}}"
"osaka_draft_b0a5c9b0d460","Antico Caffe Al Avis","안티코 카페 알 아비스","카페","大阪市北区","大阪市北区梅田2-2-22 ハービスPLAZA ENT B2","34.6994726","135.4942529","평일 08:00–22:00; 토·일·공휴일 10:00–22:00; 주문 마감 21:30",,"60","0",,"https://www.herbis.jp/restaurant-cafe/detail/154","https://www.herbis.jp/restaurant-cafe/detail/154","2026-09-28","","사용자 제공 체류시간 범위 45~60분, 카페. 일정 여유를 위해 상한 적용. 실제 관람 소요시간이 아닌 추정값.","","https://www.openstreetmap.org/node/4572487893","https://dmo-umeda.jp/facilities/325/ | https://www.herbis.jp/restaurant-cafe/detail/154","https://dmo-umeda.jp/facilities/325/ | https://www.herbis.jp/restaurant-cafe/detail/154","","https://github.com/travel-recommender/gachilo/issues/1","","https://www.herbis.jp/restaurant-cafe/detail/154","cost | covered","website_mismatch | branch_unconfirmed","등록 웹사이트가 다른 카페 안내로 연결됨. ANTICO 지점 확인 필요. | HERBIS PLAZA ENT B2 지점. 360엔부터라는 예산 범위는 기준 메뉴가 불명확해 cost에 넣지 않음. 테라스가 있어 covered도 보류. | 시설 주소에 공식 매장 페이지의 ENT B2 위치를 결합. https://www.herbis.jp/restaurant-cafe/detail/154 참조.","false","{""name"":{""kind"":""osm"",""url"":""https://www.openstreetmap.org/node/4572487893""},""category"":{""kind"":""osm"",""url"":""https://www.openstreetmap.org/node/4572487893""},""latitude"":{""kind"":""osm"",""url"":""https://www.openstreetmap.org/node/4572487893""},""longitude"":{""kind"":""osm"",""url"":""https://www.openstreetmap.org/node/4572487893""},""opening_hours"":{""kind"":""official_web_review"",""urls"":[""https://www.herbis.jp/restaurant-cafe/detail/154""],""checked_at"":""2026-09-28"",""note"":""HERBIS PLAZA ENT B2 지점. 360엔부터라는 예산 범위는 기준 메뉴가 불명확해 cost에 넣지 않음. 테라스가 있어 covered도 보류.""},""website"":{""kind"":""official_web_review"",""urls"":[""https://www.herbis.jp/restaurant-cafe/detail/154""],""checked_at"":""2026-09-28"",""note"":""HERBIS PLAZA ENT B2 지점. 360엔부터라는 예산 범위는 기준 메뉴가 불명확해 cost에 넣지 않음. 테라스가 있어 covered도 보류.""},""verified_at"":{""kind"":""review_date_only"",""note"":""이번에 확인한 필드만 검증. 전체 필드·영업 상태 검증을 뜻하지 않음."",""check_id"":""official_fields_20260928""},""opening_hours_source"":{""kind"":""official_web_review"",""urls"":[""https://www.herbis.jp/restaurant-cafe/detail/154""],""checked_at"":""2026-09-28"",""note"":""HERBIS PLAZA ENT B2 지점. 360엔부터라는 예산 범위는 기준 메뉴가 불명확해 cost에 넣지 않음. 테라스가 있어 covered도 보류.""},""address"":{""kind"":""official_web_review"",""urls"":[""https://dmo-umeda.jp/facilities/325/"",""https://www.herbis.jp/restaurant-cafe/detail/154""],""checked_at"":""2026-09-28"",""note"":""시설 주소에 공식 매장 페이지의 ENT B2 위치를 결합. https://www.herbis.jp/restaurant-cafe/detail/154 참조.""},""area"":{""kind"":""derived_from_official_address"",""urls"":[""https://dmo-umeda.jp/facilities/325/"",""https://www.herbis.jp/restaurant-cafe/detail/154""],""checked_at"":""2026-09-28"",""derived_at"":""2026-09-28"",""note"":""공식 출처 주소의 행정구만 추출. 관광 권역·출입구 좌표 추정 아님.""},""name_ko"":{""kind"":""editorial_korean_translation"",""urls"":[""https://www.openstreetmap.org/node/4572487893""],""checked_at"":""2026-09-28"",""revision"":""korean_display_names_20260928"",""original_name"":""Antico Caffe Al Avis"",""note"":""검토 편의를 위한 원문 기반 한국어 번역·음역. 공식 한국어 명칭 또는 지점 검증 완료를 의미하지 않음. 원문 name을 검색 시 함께 사용.""},""bag_load"":{""kind"":""team_rule_estimate"",""urls"":[""https://github.com/travel-recommender/gachilo/issues/1""],""checked_at"":""2026-09-29"",""revision"":""team_planning_rules_20260929"",""note"":""기존 get_luggage_score와 동일: 쇼핑 2, 지정 시장·상점가·아메리카무라·신세카이 1, 나머지 0. kg가 아닌 상대 점수.""},""stay_min"":{""kind"":""team_rule_estimate"",""urls"":[""https://github.com/travel-recommender/gachilo/issues/1""],""checked_at"":""2026-09-29"",""revision"":""team_planning_rules_20260929"",""note"":""사용자 제공 체류시간 범위 45~60분, 카페. 일정 여유를 위해 상한 적용. 실제 관람 소요시간이 아닌 추정값.""}}"
"osaka_draft_5a3ef73c2b4b","Blue Bottle Coffee","블루보틀 커피","카페","大阪市北区","大阪市北区茶屋町15-22 アーバンテラス茶屋町A棟","34.7077414","135.4981894","매일 08:00–21:00",,"60","0",,"https://store.bluebottlecoffee.jp/pages/umeda-chayamachi","https://store.bluebottlecoffee.jp/pages/umeda-chayamachi","2026-09-26","","사용자 제공 체류시간 범위 45~60분, 카페. 일정 여유를 위해 상한 적용. 실제 관람 소요시간이 아닌 추정값.","","https://www.openstreetmap.org/node/7144593677","https://store.bluebottlecoffee.jp/pages/umeda-chayamachi","https://store.bluebottlecoffee.jp/pages/umeda-chayamachi","","https://github.com/travel-recommender/gachilo/issues/1","","","cost | covered","","","false","{""name"":{""kind"":""osm"",""url"":""https://www.openstreetmap.org/node/7144593677""},""category"":{""kind"":""osm"",""url"":""https://www.openstreetmap.org/node/7144593677""},""latitude"":{""kind"":""osm"",""url"":""https://www.openstreetmap.org/node/7144593677""},""longitude"":{""kind"":""osm"",""url"":""https://www.openstreetmap.org/node/7144593677""},""opening_hours"":{""kind"":""official_web_review"",""urls"":[""https://store.bluebottlecoffee.jp/pages/umeda-chayamachi""],""checked_at"":""2026-09-26"",""evidence_window"":""2026-09-24/2026-09-26""},""website"":{""kind"":""osm"",""url"":""https://www.openstreetmap.org/node/7144593677""},""address"":{""kind"":""official_web_review"",""urls"":[""https://store.bluebottlecoffee.jp/pages/umeda-chayamachi""],""checked_at"":""2026-09-26"",""evidence_window"":""2026-09-24/2026-09-26""},""opening_hours_source"":{""kind"":""official_web_review"",""urls"":[""https://store.bluebottlecoffee.jp/pages/umeda-chayamachi""],""checked_at"":""2026-09-26"",""evidence_window"":""2026-09-24/2026-09-26""},""verified_at"":{""kind"":""review_date_only"",""check_id"":""osaka_draft_5a3ef73c2b4b_address_hours_20260926"",""note"":""장소 전체 또는 일정 사용 가능 판정이 아님. 검증 범위는 필드 출처 참조.""},""area"":{""kind"":""derived_from_official_address"",""urls"":[""https://store.bluebottlecoffee.jp/pages/umeda-chayamachi""],""checked_at"":""2026-09-26"",""derived_at"":""2026-09-28"",""note"":""공식 출처 주소의 행정구만 추출. 관광 권역·출입구 좌표 추정 아님.""},""name_ko"":{""kind"":""editorial_korean_translation"",""urls"":[""https://www.openstreetmap.org/node/7144593677""],""checked_at"":""2026-09-28"",""revision"":""korean_display_names_20260928"",""original_name"":""Blue Bottle Coffee"",""note"":""검토 편의를 위한 원문 기반 한국어 번역·음역. 공식 한국어 명칭 또는 지점 검증 완료를 의미하지 않음. 원문 name을 검색 시 함께 사용.""},""bag_load"":{""kind"":""team_rule_estimate"",""urls"":[""https://github.com/travel-recommender/gachilo/issues/1""],""checked_at"":""2026-09-29"",""revision"":""team_planning_rules_20260929"",""note"":""기존 get_luggage_score와 동일: 쇼핑 2, 지정 시장·상점가·아메리카무라·신세카이 1, 나머지 0. kg가 아닌 상대 점수.""},""stay_min"":{""kind"":""team_rule_estimate"",""urls"":[""https://github.com/travel-recommender/gachilo/issues/1""],""checked_at"":""2026-09-29"",""revision"":""team_planning_rules_20260929"",""note"":""사용자 제공 체류시간 범위 45~60분, 카페. 일정 여유를 위해 상한 적용. 실제 관람 소요시간이 아닌 추정값.""}}"
"osaka_draft_3b8f7684482e","BOBBIN","보빈","카페","大阪市西区","2 Chome-3-9 Edobori, Nishi Ward, Osaka, 550-0002 일본","34.6870059","135.4917031","Mo-Sa 11:00-18:00",,"60","0",,"http://cafebobbin.com",,,"","사용자 제공 체류시간 범위 45~60분, 카페. 일정 여유를 위해 상한 적용. 실제 관람 소요시간이 아닌 추정값.","","https://www.openstreetmap.org/node/6300412085","https://maps.google.com/?cid=2499544374569210101 | https://www.openstreetmap.org/node/6300412085","https://maps.google.com/?cid=2499544374569210101 | https://www.openstreetmap.org/node/6300412085","","https://github.com/travel-recommender/gachilo/issues/1","","","cost | covered | opening_hours_source | verified_at","google_maps_permanently_closed","등록 홈페이지 취득 실패. 동명 업체와 구분 필요. | Google Maps 장소명·주소와 기존 OSM 위치 대조. 지도 지점 좌표 차이 3.7m. 주소만 확인했으며 영업시간 검증 아님. 지도에 폐업 표시가 있는 과거 주소.","false","{""name"":{""kind"":""osm"",""url"":""https://www.openstreetmap.org/node/6300412085""},""category"":{""kind"":""osm"",""url"":""https://www.openstreetmap.org/node/6300412085""},""latitude"":{""kind"":""osm"",""url"":""https://www.openstreetmap.org/node/6300412085""},""longitude"":{""kind"":""osm"",""url"":""https://www.openstreetmap.org/node/6300412085""},""opening_hours"":{""kind"":""osm"",""url"":""https://www.openstreetmap.org/node/6300412085""},""website"":{""kind"":""osm"",""url"":""https://www.openstreetmap.org/node/6300412085""},""name_ko"":{""kind"":""editorial_korean_translation"",""urls"":[""https://www.openstreetmap.org/node/6300412085""],""checked_at"":""2026-09-28"",""revision"":""korean_display_names_20260928"",""original_name"":""BOBBIN"",""note"":""검토 편의를 위한 원문 기반 한국어 번역·음역. 공식 한국어 명칭 또는 지점 검증 완료를 의미하지 않음. 원문 name을 검색 시 함께 사용.""},""address"":{""kind"":""google_maps_ui_review"",""urls"":[""https://maps.google.com/?cid=2499544374569210101"",""https://www.openstreetmap.org/node/6300412085""],""checked_at"":""2026-09-28"",""revision"":""map_addresses_20260928"",""note"":""Google Maps 장소명·주소와 기존 OSM 위치 대조. 지도 지점 좌표 차이 3.7m. 주소만 확인했으며 영업시간 검증 아님. 지도에 폐업 표시가 있는 과거 주소.""},""area"":{""kind"":""derived_from_map_address"",""urls"":[""https://maps.google.com/?cid=2499544374569210101"",""https://www.openstreetmap.org/node/6300412085""],""checked_at"":""2026-09-28"",""revision"":""map_addresses_20260928"",""note"":""Google Maps 장소명·주소와 기존 OSM 위치 대조. 지도 지점 좌표 차이 3.7m. 주소만 확인했으며 영업시간 검증 아님. 지도에 폐업 표시가 있는 과거 주소.""},""bag_load"":{""kind"":""team_rule_estimate"",""urls"":[""https://github.com/travel-recommender/gachilo/issues/1""],""checked_at"":""2026-09-29"",""revision"":""team_planning_rules_20260929"",""note"":""기존 get_luggage_score와 동일: 쇼핑 2, 지정 시장·상점가·아메리카무라·신세카이 1, 나머지 0. kg가 아닌 상대 점수.""},""stay_min"":{""kind"":""team_rule_estimate"",""urls"":[""https://github.com/travel-recommender/gachilo/issues/1""],""checked_at"":""2026-09-29"",""revision"":""team_planning_rules_20260929"",""note"":""사용자 제공 체류시간 범위 45~60분, 카페. 일정 여유를 위해 상한 적용. 실제 관람 소요시간이 아닌 추정값.""}}"
"osaka_draft_e3ac280c1575","Cafe Di Espresso","카페 디 에스프레소","카페","大阪市北区","일본 〒530-0044 Osaka, Kita Ward, Higashitenma, 2 Chome−6−8 Shinohara Higashi Temma Building, 1F","34.6975145","135.514626","07:00-20:00",,"60","0",,"https://www.ufs.co.jp/shop-search/shop_id/263",,,"","사용자 제공 체류시간 범위 45~60분, 카페. 일정 여유를 위해 상한 적용. 실제 관람 소요시간이 아닌 추정값.","","https://www.openstreetmap.org/node/2064207432","https://maps.google.com/?cid=10290661718380662293 | https://www.openstreetmap.org/node/2064207432","https://maps.google.com/?cid=10290661718380662293 | https://www.openstreetmap.org/node/2064207432","","https://github.com/travel-recommender/gachilo/issues/1","","","cost | covered | opening_hours_source | verified_at","branch_unconfirmed","정확한 Cafe Di Espresso 지점 확인 필요. | Google Maps 장소명·주소와 기존 OSM 위치 대조. 지도 지점 좌표 차이 5.8m. 주소만 확인했으며 영업시간 검증 아님.","false","{""name"":{""kind"":""osm"",""url"":""https://www.openstreetmap.org/node/2064207432""},""category"":{""kind"":""osm"",""url"":""https://www.openstreetmap.org/node/2064207432""},""latitude"":{""kind"":""osm"",""url"":""https://www.openstreetmap.org/node/2064207432""},""longitude"":{""kind"":""osm"",""url"":""https://www.openstreetmap.org/node/2064207432""},""opening_hours"":{""kind"":""osm"",""url"":""https://www.openstreetmap.org/node/2064207432""},""website"":{""kind"":""osm"",""url"":""https://www.openstreetmap.org/node/2064207432""},""name_ko"":{""kind"":""editorial_korean_translation"",""urls"":[""https://www.openstreetmap.org/node/2064207432""],""checked_at"":""2026-09-28"",""revision"":""korean_display_names_20260928"",""original_name"":""Cafe Di Espresso"",""note"":""검토 편의를 위한 원문 기반 한국어 번역·음역. 공식 한국어 명칭 또는 지점 검증 완료를 의미하지 않음. 원문 name을 검색 시 함께 사용.""},""address"":{""kind"":""google_maps_ui_review"",""urls"":[""https://maps.google.com/?cid=10290661718380662293"",""https://www.openstreetmap.org/node/2064207432""],""checked_at"":""2026-09-28"",""revision"":""map_addresses_20260928"",""note"":""Google Maps 장소명·주소와 기존 OSM 위치 대조. 지도 지점 좌표 차이 5.8m. 주소만 확인했으며 영업시간 검증 아님.""},""area"":{""kind"":""derived_from_map_address"",""urls"":[""https://maps.google.com/?cid=10290661718380662293"",""https://www.openstreetmap.org/node/2064207432""],""checked_at"":""2026-09-28"",""revision"":""map_addresses_20260928"",""note"":""Google Maps 장소명·주소와 기존 OSM 위치 대조. 지도 지점 좌표 차이 5.8m. 주소만 확인했으며 영업시간 검증 아님.""},""bag_load"":{""kind"":""team_rule_estimate"",""urls"":[""https://github.com/travel-recommender/gachilo/issues/1""],""checked_at"":""2026-09-29"",""revision"":""team_planning_rules_20260929"",""note"":""기존 get_luggage_score와 동일: 쇼핑 2, 지정 시장·상점가·아메리카무라·신세카이 1, 나머지 0. kg가 아닌 상대 점수.""},""stay_min"":{""kind"":""team_rule_estimate"",""urls"":[""https://github.com/travel-recommender/gachilo/issues/1""],""checked_at"":""2026-09-29"",""revision"":""team_planning_rules_20260929"",""note"":""사용자 제공 체류시간 범위 45~60분, 카페. 일정 여유를 위해 상한 적용. 실제 관람 소요시간이 아닌 추정값.""}}"
"osaka_draft_9342479ef7d7","Cafe yutte","카페 윳테","카페","大阪市淀川区","2 Chome-24-18 Kikawanishi, Yodogawa Ward, Osaka, 532-0013 일본","34.725377","135.4882807","Tu-Sa 10:00-18:00",,"60","0",,"https://www.instagram.com/cafe_yutte",,,"","사용자 제공 체류시간 범위 45~60분, 카페. 일정 여유를 위해 상한 적용. 실제 관람 소요시간이 아닌 추정값.","","https://www.openstreetmap.org/node/5875311485","https://maps.google.com/?cid=8309990315285248752 | https://www.openstreetmap.org/node/5875311485","https://maps.google.com/?cid=8309990315285248752 | https://www.openstreetmap.org/node/5875311485","","https://github.com/travel-recommender/gachilo/issues/1","","","cost | covered | opening_hours_source | verified_at","","공식 소셜 페이지에서 최신 운영시간 추가 확인 필요. | Google Maps 장소명·주소와 기존 OSM 위치 대조. 지도 지점 좌표 차이 0.7m. 주소만 확인했으며 영업시간 검증 아님.","false","{""name"":{""kind"":""osm"",""url"":""https://www.openstreetmap.org/node/5875311485""},""category"":{""kind"":""osm"",""url"":""https://www.openstreetmap.org/node/5875311485""},""latitude"":{""kind"":""osm"",""url"":""https://www.openstreetmap.org/node/5875311485""},""longitude"":{""kind"":""osm"",""url"":""https://www.openstreetmap.org/node/5875311485""},""opening_hours"":{""kind"":""osm"",""url"":""https://www.openstreetmap.org/node/5875311485""},""website"":{""kind"":""osm"",""url"":""https://www.openstreetmap.org/node/5875311485""},""name_ko"":{""kind"":""editorial_korean_translation"",""urls"":[""https://www.openstreetmap.org/node/5875311485""],""checked_at"":""2026-09-28"",""revision"":""korean_display_names_20260928"",""original_name"":""Cafe yutte"",""note"":""검토 편의를 위한 원문 기반 한국어 번역·음역. 공식 한국어 명칭 또는 지점 검증 완료를 의미하지 않음. 원문 name을 검색 시 함께 사용.""},""address"":{""kind"":""google_maps_ui_review"",""urls"":[""https://maps.google.com/?cid=8309990315285248752"",""https://www.openstreetmap.org/node/5875311485""],""checked_at"":""2026-09-28"",""revision"":""map_addresses_20260928"",""note"":""Google Maps 장소명·주소와 기존 OSM 위치 대조. 지도 지점 좌표 차이 0.7m. 주소만 확인했으며 영업시간 검증 아님.""},""area"":{""kind"":""derived_from_map_address"",""urls"":[""https://maps.google.com/?cid=8309990315285248752"",""https://www.openstreetmap.org/node/5875311485""],""checked_at"":""2026-09-28"",""revision"":""map_addresses_20260928"",""note"":""Google Maps 장소명·주소와 기존 OSM 위치 대조. 지도 지점 좌표 차이 0.7m. 주소만 확인했으며 영업시간 검증 아님.""},""bag_load"":{""kind"":""team_rule_estimate"",""urls"":[""https://github.com/travel-recommender/gachilo/issues/1""],""checked_at"":""2026-09-29"",""revision"":""team_planning_rules_20260929"",""note"":""기존 get_luggage_score와 동일: 쇼핑 2, 지정 시장·상점가·아메리카무라·신세카이 1, 나머지 0. kg가 아닌 상대 점수.""},""stay_min"":{""kind"":""team_rule_estimate"",""urls"":[""https://github.com/travel-recommender/gachilo/issues/1""],""checked_at"":""2026-09-29"",""revision"":""team_planning_rules_20260929"",""note"":""사용자 제공 체류시간 범위 45~60분, 카페. 일정 여유를 위해 상한 적용. 실제 관람 소요시간이 아닌 추정값.""}}"
"osaka_draft_243b34cd6761","e-maid","이메이드","카페","大阪市浪速区","大阪市浪速区難波中2-3-6 レディースマンション西山1階","34.6625479","135.5038063","월–금 12:00–22:30; 토·일·공휴일 11:00–22:30; 최종 입장 21:40; 비정기 휴무",,"60","0","true","https://e-maid.net","https://www.e-maid.net/","2026-09-28","","사용자 제공 체류시간 범위 45~60분, 카페. 일정 여유를 위해 상한 적용. 실제 관람 소요시간이 아닌 추정값.","공식 카페 위치·운영시간 및 실내 좌석 안내.","https://www.openstreetmap.org/node/4632058476","https://www.e-maid.net/","https://www.e-maid.net/","","https://github.com/travel-recommender/gachilo/issues/1","https://www.e-maid.net/","","cost","","공식 점포 페이지 취득 실패. 운영정보 재확인 필요. | 공식 카페 위치·운영시간 및 실내 좌석 안내.","false","{""name"":{""kind"":""osm"",""url"":""https://www.openstreetmap.org/node/4632058476""},""category"":{""kind"":""osm"",""url"":""https://www.openstreetmap.org/node/4632058476""},""latitude"":{""kind"":""osm"",""url"":""https://www.openstreetmap.org/node/4632058476""},""longitude"":{""kind"":""osm"",""url"":""https://www.openstreetmap.org/node/4632058476""},""opening_hours"":{""kind"":""official_web_review"",""urls"":[""https://www.e-maid.net/""],""checked_at"":""2026-09-28"",""note"":""공식 카페 위치·운영시간 및 실내 좌석 안내.""},""website"":{""kind"":""osm"",""url"":""https://www.openstreetmap.org/node/4632058476""},""address"":{""kind"":""official_web_review"",""urls"":[""https://www.e-maid.net/""],""checked_at"":""2026-09-28"",""note"":""공식 카페 위치·운영시간 및 실내 좌석 안내.""},""opening_hours_source"":{""kind"":""official_web_review"",""urls"":[""https://www.e-maid.net/""],""checked_at"":""2026-09-28"",""note"":""공식 카페 위치·운영시간 및 실내 좌석 안내.""},""covered"":{""kind"":""classification_from_official_description"",""urls"":[""https://www.e-maid.net/""],""checked_at"":""2026-09-28"",""note"":""공식 카페 위치·운영시간 및 실내 좌석 안내.""},""verified_at"":{""kind"":""review_date_only"",""note"":""이번에 확인한 필드만 검증. 전체 필드·영업 상태 검증을 뜻하지 않음."",""check_id"":""official_fields_20260928""},""area"":{""kind"":""derived_from_official_address"",""urls"":[""https://www.e-maid.net/""],""checked_at"":""2026-09-28"",""derived_at"":""2026-09-28"",""note"":""공식 출처 주소의 행정구만 추출. 관광 권역·출입구 좌표 추정 아님.""},""name_ko"":{""kind"":""editorial_korean_translation"",""urls"":[""https://www.openstreetmap.org/node/4632058476""],""checked_at"":""2026-09-28"",""revision"":""korean_display_names_20260928"",""original_name"":""e-maid"",""note"":""검토 편의를 위한 원문 기반 한국어 번역·음역. 공식 한국어 명칭 또는 지점 검증 완료를 의미하지 않음. 원문 name을 검색 시 함께 사용.""},""bag_load"":{""kind"":""team_rule_estimate"",""urls"":[""https://github.com/travel-recommender/gachilo/issues/1""],""checked_at"":""2026-09-29"",""revision"":""team_planning_rules_20260929"",""note"":""기존 get_luggage_score와 동일: 쇼핑 2, 지정 시장·상점가·아메리카무라·신세카이 1, 나머지 0. kg가 아닌 상대 점수.""},""stay_min"":{""kind"":""team_rule_estimate"",""urls"":[""https://github.com/travel-recommender/gachilo/issues/1""],""checked_at"":""2026-09-29"",""revision"":""team_planning_rules_20260929"",""note"":""사용자 제공 체류시간 범위 45~60분, 카페. 일정 여유를 위해 상한 적용. 실제 관람 소요시간이 아닌 추정값.""}}"
"osaka_draft_eda93d07ee2b","Haiku Coffee Roasters","하이쿠 커피 로스터스","카페","大阪市北区","大阪市北区浮田2-4-4","34.7101879","135.5074534","12:00–17:00; 정기 휴무일 미확인",,"60","0",,"https://haikucoffee.thebase.in/","https://haikucoffee.thebase.in/about","2026-09-26","","사용자 제공 체류시간 범위 45~60분, 카페. 일정 여유를 위해 상한 적용. 실제 관람 소요시간이 아닌 추정값.","","https://www.openstreetmap.org/node/2293166511","https://haikucoffee.thebase.in/about","https://haikucoffee.thebase.in/about","","https://github.com/travel-recommender/gachilo/issues/1","","","cost | covered","","","false","{""name"":{""kind"":""osm"",""url"":""https://www.openstreetmap.org/node/2293166511""},""category"":{""kind"":""osm"",""url"":""https://www.openstreetmap.org/node/2293166511""},""latitude"":{""kind"":""osm"",""url"":""https://www.openstreetmap.org/node/2293166511""},""longitude"":{""kind"":""osm"",""url"":""https://www.openstreetmap.org/node/2293166511""},""opening_hours"":{""kind"":""official_web_review"",""urls"":[""https://haikucoffee.thebase.in/about""],""checked_at"":""2026-09-26"",""evidence_window"":""2026-09-24/2026-09-26""},""website"":{""kind"":""osm"",""url"":""https://www.openstreetmap.org/node/2293166511""},""address"":{""kind"":""official_web_review"",""urls"":[""https://haikucoffee.thebase.in/about""],""checked_at"":""2026-09-26"",""evidence_window"":""2026-09-24/2026-09-26""},""opening_hours_source"":{""kind"":""official_web_review"",""urls"":[""https://haikucoffee.thebase.in/about""],""checked_at"":""2026-09-26"",""evidence_window"":""2026-09-24/2026-09-26""},""verified_at"":{""kind"":""review_date_only"",""check_id"":""osaka_draft_eda93d07ee2b_address_hours_20260926"",""note"":""장소 전체 또는 일정 사용 가능 판정이 아님. 검증 범위는 필드 출처 참조.""},""area"":{""kind"":""derived_from_official_address"",""urls"":[""https://haikucoffee.thebase.in/about""],""checked_at"":""2026-09-26"",""derived_at"":""2026-09-28"",""note"":""공식 출처 주소의 행정구만 추출. 관광 권역·출입구 좌표 추정 아님.""},""name_ko"":{""kind"":""editorial_korean_translation"",""urls"":[""https://www.openstreetmap.org/node/2293166511""],""checked_at"":""2026-09-28"",""revision"":""korean_display_names_20260928"",""original_name"":""Haiku Coffee Roasters"",""note"":""검토 편의를 위한 원문 기반 한국어 번역·음역. 공식 한국어 명칭 또는 지점 검증 완료를 의미하지 않음. 원문 name을 검색 시 함께 사용.""},""bag_load"":{""kind"":""team_rule_estimate"",""urls"":[""https://github.com/travel-recommender/gachilo/issues/1""],""checked_at"":""2026-09-29"",""revision"":""team_planning_rules_20260929"",""note"":""기존 get_luggage_score와 동일: 쇼핑 2, 지정 시장·상점가·아메리카무라·신세카이 1, 나머지 0. kg가 아닌 상대 점수.""},""stay_min"":{""kind"":""team_rule_estimate"",""urls"":[""https://github.com/travel-recommender/gachilo/issues/1""],""checked_at"":""2026-09-29"",""revision"":""team_planning_rules_20260929"",""note"":""사용자 제공 체류시간 범위 45~60분, 카페. 일정 여유를 위해 상한 적용. 실제 관람 소요시간이 아닌 추정값.""}}"
"osaka_draft_d52fee5c2304","Holly's Cafe","홀리스 카페","카페","大阪市中央区","大阪府大阪市中央区本町2-1-6 堺筋本町センタービル1F","34.683806","135.506096","평일 06:30–23:00; 토·일·공휴일 06:30–21:00; 주문은 폐점 30분 전까지; 비정기 휴무",,"60","0","true","https://hollys-corp.jp/shop/o_sakaisujihon/","https://hollys-corp.jp/shop/o_sakaisujihon/","2026-09-28","","사용자 제공 체류시간 범위 45~60분, 카페. 일정 여유를 위해 상한 적용. 실제 관람 소요시간이 아닌 추정값.","사카이스지혼마치점 공식 주소·운영시간. 기존 좌표의 센터빌딩 위치 및 평일/주말 시간이 일치. 실내 좌석 기준; 기존 지점 주의 표시는 유지.","https://www.openstreetmap.org/node/2389282617","https://hollys-corp.jp/shop/o_sakaisujihon/","https://hollys-corp.jp/shop/o_sakaisujihon/","","https://github.com/travel-recommender/gachilo/issues/1","https://hollys-corp.jp/shop/o_sakaisujihon/","https://hollys-corp.jp/shop/o_sakaisujihon/","cost","branch_unconfirmed","브랜드 전체 사이트만 확인. 홀리스 개별 지점 확인 필요. | 사카이스지혼마치점 공식 주소·운영시간. 기존 좌표의 센터빌딩 위치 및 평일/주말 시간이 일치. 실내 좌석 기준; 기존 지점 주의 표시는 유지.","false","{""name"":{""kind"":""osm"",""url"":""https://www.openstreetmap.org/node/2389282617""},""category"":{""kind"":""osm"",""url"":""https://www.openstreetmap.org/node/2389282617""},""latitude"":{""kind"":""osm"",""url"":""https://www.openstreetmap.org/node/2389282617""},""longitude"":{""kind"":""osm"",""url"":""https://www.openstreetmap.org/node/2389282617""},""opening_hours"":{""kind"":""official_web_review"",""urls"":[""https://hollys-corp.jp/shop/o_sakaisujihon/""],""checked_at"":""2026-09-28"",""note"":""사카이스지혼마치점 공식 주소·운영시간. 기존 좌표의 센터빌딩 위치 및 평일/주말 시간이 일치. 실내 좌석 기준; 기존 지점 주의 표시는 유지."",""revision"":""official_fields_20260928_v2""},""website"":{""kind"":""official_web_review"",""urls"":[""https://hollys-corp.jp/shop/o_sakaisujihon/""],""checked_at"":""2026-09-28"",""note"":""사카이스지혼마치점 공식 주소·운영시간. 기존 좌표의 센터빌딩 위치 및 평일/주말 시간이 일치. 실내 좌석 기준; 기존 지점 주의 표시는 유지."",""revision"":""official_fields_20260928_v2""},""address"":{""kind"":""official_web_review"",""urls"":[""https://hollys-corp.jp/shop/o_sakaisujihon/""],""checked_at"":""2026-09-28"",""note"":""사카이스지혼마치점 공식 주소·운영시간. 기존 좌표의 센터빌딩 위치 및 평일/주말 시간이 일치. 실내 좌석 기준; 기존 지점 주의 표시는 유지."",""revision"":""official_fields_20260928_v2""},""covered"":{""kind"":""classification_from_official_description"",""urls"":[""https://hollys-corp.jp/shop/o_sakaisujihon/""],""checked_at"":""2026-09-28"",""note"":""사카이스지혼마치점 공식 주소·운영시간. 기존 좌표의 센터빌딩 위치 및 평일/주말 시간이 일치. 실내 좌석 기준; 기존 지점 주의 표시는 유지."",""revision"":""official_fields_20260928_v2""},""opening_hours_source"":{""kind"":""official_web_review"",""urls"":[""https://hollys-corp.jp/shop/o_sakaisujihon/""],""checked_at"":""2026-09-28"",""note"":""사카이스지혼마치점 공식 주소·운영시간. 기존 좌표의 센터빌딩 위치 및 평일/주말 시간이 일치. 실내 좌석 기준; 기존 지점 주의 표시는 유지."",""revision"":""official_fields_20260928_v2""},""verified_at"":{""kind"":""review_date_only"",""urls"":[""https://hollys-corp.jp/shop/o_sakaisujihon/""],""checked_at"":""2026-09-28"",""note"":""사카이스지혼마치점 공식 주소·운영시간. 기존 좌표의 센터빌딩 위치 및 평일/주말 시간이 일치. 실내 좌석 기준; 기존 지점 주의 표시는 유지."",""revision"":""official_fields_20260928_v2""},""area"":{""kind"":""derived_from_official_address"",""urls"":[""https://hollys-corp.jp/shop/o_sakaisujihon/""],""checked_at"":""2026-09-28"",""derived_at"":""2026-09-28"",""revision"":""official_fields_20260928_v2"",""note"":""공식 주소에서 행정구 추출. 관광 권역 아님.""},""name_ko"":{""kind"":""editorial_korean_translation"",""urls"":[""https://www.openstreetmap.org/node/2389282617""],""checked_at"":""2026-09-28"",""revision"":""korean_display_names_20260928"",""original_name"":""Holly's Cafe"",""note"":""검토 편의를 위한 원문 기반 한국어 번역·음역. 공식 한국어 명칭 또는 지점 검증 완료를 의미하지 않음. 원문 name을 검색 시 함께 사용.""},""bag_load"":{""kind"":""team_rule_estimate"",""urls"":[""https://github.com/travel-recommender/gachilo/issues/1""],""checked_at"":""2026-09-29"",""revision"":""team_planning_rules_20260929"",""note"":""기존 get_luggage_score와 동일: 쇼핑 2, 지정 시장·상점가·아메리카무라·신세카이 1, 나머지 0. kg가 아닌 상대 점수.""},""stay_min"":{""kind"":""team_rule_estimate"",""urls"":[""https://github.com/travel-recommender/gachilo/issues/1""],""checked_at"":""2026-09-29"",""revision"":""team_planning_rules_20260929"",""note"":""사용자 제공 체류시간 범위 45~60분, 카페. 일정 여유를 위해 상한 적용. 실제 관람 소요시간이 아닌 추정값.""}}"
"osaka_draft_11ceb1687dfa","La Granda Familio","라 그란다 파밀리오","카페","大阪市北区","大阪市北区中崎西1-1-18","34.7070237","135.504145","월·수–토 10:30–19:00; 일 10:30–18:00; 화 휴무",,"60","0",,"http://www.grandafamilio.com/","http://www.grandafamilio.com/store.html","2026-09-26","","사용자 제공 체류시간 범위 45~60분, 카페. 일정 여유를 위해 상한 적용. 실제 관람 소요시간이 아닌 추정값.","","https://www.openstreetmap.org/node/7477438893","http://www.grandafamilio.com/store.html","http://www.grandafamilio.com/store.html","","https://github.com/travel-recommender/gachilo/issues/1","","","cost | covered","","기존 주소 1-1-8을 공식 점포 주소 1-1-18로 정정.","false","{""name"":{""kind"":""osm"",""url"":""https://www.openstreetmap.org/node/7477438893""},""category"":{""kind"":""osm"",""url"":""https://www.openstreetmap.org/node/7477438893""},""latitude"":{""kind"":""osm"",""url"":""https://www.openstreetmap.org/node/7477438893""},""longitude"":{""kind"":""osm"",""url"":""https://www.openstreetmap.org/node/7477438893""},""opening_hours"":{""kind"":""official_web_review"",""urls"":[""http://www.grandafamilio.com/store.html""],""checked_at"":""2026-09-26"",""evidence_window"":""2026-09-24/2026-09-26""},""website"":{""kind"":""osm"",""url"":""https://www.openstreetmap.org/node/7477438893""},""address"":{""kind"":""official_web_review"",""urls"":[""http://www.grandafamilio.com/store.html""],""checked_at"":""2026-09-26"",""evidence_window"":""2026-09-24/2026-09-26""},""opening_hours_source"":{""kind"":""official_web_review"",""urls"":[""http://www.grandafamilio.com/store.html""],""checked_at"":""2026-09-26"",""evidence_window"":""2026-09-24/2026-09-26""},""verified_at"":{""kind"":""review_date_only"",""check_id"":""osaka_draft_11ceb1687dfa_address_hours_20260926"",""note"":""장소 전체 또는 일정 사용 가능 판정이 아님. 검증 범위는 필드 출처 참조.""},""area"":{""kind"":""derived_from_official_address"",""urls"":[""http://www.grandafamilio.com/store.html""],""checked_at"":""2026-09-26"",""derived_at"":""2026-09-28"",""note"":""공식 출처 주소의 행정구만 추출. 관광 권역·출입구 좌표 추정 아님.""},""name_ko"":{""kind"":""editorial_korean_translation"",""urls"":[""https://www.openstreetmap.org/node/7477438893""],""checked_at"":""2026-09-28"",""revision"":""korean_display_names_20260928"",""original_name"":""La Granda Familio"",""note"":""검토 편의를 위한 원문 기반 한국어 번역·음역. 공식 한국어 명칭 또는 지점 검증 완료를 의미하지 않음. 원문 name을 검색 시 함께 사용.""},""bag_load"":{""kind"":""team_rule_estimate"",""urls"":[""https://github.com/travel-recommender/gachilo/issues/1""],""checked_at"":""2026-09-29"",""revision"":""team_planning_rules_20260929"",""note"":""기존 get_luggage_score와 동일: 쇼핑 2, 지정 시장·상점가·아메리카무라·신세카이 1, 나머지 0. kg가 아닌 상대 점수.""},""stay_min"":{""kind"":""team_rule_estimate"",""urls"":[""https://github.com/travel-recommender/gachilo/issues/1""],""checked_at"":""2026-09-29"",""revision"":""team_planning_rules_20260929"",""note"":""사용자 제공 체류시간 범위 45~60분, 카페. 일정 여유를 위해 상한 적용. 실제 관람 소요시간이 아닌 추정값.""}}"
"osaka_draft_2f4886b3a5b6","Melbourne Coffee","멜버른 커피","카페","大阪市中央区","三栄ムアビル １Ｆ, 3 Chome-8-7 Minamisenba, Chuo Ward, Osaka, 542-0081 일본","34.6777375","135.5020841","09:00-14:00",,"60","0",,"https://www.melbournecoffee.jp/",,,"","사용자 제공 체류시간 범위 45~60분, 카페. 일정 여유를 위해 상한 적용. 실제 관람 소요시간이 아닌 추정값.","","https://www.openstreetmap.org/node/11664361242","https://maps.google.com/?cid=10706766863826258741 | https://www.openstreetmap.org/node/11664361242","https://maps.google.com/?cid=10706766863826258741 | https://www.openstreetmap.org/node/11664361242","","https://github.com/travel-recommender/gachilo/issues/1","","","cost | covered | opening_hours_source | verified_at","branch_unconfirmed","공식 사이트에 복수 지점 소개. OSM 지점과 대조 필요. | Google Maps 장소명·주소와 기존 OSM 위치 대조. 지도 지점 좌표 차이 13.5m. 주소만 확인했으며 영업시간 검증 아님.","false","{""name"":{""kind"":""osm"",""url"":""https://www.openstreetmap.org/node/11664361242""},""category"":{""kind"":""osm"",""url"":""https://www.openstreetmap.org/node/11664361242""},""latitude"":{""kind"":""osm"",""url"":""https://www.openstreetmap.org/node/11664361242""},""longitude"":{""kind"":""osm"",""url"":""https://www.openstreetmap.org/node/11664361242""},""opening_hours"":{""kind"":""osm"",""url"":""https://www.openstreetmap.org/node/11664361242""},""website"":{""kind"":""osm"",""url"":""https://www.openstreetmap.org/node/11664361242""},""name_ko"":{""kind"":""editorial_korean_translation"",""urls"":[""https://www.openstreetmap.org/node/11664361242""],""checked_at"":""2026-09-28"",""revision"":""korean_display_names_20260928"",""original_name"":""Melbourne Coffee"",""note"":""검토 편의를 위한 원문 기반 한국어 번역·음역. 공식 한국어 명칭 또는 지점 검증 완료를 의미하지 않음. 원문 name을 검색 시 함께 사용.""},""address"":{""kind"":""google_maps_ui_review"",""urls"":[""https://maps.google.com/?cid=10706766863826258741"",""https://www.openstreetmap.org/node/11664361242""],""checked_at"":""2026-09-28"",""revision"":""map_addresses_20260928"",""note"":""Google Maps 장소명·주소와 기존 OSM 위치 대조. 지도 지점 좌표 차이 13.5m. 주소만 확인했으며 영업시간 검증 아님.""},""area"":{""kind"":""derived_from_map_address"",""urls"":[""https://maps.google.com/?cid=10706766863826258741"",""https://www.openstreetmap.org/node/11664361242""],""checked_at"":""2026-09-28"",""revision"":""map_addresses_20260928"",""note"":""Google Maps 장소명·주소와 기존 OSM 위치 대조. 지도 지점 좌표 차이 13.5m. 주소만 확인했으며 영업시간 검증 아님.""},""bag_load"":{""kind"":""team_rule_estimate"",""urls"":[""https://github.com/travel-recommender/gachilo/issues/1""],""checked_at"":""2026-09-29"",""revision"":""team_planning_rules_20260929"",""note"":""기존 get_luggage_score와 동일: 쇼핑 2, 지정 시장·상점가·아메리카무라·신세카이 1, 나머지 0. kg가 아닌 상대 점수.""},""stay_min"":{""kind"":""team_rule_estimate"",""urls"":[""https://github.com/travel-recommender/gachilo/issues/1""],""checked_at"":""2026-09-29"",""revision"":""team_planning_rules_20260929"",""note"":""사용자 제공 체류시간 범위 45~60분, 카페. 일정 여유를 위해 상한 적용. 실제 관람 소요시간이 아닌 추정값.""}}"
"osaka_draft_cdb260bb106a","rion cafe","리온 카페","카페","大阪市浪速区","3 Chome-12-23 Motomachi, Naniwa Ward, Osaka, 556-0016 일본","34.6597866","135.4950514","Mo-Fr 11:30-14:00",,"60","0",,"http://rioncafe.com",,,"","사용자 제공 체류시간 범위 45~60분, 카페. 일정 여유를 위해 상한 적용. 실제 관람 소요시간이 아닌 추정값.","","https://www.openstreetmap.org/node/6541264285","https://maps.google.com/?cid=12732517738845233053 | https://www.openstreetmap.org/node/6541264285","https://maps.google.com/?cid=12732517738845233053 | https://www.openstreetmap.org/node/6541264285","","https://github.com/travel-recommender/gachilo/issues/1","","","cost | covered | opening_hours_source | verified_at","google_maps_permanently_closed","공식 홈페이지 취득 실패. 운영정보 미확인. | Google Maps 장소명·주소와 기존 OSM 위치 대조. 지도 지점 좌표 차이 2.8m. 주소만 확인했으며 영업시간 검증 아님. 지도에 폐업 표시가 있는 과거 주소.","false","{""name"":{""kind"":""osm"",""url"":""https://www.openstreetmap.org/node/6541264285""},""category"":{""kind"":""osm"",""url"":""https://www.openstreetmap.org/node/6541264285""},""latitude"":{""kind"":""osm"",""url"":""https://www.openstreetmap.org/node/6541264285""},""longitude"":{""kind"":""osm"",""url"":""https://www.openstreetmap.org/node/6541264285""},""opening_hours"":{""kind"":""osm"",""url"":""https://www.openstreetmap.org/node/6541264285""},""website"":{""kind"":""osm"",""url"":""https://www.openstreetmap.org/node/6541264285""},""name_ko"":{""kind"":""editorial_korean_translation"",""urls"":[""https://www.openstreetmap.org/node/6541264285""],""checked_at"":""2026-09-28"",""revision"":""korean_display_names_20260928"",""original_name"":""rion cafe"",""note"":""검토 편의를 위한 원문 기반 한국어 번역·음역. 공식 한국어 명칭 또는 지점 검증 완료를 의미하지 않음. 원문 name을 검색 시 함께 사용.""},""address"":{""kind"":""google_maps_ui_review"",""urls"":[""https://maps.google.com/?cid=12732517738845233053"",""https://www.openstreetmap.org/node/6541264285""],""checked_at"":""2026-09-28"",""revision"":""map_addresses_20260928"",""note"":""Google Maps 장소명·주소와 기존 OSM 위치 대조. 지도 지점 좌표 차이 2.8m. 주소만 확인했으며 영업시간 검증 아님. 지도에 폐업 표시가 있는 과거 주소.""},""area"":{""kind"":""derived_from_map_address"",""urls"":[""https://maps.google.com/?cid=12732517738845233053"",""https://www.openstreetmap.org/node/6541264285""],""checked_at"":""2026-09-28"",""revision"":""map_addresses_20260928"",""note"":""Google Maps 장소명·주소와 기존 OSM 위치 대조. 지도 지점 좌표 차이 2.8m. 주소만 확인했으며 영업시간 검증 아님. 지도에 폐업 표시가 있는 과거 주소.""},""bag_load"":{""kind"":""team_rule_estimate"",""urls"":[""https://github.com/travel-recommender/gachilo/issues/1""],""checked_at"":""2026-09-29"",""revision"":""team_planning_rules_20260929"",""note"":""기존 get_luggage_score와 동일: 쇼핑 2, 지정 시장·상점가·아메리카무라·신세카이 1, 나머지 0. kg가 아닌 상대 점수.""},""stay_min"":{""kind"":""team_rule_estimate"",""urls"":[""https://github.com/travel-recommender/gachilo/issues/1""],""checked_at"":""2026-09-29"",""revision"":""team_planning_rules_20260929"",""note"":""사용자 제공 체류시간 범위 45~60분, 카페. 일정 여유를 위해 상한 적용. 실제 관람 소요시간이 아닌 추정값.""}}"
"osaka_draft_4af3a5a14578","Sub Jazz Cafe","서브 재즈 카페","카페","大阪市中央区","大阪市中央区上汐2丁目4-6 上六センタービルB1F","34.6667521","135.5168554","월–토 17:00–23:00; 일요일 휴무; 공연 일정 별도 확인",,"60","0","true","https://www.subjazzcafe.com/","https://www.subjazzcafe.com/our-shops","2026-09-28","","사용자 제공 체류시간 범위 45~60분, 카페. 일정 여유를 위해 상한 적용. 실제 관람 소요시간이 아닌 추정값.","공식 주소와 지하 실내 재즈클럽 안내. 공연별 요금은 변동하여 cost 보류.","https://www.openstreetmap.org/node/11942324370","https://www.subjazzcafe.com/our-shops","https://www.subjazzcafe.com/our-shops","","https://github.com/travel-recommender/gachilo/issues/1","https://www.subjazzcafe.com/our-shops","","cost","","공식 홈페이지 취득 실패. 운영정보 미확인. | 공식 주소와 지하 실내 재즈클럽 안내. 공연별 요금은 변동하여 cost 보류.","false","{""name"":{""kind"":""osm"",""url"":""https://www.openstreetmap.org/node/11942324370""},""category"":{""kind"":""osm"",""url"":""https://www.openstreetmap.org/node/11942324370""},""latitude"":{""kind"":""osm"",""url"":""https://www.openstreetmap.org/node/11942324370""},""longitude"":{""kind"":""osm"",""url"":""https://www.openstreetmap.org/node/11942324370""},""opening_hours"":{""kind"":""official_web_review"",""urls"":[""https://www.subjazzcafe.com/our-shops""],""checked_at"":""2026-09-28"",""note"":""공식 주소와 지하 실내 재즈클럽 안내. 공연별 요금은 변동하여 cost 보류.""},""website"":{""kind"":""osm"",""url"":""https://www.openstreetmap.org/node/11942324370""},""address"":{""kind"":""official_web_review"",""urls"":[""https://www.subjazzcafe.com/our-shops""],""checked_at"":""2026-09-28"",""note"":""공식 주소와 지하 실내 재즈클럽 안내. 공연별 요금은 변동하여 cost 보류.""},""opening_hours_source"":{""kind"":""official_web_review"",""urls"":[""https://www.subjazzcafe.com/our-shops""],""checked_at"":""2026-09-28"",""note"":""공식 주소와 지하 실내 재즈클럽 안내. 공연별 요금은 변동하여 cost 보류.""},""covered"":{""kind"":""classification_from_official_description"",""urls"":[""https://www.subjazzcafe.com/our-shops""],""checked_at"":""2026-09-28"",""note"":""공식 주소와 지하 실내 재즈클럽 안내. 공연별 요금은 변동하여 cost 보류.""},""verified_at"":{""kind"":""review_date_only"",""note"":""이번에 확인한 필드만 검증. 전체 필드·영업 상태 검증을 뜻하지 않음."",""check_id"":""official_fields_20260928""},""area"":{""kind"":""derived_from_official_address"",""urls"":[""https://www.subjazzcafe.com/our-shops""],""checked_at"":""2026-09-28"",""derived_at"":""2026-09-28"",""note"":""공식 출처 주소의 행정구만 추출. 관광 권역·출입구 좌표 추정 아님.""},""name_ko"":{""kind"":""editorial_korean_translation"",""urls"":[""https://www.openstreetmap.org/node/11942324370""],""checked_at"":""2026-09-28"",""revision"":""korean_display_names_20260928"",""original_name"":""Sub Jazz Cafe"",""note"":""검토 편의를 위한 원문 기반 한국어 번역·음역. 공식 한국어 명칭 또는 지점 검증 완료를 의미하지 않음. 원문 name을 검색 시 함께 사용.""},""bag_load"":{""kind"":""team_rule_estimate"",""urls"":[""https://github.com/travel-recommender/gachilo/issues/1""],""checked_at"":""2026-09-29"",""revision"":""team_planning_rules_20260929"",""note"":""기존 get_luggage_score와 동일: 쇼핑 2, 지정 시장·상점가·아메리카무라·신세카이 1, 나머지 0. kg가 아닌 상대 점수.""},""stay_min"":{""kind"":""team_rule_estimate"",""urls"":[""https://github.com/travel-recommender/gachilo/issues/1""],""checked_at"":""2026-09-29"",""revision"":""team_planning_rules_20260929"",""note"":""사용자 제공 체류시간 범위 45~60분, 카페. 일정 여유를 위해 상한 적용. 실제 관람 소요시간이 아닌 추정값.""}}"
"osaka_draft_e5eb4dd70807","SÖT COFFEE","소트 커피","카페","大阪市中央区","大阪市中央区大手通1-3-7 ベルヴォア1F・2F","34.6858813","135.5150117","매일 08:00–19:00",,"60","0",,"https://www.sotcoffee.com/en/pages/shop-osaka","https://www.sotcoffee.com/en/pages/shop-osaka","2026-09-26","","사용자 제공 체류시간 범위 45~60분, 카페. 일정 여유를 위해 상한 적용. 실제 관람 소요시간이 아닌 추정값.","","https://www.openstreetmap.org/node/6886072023","https://www.sotcoffee.com/en/pages/shop-osaka","https://www.sotcoffee.com/en/pages/shop-osaka","","https://github.com/travel-recommender/gachilo/issues/1","","","cost | covered","","오사카 덴마바시점 기준.","false","{""name"":{""kind"":""osm"",""url"":""https://www.openstreetmap.org/node/6886072023""},""category"":{""kind"":""osm"",""url"":""https://www.openstreetmap.org/node/6886072023""},""latitude"":{""kind"":""osm"",""url"":""https://www.openstreetmap.org/node/6886072023""},""longitude"":{""kind"":""osm"",""url"":""https://www.openstreetmap.org/node/6886072023""},""opening_hours"":{""kind"":""official_web_review"",""urls"":[""https://www.sotcoffee.com/en/pages/shop-osaka""],""checked_at"":""2026-09-26"",""evidence_window"":""2026-09-24/2026-09-26""},""website"":{""kind"":""osm"",""url"":""https://www.openstreetmap.org/node/6886072023""},""address"":{""kind"":""official_web_review"",""urls"":[""https://www.sotcoffee.com/en/pages/shop-osaka""],""checked_at"":""2026-09-26"",""evidence_window"":""2026-09-24/2026-09-26""},""opening_hours_source"":{""kind"":""official_web_review"",""urls"":[""https://www.sotcoffee.com/en/pages/shop-osaka""],""checked_at"":""2026-09-26"",""evidence_window"":""2026-09-24/2026-09-26""},""verified_at"":{""kind"":""review_date_only"",""check_id"":""osaka_draft_e5eb4dd70807_address_hours_20260926"",""note"":""장소 전체 또는 일정 사용 가능 판정이 아님. 검증 범위는 필드 출처 참조.""},""area"":{""kind"":""derived_from_official_address"",""urls"":[""https://www.sotcoffee.com/en/pages/shop-osaka""],""checked_at"":""2026-09-26"",""derived_at"":""2026-09-28"",""note"":""공식 출처 주소의 행정구만 추출. 관광 권역·출입구 좌표 추정 아님.""},""name_ko"":{""kind"":""editorial_korean_translation"",""urls"":[""https://www.openstreetmap.org/node/6886072023""],""checked_at"":""2026-09-28"",""revision"":""korean_display_names_20260928"",""original_name"":""SÖT COFFEE"",""note"":""검토 편의를 위한 원문 기반 한국어 번역·음역. 공식 한국어 명칭 또는 지점 검증 완료를 의미하지 않음. 원문 name을 검색 시 함께 사용.""},""bag_load"":{""kind"":""team_rule_estimate"",""urls"":[""https://github.com/travel-recommender/gachilo/issues/1""],""checked_at"":""2026-09-29"",""revision"":""team_planning_rules_20260929"",""note"":""기존 get_luggage_score와 동일: 쇼핑 2, 지정 시장·상점가·아메리카무라·신세카이 1, 나머지 0. kg가 아닌 상대 점수.""},""stay_min"":{""kind"":""team_rule_estimate"",""urls"":[""https://github.com/travel-recommender/gachilo/issues/1""],""checked_at"":""2026-09-29"",""revision"":""team_planning_rules_20260929"",""note"":""사용자 제공 체류시간 범위 45~60분, 카페. 일정 여유를 위해 상한 적용. 실제 관람 소요시간이 아닌 추정값.""}}"
"osaka_draft_af11af018972","こちかぜ","고치카제","카페","大阪市天王寺区","大阪府大阪市天王寺区空清町2-22","34.6729726","135.5248506","11:30-13:30 open ""ランチ"",17:30-21:30 open ""ディナー"" || ""不定休""",,"60","0",,"www.kotikaze.com",,"2026-09-26","","사용자 제공 체류시간 범위 45~60분, 카페. 일정 여유를 위해 상한 적용. 실제 관람 소요시간이 아닌 추정값.","","https://www.openstreetmap.org/way/257441510","https://www.kotikaze.com/","https://www.kotikaze.com/","","https://github.com/travel-recommender/gachilo/issues/1","","","cost | covered | opening_hours_source","","","false","{""name"":{""kind"":""osm"",""url"":""https://www.openstreetmap.org/way/257441510""},""category"":{""kind"":""osm"",""url"":""https://www.openstreetmap.org/way/257441510""},""latitude"":{""kind"":""osm"",""url"":""https://www.openstreetmap.org/way/257441510""},""longitude"":{""kind"":""osm"",""url"":""https://www.openstreetmap.org/way/257441510""},""opening_hours"":{""kind"":""osm"",""url"":""https://www.openstreetmap.org/way/257441510""},""website"":{""kind"":""osm"",""url"":""https://www.openstreetmap.org/way/257441510""},""address"":{""kind"":""official_web_review"",""urls"":[""https://www.kotikaze.com/""],""checked_at"":""2026-09-26"",""evidence_window"":""2026-09-24/2026-09-26""},""verified_at"":{""kind"":""review_date_only"",""check_id"":""osaka_draft_af11af018972_address_hours_20260926"",""note"":""장소 전체 또는 일정 사용 가능 판정이 아님. 검증 범위는 필드 출처 참조.""},""area"":{""kind"":""derived_from_official_address"",""urls"":[""https://www.kotikaze.com/""],""checked_at"":""2026-09-26"",""derived_at"":""2026-09-28"",""note"":""공식 출처 주소의 행정구만 추출. 관광 권역·출입구 좌표 추정 아님.""},""name_ko"":{""kind"":""editorial_korean_translation"",""urls"":[""https://www.openstreetmap.org/way/257441510""],""checked_at"":""2026-09-28"",""revision"":""korean_display_names_20260928"",""original_name"":""こちかぜ"",""note"":""검토 편의를 위한 원문 기반 한국어 번역·음역. 공식 한국어 명칭 또는 지점 검증 완료를 의미하지 않음. 원문 name을 검색 시 함께 사용.""},""bag_load"":{""kind"":""team_rule_estimate"",""urls"":[""https://github.com/travel-recommender/gachilo/issues/1""],""checked_at"":""2026-09-29"",""revision"":""team_planning_rules_20260929"",""note"":""기존 get_luggage_score와 동일: 쇼핑 2, 지정 시장·상점가·아메리카무라·신세카이 1, 나머지 0. kg가 아닌 상대 점수.""},""stay_min"":{""kind"":""team_rule_estimate"",""urls"":[""https://github.com/travel-recommender/gachilo/issues/1""],""checked_at"":""2026-09-29"",""revision"":""team_planning_rules_20260929"",""note"":""사용자 제공 체류시간 범위 45~60분, 카페. 일정 여유를 위해 상한 적용. 실제 관람 소요시간이 아닌 추정값.""}}"
"osaka_draft_19894ad0a123","アズアン","아즈안","카페","大阪市中央区","4 Chome-2-3 Kitakyuhojimachi, Chuo Ward, Osaka, 541-0057 일본","34.6798624","135.4991583","Mo-Sa 11:00-19:00",,"60","0",,"https://asann.com/",,,"","사용자 제공 체류시간 범위 45~60분, 카페. 일정 여유를 위해 상한 적용. 실제 관람 소요시간이 아닌 추정값.","","https://www.openstreetmap.org/node/3273391255","https://maps.google.com/?cid=5170159399566503020 | https://www.openstreetmap.org/node/3273391255","https://maps.google.com/?cid=5170159399566503020 | https://www.openstreetmap.org/node/3273391255","","https://github.com/travel-recommender/gachilo/issues/1","","","cost | covered | opening_hours_source | verified_at","google_maps_permanently_closed","공식 페이지에 사용 가능한 운영정보 없음. 주소 구성요소 재검토 필요. | Google Maps 장소명·주소와 기존 OSM 위치 대조. 지도 지점 좌표 차이 5.0m. 주소만 확인했으며 영업시간 검증 아님. 지도에 폐업 표시가 있는 과거 주소.","false","{""name"":{""kind"":""osm"",""url"":""https://www.openstreetmap.org/node/3273391255""},""category"":{""kind"":""osm"",""url"":""https://www.openstreetmap.org/node/3273391255""},""latitude"":{""kind"":""osm"",""url"":""https://www.openstreetmap.org/node/3273391255""},""longitude"":{""kind"":""osm"",""url"":""https://www.openstreetmap.org/node/3273391255""},""opening_hours"":{""kind"":""osm"",""url"":""https://www.openstreetmap.org/node/3273391255""},""website"":{""kind"":""osm"",""url"":""https://www.openstreetmap.org/node/3273391255""},""name_ko"":{""kind"":""editorial_korean_translation"",""urls"":[""https://www.openstreetmap.org/node/3273391255""],""checked_at"":""2026-09-28"",""revision"":""korean_display_names_20260928"",""original_name"":""アズアン"",""note"":""검토 편의를 위한 원문 기반 한국어 번역·음역. 공식 한국어 명칭 또는 지점 검증 완료를 의미하지 않음. 원문 name을 검색 시 함께 사용.""},""address"":{""kind"":""google_maps_ui_review"",""urls"":[""https://maps.google.com/?cid=5170159399566503020"",""https://www.openstreetmap.org/node/3273391255""],""checked_at"":""2026-09-28"",""revision"":""map_addresses_20260928"",""note"":""Google Maps 장소명·주소와 기존 OSM 위치 대조. 지도 지점 좌표 차이 5.0m. 주소만 확인했으며 영업시간 검증 아님. 지도에 폐업 표시가 있는 과거 주소.""},""area"":{""kind"":""derived_from_map_address"",""urls"":[""https://maps.google.com/?cid=5170159399566503020"",""https://www.openstreetmap.org/node/3273391255""],""checked_at"":""2026-09-28"",""revision"":""map_addresses_20260928"",""note"":""Google Maps 장소명·주소와 기존 OSM 위치 대조. 지도 지점 좌표 차이 5.0m. 주소만 확인했으며 영업시간 검증 아님. 지도에 폐업 표시가 있는 과거 주소.""},""bag_load"":{""kind"":""team_rule_estimate"",""urls"":[""https://github.com/travel-recommender/gachilo/issues/1""],""checked_at"":""2026-09-29"",""revision"":""team_planning_rules_20260929"",""note"":""기존 get_luggage_score와 동일: 쇼핑 2, 지정 시장·상점가·아메리카무라·신세카이 1, 나머지 0. kg가 아닌 상대 점수.""},""stay_min"":{""kind"":""team_rule_estimate"",""urls"":[""https://github.com/travel-recommender/gachilo/issues/1""],""checked_at"":""2026-09-29"",""revision"":""team_planning_rules_20260929"",""note"":""사용자 제공 체류시간 범위 45~60분, 카페. 일정 여유를 위해 상한 적용. 실제 관람 소요시간이 아닌 추정값.""}}"
"osaka_draft_c4a30f2620d0","エミュリボン","에뮤리본","카페","大阪市中央区","일본 〒542-0086 Osaka, Chuo Ward, Nishishinsaibashi, 2 Chome−13−5 リヴィエール 道頓堀 B1F","34.6698581","135.4979599","Mo-Fr 18:00-23:00; Sa-Su 16:00-23:00",,"60","0",,"https://aimyouribbon.com/",,,"","사용자 제공 체류시간 범위 45~60분, 카페. 일정 여유를 위해 상한 적용. 실제 관람 소요시간이 아닌 추정값.","","https://www.openstreetmap.org/node/5382170422","https://maps.google.com/?cid=2591418205298486497 | https://www.openstreetmap.org/node/5382170422","https://maps.google.com/?cid=2591418205298486497 | https://www.openstreetmap.org/node/5382170422","","https://github.com/travel-recommender/gachilo/issues/1","","","cost | covered | opening_hours_source | verified_at","google_maps_permanently_closed","공식 홈페이지 취득 실패. 운영정보 미확인. | Google Maps 장소명·주소와 기존 OSM 위치 대조. 지도 지점 좌표 차이 1.9m. 주소만 확인했으며 영업시간 검증 아님. 지도에 폐업 표시가 있는 과거 주소.","false","{""name"":{""kind"":""osm"",""url"":""https://www.openstreetmap.org/node/5382170422""},""category"":{""kind"":""osm"",""url"":""https://www.openstreetmap.org/node/5382170422""},""latitude"":{""kind"":""osm"",""url"":""https://www.openstreetmap.org/node/5382170422""},""longitude"":{""kind"":""osm"",""url"":""https://www.openstreetmap.org/node/5382170422""},""opening_hours"":{""kind"":""osm"",""url"":""https://www.openstreetmap.org/node/5382170422""},""website"":{""kind"":""osm"",""url"":""https://www.openstreetmap.org/node/5382170422""},""name_ko"":{""kind"":""editorial_korean_translation"",""urls"":[""https://www.openstreetmap.org/node/5382170422""],""checked_at"":""2026-09-28"",""revision"":""korean_display_names_20260928"",""original_name"":""エミュリボン"",""note"":""검토 편의를 위한 원문 기반 한국어 번역·음역. 공식 한국어 명칭 또는 지점 검증 완료를 의미하지 않음. 원문 name을 검색 시 함께 사용.""},""address"":{""kind"":""google_maps_ui_review"",""urls"":[""https://maps.google.com/?cid=2591418205298486497"",""https://www.openstreetmap.org/node/5382170422""],""checked_at"":""2026-09-28"",""revision"":""map_addresses_20260928"",""note"":""Google Maps 장소명·주소와 기존 OSM 위치 대조. 지도 지점 좌표 차이 1.9m. 주소만 확인했으며 영업시간 검증 아님. 지도에 폐업 표시가 있는 과거 주소.""},""area"":{""kind"":""derived_from_map_address"",""urls"":[""https://maps.google.com/?cid=2591418205298486497"",""https://www.openstreetmap.org/node/5382170422""],""checked_at"":""2026-09-28"",""revision"":""map_addresses_20260928"",""note"":""Google Maps 장소명·주소와 기존 OSM 위치 대조. 지도 지점 좌표 차이 1.9m. 주소만 확인했으며 영업시간 검증 아님. 지도에 폐업 표시가 있는 과거 주소.""},""bag_load"":{""kind"":""team_rule_estimate"",""urls"":[""https://github.com/travel-recommender/gachilo/issues/1""],""checked_at"":""2026-09-29"",""revision"":""team_planning_rules_20260929"",""note"":""기존 get_luggage_score와 동일: 쇼핑 2, 지정 시장·상점가·아메리카무라·신세카이 1, 나머지 0. kg가 아닌 상대 점수.""},""stay_min"":{""kind"":""team_rule_estimate"",""urls"":[""https://github.com/travel-recommender/gachilo/issues/1""],""checked_at"":""2026-09-29"",""revision"":""team_planning_rules_20260929"",""note"":""사용자 제공 체류시간 범위 45~60분, 카페. 일정 여유를 위해 상한 적용. 실제 관람 소요시간이 아닌 추정값.""}}"
"osaka_draft_32974d974e62","ケーキ＆カフェダイニング　ボナボン","케이크 앤 카페 다이닝 보나본","카페","大阪市淀川区","大阪市淀川区十三東1-20-3 ザ・グランビュー大阪1F","34.717966","135.4853826","일–목 09:00–21:00(주문 20:00까지); 금·토·공휴일 전날 09:00–23:00(주문 22:00까지)",,"60","0",,"http://www.bonandbon.jp","https://bonandbon.jp/company/","2026-09-28","","사용자 제공 체류시간 범위 45~60분, 카페. 일정 여유를 위해 상한 적용. 실제 관람 소요시간이 아닌 추정값.","","https://www.openstreetmap.org/node/6984070689","https://bonandbon.jp/company/","https://bonandbon.jp/company/","","https://github.com/travel-recommender/gachilo/issues/1","","","cost | covered","","공식 공지가 과거 연도 자료여서 현재 시간으로 확정하지 않음. | 보나본 공식 매장 안내. 2024년 메뉴 개편 공지가 있어 오래된 메뉴 가격은 사용하지 않음.","false","{""name"":{""kind"":""osm"",""url"":""https://www.openstreetmap.org/node/6984070689""},""category"":{""kind"":""osm"",""url"":""https://www.openstreetmap.org/node/6984070689""},""latitude"":{""kind"":""osm"",""url"":""https://www.openstreetmap.org/node/6984070689""},""longitude"":{""kind"":""osm"",""url"":""https://www.openstreetmap.org/node/6984070689""},""opening_hours"":{""kind"":""official_web_review"",""urls"":[""https://bonandbon.jp/company/""],""checked_at"":""2026-09-28"",""note"":""보나본 공식 매장 안내. 2024년 메뉴 개편 공지가 있어 오래된 메뉴 가격은 사용하지 않음."",""revision"":""official_fields_20260928_v2""},""website"":{""kind"":""osm"",""url"":""https://www.openstreetmap.org/node/6984070689""},""address"":{""kind"":""official_web_review"",""urls"":[""https://bonandbon.jp/company/""],""checked_at"":""2026-09-28"",""note"":""보나본 공식 매장 안내. 2024년 메뉴 개편 공지가 있어 오래된 메뉴 가격은 사용하지 않음."",""revision"":""official_fields_20260928_v2""},""opening_hours_source"":{""kind"":""official_web_review"",""urls"":[""https://bonandbon.jp/company/""],""checked_at"":""2026-09-28"",""note"":""보나본 공식 매장 안내. 2024년 메뉴 개편 공지가 있어 오래된 메뉴 가격은 사용하지 않음."",""revision"":""official_fields_20260928_v2""},""verified_at"":{""kind"":""review_date_only"",""urls"":[""https://bonandbon.jp/company/""],""checked_at"":""2026-09-28"",""note"":""보나본 공식 매장 안내. 2024년 메뉴 개편 공지가 있어 오래된 메뉴 가격은 사용하지 않음."",""revision"":""official_fields_20260928_v2""},""area"":{""kind"":""derived_from_official_address"",""urls"":[""https://bonandbon.jp/company/""],""checked_at"":""2026-09-28"",""derived_at"":""2026-09-28"",""revision"":""official_fields_20260928_v2"",""note"":""공식 주소에서 행정구 추출. 관광 권역 아님.""},""name_ko"":{""kind"":""editorial_korean_translation"",""urls"":[""https://www.openstreetmap.org/node/6984070689""],""checked_at"":""2026-09-28"",""revision"":""korean_display_names_20260928"",""original_name"":""ケーキ＆カフェダイニング　ボナボン"",""note"":""검토 편의를 위한 원문 기반 한국어 번역·음역. 공식 한국어 명칭 또는 지점 검증 완료를 의미하지 않음. 원문 name을 검색 시 함께 사용.""},""bag_load"":{""kind"":""team_rule_estimate"",""urls"":[""https://github.com/travel-recommender/gachilo/issues/1""],""checked_at"":""2026-09-29"",""revision"":""team_planning_rules_20260929"",""note"":""기존 get_luggage_score와 동일: 쇼핑 2, 지정 시장·상점가·아메리카무라·신세카이 1, 나머지 0. kg가 아닌 상대 점수.""},""stay_min"":{""kind"":""team_rule_estimate"",""urls"":[""https://github.com/travel-recommender/gachilo/issues/1""],""checked_at"":""2026-09-29"",""revision"":""team_planning_rules_20260929"",""note"":""사용자 제공 체류시간 범위 45~60분, 카페. 일정 여유를 위해 상한 적용. 실제 관람 소요시간이 아닌 추정값.""}}"
"osaka_draft_57eaac2e578d","保護ねこカフェneu。","보호고양이 카페 노이","카페","大阪市中央区","大阪市中央区谷町六丁目17-5","34.6747753","135.5136323","평일 12:00–21:00; 토·일·공휴일 12:00–19:00; 식사 주문 16:00까지; 비정기 휴무","1800","60","0",,"https://neu-catcafe.com/","https://neu-catcafe.com/","2026-09-28","비회원 1시간 이용권 기준 1800엔, 연장 15분 300엔. stay_min은 공식 요금제의 60분 시나리오이며 자유 방문 평균 시간 아님.","비회원 1시간 이용권 기준 1800엔, 연장 15분 300엔. stay_min은 공식 요금제의 60분 시나리오이며 자유 방문 평균 시간 아님.","","https://www.openstreetmap.org/node/6434846803","https://neu-catcafe.com/","https://neu-catcafe.com/","https://neu-catcafe.com/price","https://neu-catcafe.com/price","","","covered","ticket_scenario_required","비회원 1시간 이용권 기준 1800엔, 연장 15분 300엔. stay_min은 공식 요금제의 60분 시나리오이며 자유 방문 평균 시간 아님.","false","{""name"":{""kind"":""osm"",""url"":""https://www.openstreetmap.org/node/6434846803""},""category"":{""kind"":""osm"",""url"":""https://www.openstreetmap.org/node/6434846803""},""latitude"":{""kind"":""osm"",""url"":""https://www.openstreetmap.org/node/6434846803""},""longitude"":{""kind"":""osm"",""url"":""https://www.openstreetmap.org/node/6434846803""},""opening_hours"":{""kind"":""official_web_review"",""urls"":[""https://neu-catcafe.com/""],""checked_at"":""2026-09-26"",""evidence_window"":""2026-09-24/2026-09-26""},""website"":{""kind"":""osm"",""url"":""https://www.openstreetmap.org/node/6434846803""},""address"":{""kind"":""official_web_review"",""urls"":[""https://neu-catcafe.com/""],""checked_at"":""2026-09-26"",""evidence_window"":""2026-09-24/2026-09-26""},""opening_hours_source"":{""kind"":""official_web_review"",""urls"":[""https://neu-catcafe.com/""],""checked_at"":""2026-09-26"",""evidence_window"":""2026-09-24/2026-09-26""},""verified_at"":{""kind"":""review_date_only"",""note"":""이번에 확인한 필드만 검증. 전체 필드·영업 상태 검증을 뜻하지 않음."",""check_id"":""official_fields_20260928""},""cost"":{""kind"":""official_web_review"",""urls"":[""https://neu-catcafe.com/price""],""checked_at"":""2026-09-28"",""note"":""비회원 1시간 이용권 기준 1800엔, 연장 15분 300엔. stay_min은 공식 요금제의 60분 시나리오이며 자유 방문 평균 시간 아님.""},""stay_min"":{""kind"":""official_web_review"",""urls"":[""https://neu-catcafe.com/price""],""checked_at"":""2026-09-28"",""note"":""비회원 1시간 이용권 기준 1800엔, 연장 15분 300엔. stay_min은 공식 요금제의 60분 시나리오이며 자유 방문 평균 시간 아님.""},""area"":{""kind"":""derived_from_official_address"",""urls"":[""https://neu-catcafe.com/""],""checked_at"":""2026-09-26"",""derived_at"":""2026-09-28"",""note"":""공식 출처 주소의 행정구만 추출. 관광 권역·출입구 좌표 추정 아님.""},""name_ko"":{""kind"":""editorial_korean_translation"",""urls"":[""https://www.openstreetmap.org/node/6434846803""],""checked_at"":""2026-09-28"",""revision"":""korean_display_names_20260928"",""original_name"":""保護ねこカフェneu。"",""note"":""검토 편의를 위한 원문 기반 한국어 번역·음역. 공식 한국어 명칭 또는 지점 검증 완료를 의미하지 않음. 원문 name을 검색 시 함께 사용.""},""bag_load"":{""kind"":""team_rule_estimate"",""urls"":[""https://github.com/travel-recommender/gachilo/issues/1""],""checked_at"":""2026-09-29"",""revision"":""team_planning_rules_20260929"",""note"":""기존 get_luggage_score와 동일: 쇼핑 2, 지정 시장·상점가·아메리카무라·신세카이 1, 나머지 0. kg가 아닌 상대 점수.""}}"
"osaka_draft_74dbaeea6a02","喫茶あおい","찻집 아오이","카페","大阪市東淀川区","大阪府大阪市東淀川区西淡路1-17-3 MURAKAMI1F","34.7400123","135.5060998",,"550","60","0",,"https://kissaaoiclub.com/",,"2026-09-28","기준 메뉴: 홍차 1인 550엔 JPY. 커피 550엔부터와 구분, 식사/추가 주문 별도.","사용자 제공 체류시간 범위 45~60분, 카페. 일정 여유를 위해 상한 적용. 실제 관람 소요시간이 아닌 추정값.","","https://www.openstreetmap.org/node/10044742347","https://kissaaoiclub.com/","https://kissaaoiclub.com/","https://kissaaoiclub.com/","https://github.com/travel-recommender/gachilo/issues/1","","","opening_hours | covered | opening_hours_source","hours_conflict","공식 페이지 본문과 하단의 운영시간·휴무일이 충돌하여 영업시간을 미확인 처리. | 기준 메뉴: 홍차 1인 550엔 JPY. 커피 550엔부터와 구분, 식사/추가 주문 별도. | 2026-09-30: 공식 ACCESS와 하단 영업시간·휴무일이 서로 다름(월 휴무/화 휴무). 충돌 해소 전 영업시간 null 유지.","false","{""name"":{""kind"":""osm"",""url"":""https://www.openstreetmap.org/node/10044742347""},""category"":{""kind"":""osm"",""url"":""https://www.openstreetmap.org/node/10044742347""},""latitude"":{""kind"":""osm"",""url"":""https://www.openstreetmap.org/node/10044742347""},""longitude"":{""kind"":""osm"",""url"":""https://www.openstreetmap.org/node/10044742347""},""opening_hours"":{""kind"":""official_web_review"",""urls"":[""https://kissaaoiclub.com/""],""checked_at"":""2026-09-26"",""evidence_window"":""2026-09-24/2026-09-26""},""website"":{""kind"":""osm"",""url"":""https://www.openstreetmap.org/node/10044742347""},""address"":{""kind"":""official_web_review"",""urls"":[""https://kissaaoiclub.com/""],""checked_at"":""2026-09-26"",""evidence_window"":""2026-09-24/2026-09-26""},""opening_hours_source"":{""kind"":""official_web_review"",""urls"":[""https://kissaaoiclub.com/""],""checked_at"":""2026-09-26"",""evidence_window"":""2026-09-24/2026-09-26""},""verified_at"":{""kind"":""review_date_only"",""note"":""이번에 확인한 필드만 검증. 전체 필드·영업 상태 검증을 뜻하지 않음."",""check_id"":""official_fields_20260928""},""cost"":{""kind"":""official_web_review"",""urls"":[""https://kissaaoiclub.com/""],""checked_at"":""2026-09-28"",""note"":""기준 메뉴: 홍차 1인 550엔 JPY. 커피 550엔부터와 구분, 식사/추가 주문 별도.""},""area"":{""kind"":""derived_from_official_address"",""urls"":[""https://kissaaoiclub.com/""],""checked_at"":""2026-09-26"",""derived_at"":""2026-09-28"",""note"":""공식 출처 주소의 행정구만 추출. 관광 권역·출입구 좌표 추정 아님.""},""name_ko"":{""kind"":""editorial_korean_translation"",""urls"":[""https://www.openstreetmap.org/node/10044742347""],""checked_at"":""2026-09-28"",""revision"":""korean_display_names_20260928"",""original_name"":""喫茶あおい"",""note"":""검토 편의를 위한 원문 기반 한국어 번역·음역. 공식 한국어 명칭 또는 지점 검증 완료를 의미하지 않음. 원문 name을 검색 시 함께 사용.""},""bag_load"":{""kind"":""team_rule_estimate"",""urls"":[""https://github.com/travel-recommender/gachilo/issues/1""],""checked_at"":""2026-09-29"",""revision"":""team_planning_rules_20260929"",""note"":""기존 get_luggage_score와 동일: 쇼핑 2, 지정 시장·상점가·아메리카무라·신세카이 1, 나머지 0. kg가 아닌 상대 점수.""},""stay_min"":{""kind"":""team_rule_estimate"",""urls"":[""https://github.com/travel-recommender/gachilo/issues/1""],""checked_at"":""2026-09-29"",""revision"":""team_planning_rules_20260929"",""note"":""사용자 제공 체류시간 범위 45~60분, 카페. 일정 여유를 위해 상한 적용. 실제 관람 소요시간이 아닌 추정값.""}}"
"osaka_draft_96e588e49f58","茶淹","차엔","카페","大阪市淀川区","大阪府大阪市淀川区十三元今里2-21-3-102","34.7188979","135.4751772","수–일 13:00–19:00경(주문 18:30까지); 월·화 휴무","750","60","0",,"https://chaenjin.jimdofree.com/","https://chaenjin.jimdofree.com/","2026-09-28","기준 메뉴: 센차 또는 우롱차 1인 주문 750엔 JPY. 최대 3회 우림 포함. 3000엔 티 플라이트와 구분; 전체 방문 평균비용 아님.","사용자 제공 체류시간 범위 45~60분, 카페. 일정 여유를 위해 상한 적용. 실제 관람 소요시간이 아닌 추정값.","","https://www.openstreetmap.org/node/9905594936 | https://chaenjin.jimdofree.com/","https://chaenjin.jimdofree.com/","https://chaenjin.jimdofree.com/","https://chaenjin.jimdofree.com/","https://github.com/travel-recommender/gachilo/issues/1","","","covered","","기준 메뉴: 센차 또는 우롱차 1인 주문 750엔 JPY. 최대 3회 우림 포함. 3000엔 티 플라이트와 구분; 전체 방문 평균비용 아님.","false","{""name"":{""kind"":""osm"",""url"":""https://www.openstreetmap.org/node/9905594936""},""category"":{""kind"":""osm"",""url"":""https://www.openstreetmap.org/node/9905594936""},""latitude"":{""kind"":""osm"",""url"":""https://www.openstreetmap.org/node/9905594936""},""longitude"":{""kind"":""osm"",""url"":""https://www.openstreetmap.org/node/9905594936""},""opening_hours"":{""kind"":""official_web_review"",""urls"":[""https://chaenjin.jimdofree.com/""],""checked_at"":""2026-09-26"",""evidence_window"":""2026-09-24/2026-09-26""},""website"":{""kind"":""osm"",""url"":""https://www.openstreetmap.org/node/9905594936""},""address"":{""kind"":""official_web_review"",""urls"":[""https://chaenjin.jimdofree.com/""],""checked_at"":""2026-09-26"",""evidence_window"":""2026-09-24/2026-09-26""},""opening_hours_source"":{""kind"":""official_web_review"",""urls"":[""https://chaenjin.jimdofree.com/""],""checked_at"":""2026-09-26"",""evidence_window"":""2026-09-24/2026-09-26""},""verified_at"":{""kind"":""review_date_only"",""note"":""이번에 확인한 필드만 검증. 전체 필드·영업 상태 검증을 뜻하지 않음."",""check_id"":""official_fields_20260928""},""cost"":{""kind"":""official_web_review"",""urls"":[""https://chaenjin.jimdofree.com/""],""checked_at"":""2026-09-28"",""note"":""기준 메뉴: 센차 또는 우롱차 1인 주문 750엔 JPY. 최대 3회 우림 포함. 3000엔 티 플라이트와 구분; 전체 방문 평균비용 아님.""},""area"":{""kind"":""derived_from_official_address"",""urls"":[""https://chaenjin.jimdofree.com/""],""checked_at"":""2026-09-26"",""derived_at"":""2026-09-28"",""note"":""공식 출처 주소의 행정구만 추출. 관광 권역·출입구 좌표 추정 아님.""},""name_ko"":{""kind"":""editorial_korean_translation"",""urls"":[""https://www.openstreetmap.org/node/9905594936"",""https://chaenjin.jimdofree.com/""],""checked_at"":""2026-09-28"",""revision"":""korean_display_names_20260928"",""original_name"":""茶淹"",""note"":""검토 편의를 위한 원문 기반 한국어 번역·음역. 공식 한국어 명칭 또는 지점 검증 완료를 의미하지 않음. 원문 name을 검색 시 함께 사용.""},""bag_load"":{""kind"":""team_rule_estimate"",""urls"":[""https://github.com/travel-recommender/gachilo/issues/1""],""checked_at"":""2026-09-29"",""revision"":""team_planning_rules_20260929"",""note"":""기존 get_luggage_score와 동일: 쇼핑 2, 지정 시장·상점가·아메리카무라·신세카이 1, 나머지 0. kg가 아닌 상대 점수.""},""stay_min"":{""kind"":""team_rule_estimate"",""urls"":[""https://github.com/travel-recommender/gachilo/issues/1""],""checked_at"":""2026-09-29"",""revision"":""team_planning_rules_20260929"",""note"":""사용자 제공 체류시간 범위 45~60분, 카페. 일정 여유를 위해 상한 적용. 실제 관람 소요시간이 아닌 추정값.""}}"
"osaka_draft_f729469c78c5","34 Kitchen","삼십사 키친 (34 Kitchen)","식사","大阪市北区","일본 〒531-0071 Osaka, Kita Ward, Nakatsu, 3 Chome−23−8 １F","34.712006","135.492029","11:00-23:00",,"90","0",,"http://34sunsea.com/main/category/newsinfo/kitchen/",,,"","사용자 제공 체류시간 범위 60~90분, 식당. 일정 여유를 위해 상한 적용. 실제 관람 소요시간이 아닌 추정값.","","https://www.openstreetmap.org/node/3432264291","https://maps.google.com/?cid=3177627592851906159 | https://www.openstreetmap.org/node/3432264291","https://maps.google.com/?cid=3177627592851906159 | https://www.openstreetmap.org/node/3432264291","","https://github.com/travel-recommender/gachilo/issues/1","","","cost | covered | opening_hours_source | verified_at","","공식 페이지에서 현재 운영시간 근거 확보 실패. | Google Maps 장소명·주소와 기존 OSM 위치 대조. 지도 지점 좌표 차이 1.7m. 주소만 확인했으며 영업시간 검증 아님.","false","{""name"":{""kind"":""osm"",""url"":""https://www.openstreetmap.org/node/3432264291""},""category"":{""kind"":""osm"",""url"":""https://www.openstreetmap.org/node/3432264291""},""latitude"":{""kind"":""osm"",""url"":""https://www.openstreetmap.org/node/3432264291""},""longitude"":{""kind"":""osm"",""url"":""https://www.openstreetmap.org/node/3432264291""},""opening_hours"":{""kind"":""osm"",""url"":""https://www.openstreetmap.org/node/3432264291""},""website"":{""kind"":""osm"",""url"":""https://www.openstreetmap.org/node/3432264291""},""name_ko"":{""kind"":""editorial_korean_translation"",""urls"":[""https://www.openstreetmap.org/node/3432264291""],""checked_at"":""2026-09-28"",""revision"":""korean_display_names_20260928"",""original_name"":""34 Kitchen"",""note"":""검토 편의를 위한 원문 기반 한국어 번역·음역. 공식 한국어 명칭 또는 지점 검증 완료를 의미하지 않음. 원문 name을 검색 시 함께 사용.""},""address"":{""kind"":""google_maps_ui_review"",""urls"":[""https://maps.google.com/?cid=3177627592851906159"",""https://www.openstreetmap.org/node/3432264291""],""checked_at"":""2026-09-28"",""revision"":""map_addresses_20260928"",""note"":""Google Maps 장소명·주소와 기존 OSM 위치 대조. 지도 지점 좌표 차이 1.7m. 주소만 확인했으며 영업시간 검증 아님.""},""area"":{""kind"":""derived_from_map_address"",""urls"":[""https://maps.google.com/?cid=3177627592851906159"",""https://www.openstreetmap.org/node/3432264291""],""checked_at"":""2026-09-28"",""revision"":""map_addresses_20260928"",""note"":""Google Maps 장소명·주소와 기존 OSM 위치 대조. 지도 지점 좌표 차이 1.7m. 주소만 확인했으며 영업시간 검증 아님.""},""bag_load"":{""kind"":""team_rule_estimate"",""urls"":[""https://github.com/travel-recommender/gachilo/issues/1""],""checked_at"":""2026-09-29"",""revision"":""team_planning_rules_20260929"",""note"":""기존 get_luggage_score와 동일: 쇼핑 2, 지정 시장·상점가·아메리카무라·신세카이 1, 나머지 0. kg가 아닌 상대 점수.""},""stay_min"":{""kind"":""team_rule_estimate"",""urls"":[""https://github.com/travel-recommender/gachilo/issues/1""],""checked_at"":""2026-09-29"",""revision"":""team_planning_rules_20260929"",""note"":""사용자 제공 체류시간 범위 60~90분, 식당. 일정 여유를 위해 상한 적용. 실제 관람 소요시간이 아닌 추정값.""}}"
"osaka_draft_873f1e0cf834","an39","앙상크 (an39)","식사","大阪市福島区","5 Chome-6-31-102 Fukushima, Fukushima Ward, Osaka, 553-0003 일본","34.6973394","135.488608","Tu-Su 11:00-17:00","1580","90","0",,"https://superfoodcafe-an39.jp/",,"2026-09-28","공식 an39 사이트의 오사카 후쿠시마구 매장. cost는 부다볼+수프 한 메뉴 1580엔 기준으로 평균 식비가 아님. 상세 번지는 공식 확인하지 못해 빈칸 유지.","사용자 제공 체류시간 범위 60~90분, 식당. 일정 여유를 위해 상한 적용. 실제 관람 소요시간이 아닌 추정값.","","https://www.openstreetmap.org/node/9468409531","https://superfoodcafe-an39.jp/menu/ | https://superfoodcafe-an39.jp/","https://maps.google.com/?cid=979399678341509410 | https://www.openstreetmap.org/node/9468409531","https://superfoodcafe-an39.jp/menu/ | https://superfoodcafe-an39.jp/","https://github.com/travel-recommender/gachilo/issues/1","","https://superfoodcafe-an39.jp/menu/ | https://superfoodcafe-an39.jp/","covered | opening_hours_source","","이전 URL과 신규 사이트의 같은 지점 여부 미확인. | 공식 an39 사이트의 오사카 후쿠시마구 매장. cost는 부다볼+수프 한 메뉴 1580엔 기준으로 평균 식비가 아님. 상세 번지는 공식 확인하지 못해 빈칸 유지. | Google Maps 장소명·주소와 기존 OSM 위치 대조. 지도 지점 좌표 차이 4.2m. 주소만 확인했으며 영업시간 검증 아님.","false","{""name"":{""kind"":""osm"",""url"":""https://www.openstreetmap.org/node/9468409531""},""category"":{""kind"":""osm"",""url"":""https://www.openstreetmap.org/node/9468409531""},""latitude"":{""kind"":""osm"",""url"":""https://www.openstreetmap.org/node/9468409531""},""longitude"":{""kind"":""osm"",""url"":""https://www.openstreetmap.org/node/9468409531""},""opening_hours"":{""kind"":""osm"",""url"":""https://www.openstreetmap.org/node/9468409531""},""website"":{""kind"":""official_web_review"",""urls"":[""https://superfoodcafe-an39.jp/menu/"",""https://superfoodcafe-an39.jp/""],""checked_at"":""2026-09-28"",""note"":""공식 an39 사이트의 오사카 후쿠시마구 매장. cost는 부다볼+수프 한 메뉴 1580엔 기준으로 평균 식비가 아님. 상세 번지는 공식 확인하지 못해 빈칸 유지."",""revision"":""official_fields_20260928_v2""},""area"":{""kind"":""official_web_review"",""urls"":[""https://superfoodcafe-an39.jp/menu/"",""https://superfoodcafe-an39.jp/""],""checked_at"":""2026-09-28"",""note"":""공식 an39 사이트의 오사카 후쿠시마구 매장. cost는 부다볼+수프 한 메뉴 1580엔 기준으로 평균 식비가 아님. 상세 번지는 공식 확인하지 못해 빈칸 유지."",""revision"":""official_fields_20260928_v2""},""cost"":{""kind"":""official_web_review"",""urls"":[""https://superfoodcafe-an39.jp/menu/"",""https://superfoodcafe-an39.jp/""],""checked_at"":""2026-09-28"",""note"":""공식 an39 사이트의 오사카 후쿠시마구 매장. cost는 부다볼+수프 한 메뉴 1580엔 기준으로 평균 식비가 아님. 상세 번지는 공식 확인하지 못해 빈칸 유지."",""revision"":""official_fields_20260928_v2""},""verified_at"":{""kind"":""review_date_only"",""urls"":[""https://superfoodcafe-an39.jp/menu/"",""https://superfoodcafe-an39.jp/""],""checked_at"":""2026-09-28"",""note"":""공식 an39 사이트의 오사카 후쿠시마구 매장. cost는 부다볼+수프 한 메뉴 1580엔 기준으로 평균 식비가 아님. 상세 번지는 공식 확인하지 못해 빈칸 유지."",""revision"":""official_fields_20260928_v2""},""name_ko"":{""kind"":""editorial_korean_translation"",""urls"":[""https://www.openstreetmap.org/node/9468409531""],""checked_at"":""2026-09-28"",""revision"":""korean_display_names_20260928"",""original_name"":""an39"",""note"":""검토 편의를 위한 원문 기반 한국어 번역·음역. 공식 한국어 명칭 또는 지점 검증 완료를 의미하지 않음. 원문 name을 검색 시 함께 사용.""},""address"":{""kind"":""google_maps_ui_review"",""urls"":[""https://maps.google.com/?cid=979399678341509410"",""https://www.openstreetmap.org/node/9468409531""],""checked_at"":""2026-09-28"",""revision"":""map_addresses_20260928"",""note"":""Google Maps 장소명·주소와 기존 OSM 위치 대조. 지도 지점 좌표 차이 4.2m. 주소만 확인했으며 영업시간 검증 아님.""},""bag_load"":{""kind"":""team_rule_estimate"",""urls"":[""https://github.com/travel-recommender/gachilo/issues/1""],""checked_at"":""2026-09-29"",""revision"":""team_planning_rules_20260929"",""note"":""기존 get_luggage_score와 동일: 쇼핑 2, 지정 시장·상점가·아메리카무라·신세카이 1, 나머지 0. kg가 아닌 상대 점수.""},""stay_min"":{""kind"":""team_rule_estimate"",""urls"":[""https://github.com/travel-recommender/gachilo/issues/1""],""checked_at"":""2026-09-29"",""revision"":""team_planning_rules_20260929"",""note"":""사용자 제공 체류시간 범위 60~90분, 식당. 일정 여유를 위해 상한 적용. 실제 관람 소요시간이 아닌 추정값.""}}"
"osaka_draft_94d63b518da4","bee9","비나인","식사","大阪市北区","일본 〒530-0037 Osaka, Kita Ward, Matsugaecho, 6−1 グロウビル 1F","34.6983981","135.5154675","Mo-Fr 11:00-17:00; Sa-Su 18:00-23:00",,"90","0",,"https://bee9.shopselect.net/",,,"","사용자 제공 체류시간 범위 60~90분, 식당. 일정 여유를 위해 상한 적용. 실제 관람 소요시간이 아닌 추정값.","","https://www.openstreetmap.org/node/12741627001","https://maps.google.com/?cid=12740684156138802496 | https://www.openstreetmap.org/node/12741627001","https://maps.google.com/?cid=12740684156138802496 | https://www.openstreetmap.org/node/12741627001","","https://github.com/travel-recommender/gachilo/issues/1","","","cost | covered | opening_hours_source | verified_at","physical_store_unconfirmed | google_maps_permanently_closed","온라인 판매 사이트와 실제 방문 가능한 점포 여부 구분 필요. | Google Maps 장소명·주소와 기존 OSM 위치 대조. 지도 지점 좌표 차이 6.3m. 주소만 확인했으며 영업시간 검증 아님. 지도에 폐업 표시가 있는 과거 주소.","false","{""name"":{""kind"":""osm"",""url"":""https://www.openstreetmap.org/node/12741627001""},""category"":{""kind"":""osm"",""url"":""https://www.openstreetmap.org/node/12741627001""},""latitude"":{""kind"":""osm"",""url"":""https://www.openstreetmap.org/node/12741627001""},""longitude"":{""kind"":""osm"",""url"":""https://www.openstreetmap.org/node/12741627001""},""opening_hours"":{""kind"":""osm"",""url"":""https://www.openstreetmap.org/node/12741627001""},""website"":{""kind"":""osm"",""url"":""https://www.openstreetmap.org/node/12741627001""},""name_ko"":{""kind"":""editorial_korean_translation"",""urls"":[""https://www.openstreetmap.org/node/12741627001""],""checked_at"":""2026-09-28"",""revision"":""korean_display_names_20260928"",""original_name"":""bee9"",""note"":""검토 편의를 위한 원문 기반 한국어 번역·음역. 공식 한국어 명칭 또는 지점 검증 완료를 의미하지 않음. 원문 name을 검색 시 함께 사용.""},""address"":{""kind"":""google_maps_ui_review"",""urls"":[""https://maps.google.com/?cid=12740684156138802496"",""https://www.openstreetmap.org/node/12741627001""],""checked_at"":""2026-09-28"",""revision"":""map_addresses_20260928"",""note"":""Google Maps 장소명·주소와 기존 OSM 위치 대조. 지도 지점 좌표 차이 6.3m. 주소만 확인했으며 영업시간 검증 아님. 지도에 폐업 표시가 있는 과거 주소.""},""area"":{""kind"":""derived_from_map_address"",""urls"":[""https://maps.google.com/?cid=12740684156138802496"",""https://www.openstreetmap.org/node/12741627001""],""checked_at"":""2026-09-28"",""revision"":""map_addresses_20260928"",""note"":""Google Maps 장소명·주소와 기존 OSM 위치 대조. 지도 지점 좌표 차이 6.3m. 주소만 확인했으며 영업시간 검증 아님. 지도에 폐업 표시가 있는 과거 주소.""},""bag_load"":{""kind"":""team_rule_estimate"",""urls"":[""https://github.com/travel-recommender/gachilo/issues/1""],""checked_at"":""2026-09-29"",""revision"":""team_planning_rules_20260929"",""note"":""기존 get_luggage_score와 동일: 쇼핑 2, 지정 시장·상점가·아메리카무라·신세카이 1, 나머지 0. kg가 아닌 상대 점수.""},""stay_min"":{""kind"":""team_rule_estimate"",""urls"":[""https://github.com/travel-recommender/gachilo/issues/1""],""checked_at"":""2026-09-29"",""revision"":""team_planning_rules_20260929"",""note"":""사용자 제공 체류시간 범위 60~90분, 식당. 일정 여유를 위해 상한 적용. 실제 관람 소요시간이 아닌 추정값.""}}"
"osaka_draft_77f869ee706f","Bubble Net","버블 넷","식사","大阪市西区","大阪市西区新町2-12-19 グラントピア新町1F","34.6777038","135.4920565","Mo-Su 18:00-28:00",,"90","0",,"https://sites.google.com/view/bubble-net",,"2026-09-28","","사용자 제공 체류시간 범위 60~90분, 식당. 일정 여유를 위해 상한 적용. 실제 관람 소요시간이 아닌 추정값.","","https://www.openstreetmap.org/node/10578824249","https://sites.google.com/view/bubble-net","https://sites.google.com/view/bubble-net","","https://github.com/travel-recommender/gachilo/issues/1","","https://sites.google.com/view/bubble-net","cost | covered | opening_hours_source","address_conflict","OSM 주소 구성요소가 서로 충돌. 지점 이전 여부 확인 필요. | 기존 공식 홈페이지의 이전 안내 링크를 따라 확인한 현 공식 사이트.","false","{""name"":{""kind"":""osm"",""url"":""https://www.openstreetmap.org/node/10578824249""},""category"":{""kind"":""osm"",""url"":""https://www.openstreetmap.org/node/10578824249""},""latitude"":{""kind"":""osm"",""url"":""https://www.openstreetmap.org/node/10578824249""},""longitude"":{""kind"":""osm"",""url"":""https://www.openstreetmap.org/node/10578824249""},""opening_hours"":{""kind"":""osm"",""url"":""https://www.openstreetmap.org/node/10578824249""},""website"":{""kind"":""official_web_review"",""urls"":[""https://sites.google.com/view/bubble-net""],""checked_at"":""2026-09-28"",""note"":""기존 공식 홈페이지의 이전 안내 링크를 따라 확인한 현 공식 사이트.""},""address"":{""kind"":""official_web_review"",""urls"":[""https://sites.google.com/view/bubble-net""],""checked_at"":""2026-09-28"",""note"":""기존 공식 홈페이지의 이전 안내 링크를 따라 확인한 현 공식 사이트.""},""verified_at"":{""kind"":""review_date_only"",""note"":""이번에 확인한 필드만 검증. 전체 필드·영업 상태 검증을 뜻하지 않음."",""check_id"":""official_fields_20260928""},""area"":{""kind"":""derived_from_official_address"",""urls"":[""https://sites.google.com/view/bubble-net""],""checked_at"":""2026-09-28"",""derived_at"":""2026-09-28"",""note"":""공식 출처 주소의 행정구만 추출. 관광 권역·출입구 좌표 추정 아님.""},""name_ko"":{""kind"":""editorial_korean_translation"",""urls"":[""https://www.openstreetmap.org/node/10578824249""],""checked_at"":""2026-09-28"",""revision"":""korean_display_names_20260928"",""original_name"":""Bubble Net"",""note"":""검토 편의를 위한 원문 기반 한국어 번역·음역. 공식 한국어 명칭 또는 지점 검증 완료를 의미하지 않음. 원문 name을 검색 시 함께 사용.""},""bag_load"":{""kind"":""team_rule_estimate"",""urls"":[""https://github.com/travel-recommender/gachilo/issues/1""],""checked_at"":""2026-09-29"",""revision"":""team_planning_rules_20260929"",""note"":""기존 get_luggage_score와 동일: 쇼핑 2, 지정 시장·상점가·아메리카무라·신세카이 1, 나머지 0. kg가 아닌 상대 점수.""},""stay_min"":{""kind"":""team_rule_estimate"",""urls"":[""https://github.com/travel-recommender/gachilo/issues/1""],""checked_at"":""2026-09-29"",""revision"":""team_planning_rules_20260929"",""note"":""사용자 제공 체류시간 범위 60~90분, 식당. 일정 여유를 위해 상한 적용. 실제 관람 소요시간이 아닌 추정값.""}}"
"osaka_draft_2f89be830b8c","CAFETERIA AGORA","카페테리아 아고라","식사",,"大阪府大阪市中之島4-3-53 大阪大学中之島センター2階","34.692746","135.4904344","11:00-17:00","1000","90","0",,"https://www.rihga.co.jp/osaka/restaurant/list/cafeteria-agora",,"2026-09-28","아고라 공식 카페 메뉴의 오므라이스 단품 1000엔 기준. 음료 세트는 1200엔으로 별도. 평균 식비가 아니며 세금 포함 여부는 해당 가격 문구에서 미확인.","사용자 제공 체류시간 범위 60~90분, 식당. 일정 여유를 위해 상한 적용. 실제 관람 소요시간이 아닌 추정값.","","https://www.openstreetmap.org/node/12870742282","","","https://www.rihga.co.jp/osaka/restaurant/list/cafeteria-agora","https://github.com/travel-recommender/gachilo/issues/1","","","area | covered | opening_hours_source","","대학 나카노시마센터 내 점포와 호텔 본사 주소를 구분해야 함. | 아고라 공식 카페 메뉴의 오므라이스 단품 1000엔 기준. 음료 세트는 1200엔으로 별도. 평균 식비가 아니며 세금 포함 여부는 해당 가격 문구에서 미확인.","false","{""name"":{""kind"":""osm"",""url"":""https://www.openstreetmap.org/node/12870742282""},""category"":{""kind"":""osm"",""url"":""https://www.openstreetmap.org/node/12870742282""},""address"":{""kind"":""osm"",""url"":""https://www.openstreetmap.org/node/12870742282""},""latitude"":{""kind"":""osm"",""url"":""https://www.openstreetmap.org/node/12870742282""},""longitude"":{""kind"":""osm"",""url"":""https://www.openstreetmap.org/node/12870742282""},""opening_hours"":{""kind"":""osm"",""url"":""https://www.openstreetmap.org/node/12870742282""},""website"":{""kind"":""osm"",""url"":""https://www.openstreetmap.org/node/12870742282""},""cost"":{""kind"":""official_web_review"",""urls"":[""https://www.rihga.co.jp/osaka/restaurant/list/cafeteria-agora""],""checked_at"":""2026-09-28"",""note"":""아고라 공식 카페 메뉴의 오므라이스 단품 1000엔 기준. 음료 세트는 1200엔으로 별도. 평균 식비가 아니며 세금 포함 여부는 해당 가격 문구에서 미확인."",""revision"":""official_fields_20260928_v2""},""verified_at"":{""kind"":""review_date_only"",""urls"":[""https://www.rihga.co.jp/osaka/restaurant/list/cafeteria-agora""],""checked_at"":""2026-09-28"",""note"":""아고라 공식 카페 메뉴의 오므라이스 단품 1000엔 기준. 음료 세트는 1200엔으로 별도. 평균 식비가 아니며 세금 포함 여부는 해당 가격 문구에서 미확인."",""revision"":""official_fields_20260928_v2""},""name_ko"":{""kind"":""editorial_korean_translation"",""urls"":[""https://www.openstreetmap.org/node/12870742282""],""checked_at"":""2026-09-28"",""revision"":""korean_display_names_20260928"",""original_name"":""CAFETERIA AGORA"",""note"":""검토 편의를 위한 원문 기반 한국어 번역·음역. 공식 한국어 명칭 또는 지점 검증 완료를 의미하지 않음. 원문 name을 검색 시 함께 사용.""},""bag_load"":{""kind"":""team_rule_estimate"",""urls"":[""https://github.com/travel-recommender/gachilo/issues/1""],""checked_at"":""2026-09-29"",""revision"":""team_planning_rules_20260929"",""note"":""기존 get_luggage_score와 동일: 쇼핑 2, 지정 시장·상점가·아메리카무라·신세카이 1, 나머지 0. kg가 아닌 상대 점수.""},""stay_min"":{""kind"":""team_rule_estimate"",""urls"":[""https://github.com/travel-recommender/gachilo/issues/1""],""checked_at"":""2026-09-29"",""revision"":""team_planning_rules_20260929"",""note"":""사용자 제공 체류시간 범위 60~90분, 식당. 일정 여유를 위해 상한 적용. 실제 관람 소요시간이 아닌 추정값.""}}"
"osaka_draft_ff20bd4cf6b7","Casablanca Namba Riverside","카사블랑카 난바 리버사이드","식사","大阪市中央区","일본 〒542-0086 Osaka, Chuo Ward, Nishishinsaibashi, 2 Chome−6−7 S-Front 道頓堀 1階","34.6692556","135.4983831","11:00-24:00",,"90","0",,"https://www.instagram.com/casablanca_namba_riverside/",,,"","사용자 제공 체류시간 범위 60~90분, 식당. 일정 여유를 위해 상한 적용. 실제 관람 소요시간이 아닌 추정값.","","https://www.openstreetmap.org/node/13059162987","https://maps.google.com/?cid=4472300049098221213 | https://www.openstreetmap.org/node/13059162987","https://maps.google.com/?cid=4472300049098221213 | https://www.openstreetmap.org/node/13059162987","","https://github.com/travel-recommender/gachilo/issues/1","","","cost | covered | opening_hours_source | verified_at","","소셜 계정 기반 점포. 최신 공식 운영정보 확인 필요. | Google Maps 장소명·주소와 기존 OSM 위치 대조. 지도 지점 좌표 차이 3.4m. 주소만 확인했으며 영업시간 검증 아님.","false","{""name"":{""kind"":""osm"",""url"":""https://www.openstreetmap.org/node/13059162987""},""category"":{""kind"":""osm"",""url"":""https://www.openstreetmap.org/node/13059162987""},""latitude"":{""kind"":""osm"",""url"":""https://www.openstreetmap.org/node/13059162987""},""longitude"":{""kind"":""osm"",""url"":""https://www.openstreetmap.org/node/13059162987""},""opening_hours"":{""kind"":""osm"",""url"":""https://www.openstreetmap.org/node/13059162987""},""website"":{""kind"":""osm"",""url"":""https://www.openstreetmap.org/node/13059162987""},""name_ko"":{""kind"":""editorial_korean_translation"",""urls"":[""https://www.openstreetmap.org/node/13059162987""],""checked_at"":""2026-09-28"",""revision"":""korean_display_names_20260928"",""original_name"":""Casablanca Namba Riverside"",""note"":""검토 편의를 위한 원문 기반 한국어 번역·음역. 공식 한국어 명칭 또는 지점 검증 완료를 의미하지 않음. 원문 name을 검색 시 함께 사용.""},""address"":{""kind"":""google_maps_ui_review"",""urls"":[""https://maps.google.com/?cid=4472300049098221213"",""https://www.openstreetmap.org/node/13059162987""],""checked_at"":""2026-09-28"",""revision"":""map_addresses_20260928"",""note"":""Google Maps 장소명·주소와 기존 OSM 위치 대조. 지도 지점 좌표 차이 3.4m. 주소만 확인했으며 영업시간 검증 아님.""},""area"":{""kind"":""derived_from_map_address"",""urls"":[""https://maps.google.com/?cid=4472300049098221213"",""https://www.openstreetmap.org/node/13059162987""],""checked_at"":""2026-09-28"",""revision"":""map_addresses_20260928"",""note"":""Google Maps 장소명·주소와 기존 OSM 위치 대조. 지도 지점 좌표 차이 3.4m. 주소만 확인했으며 영업시간 검증 아님.""},""bag_load"":{""kind"":""team_rule_estimate"",""urls"":[""https://github.com/travel-recommender/gachilo/issues/1""],""checked_at"":""2026-09-29"",""revision"":""team_planning_rules_20260929"",""note"":""기존 get_luggage_score와 동일: 쇼핑 2, 지정 시장·상점가·아메리카무라·신세카이 1, 나머지 0. kg가 아닌 상대 점수.""},""stay_min"":{""kind"":""team_rule_estimate"",""urls"":[""https://github.com/travel-recommender/gachilo/issues/1""],""checked_at"":""2026-09-29"",""revision"":""team_planning_rules_20260929"",""note"":""사용자 제공 체류시간 범위 60~90분, 식당. 일정 여유를 위해 상한 적용. 실제 관람 소요시간이 아닌 추정값.""}}"
"osaka_draft_5f45ffb4d766","CENTRUM","센트럼","식사","大阪市北区","大阪市北区梅田1-8-8 ヒルトン大阪2F","34.7001335","135.4960128","11:30–14:00, 17:30–21:30(주문 21:00까지); 월·화 휴무(공휴일 제외)",,"90","0",,"https://osaka.hiltonjapan.co.jp/restaurants/centrum","https://osaka.hiltonjapan.co.jp/restaurants/centrum","2026-09-26","","사용자 제공 체류시간 범위 60~90분, 식당. 일정 여유를 위해 상한 적용. 실제 관람 소요시간이 아닌 추정값.","","https://www.openstreetmap.org/node/12989500937","https://osaka.hiltonjapan.co.jp/restaurants/centrum","https://osaka.hiltonjapan.co.jp/restaurants/centrum","","https://github.com/travel-recommender/gachilo/issues/1","","","cost | covered","","","false","{""name"":{""kind"":""osm"",""url"":""https://www.openstreetmap.org/node/12989500937""},""category"":{""kind"":""osm"",""url"":""https://www.openstreetmap.org/node/12989500937""},""latitude"":{""kind"":""osm"",""url"":""https://www.openstreetmap.org/node/12989500937""},""longitude"":{""kind"":""osm"",""url"":""https://www.openstreetmap.org/node/12989500937""},""opening_hours"":{""kind"":""official_web_review"",""urls"":[""https://osaka.hiltonjapan.co.jp/restaurants/centrum""],""checked_at"":""2026-09-26"",""evidence_window"":""2026-09-24/2026-09-26""},""website"":{""kind"":""osm"",""url"":""https://www.openstreetmap.org/node/12989500937""},""address"":{""kind"":""official_web_review"",""urls"":[""https://osaka.hiltonjapan.co.jp/restaurants/centrum""],""checked_at"":""2026-09-26"",""evidence_window"":""2026-09-24/2026-09-26""},""opening_hours_source"":{""kind"":""official_web_review"",""urls"":[""https://osaka.hiltonjapan.co.jp/restaurants/centrum""],""checked_at"":""2026-09-26"",""evidence_window"":""2026-09-24/2026-09-26""},""verified_at"":{""kind"":""review_date_only"",""check_id"":""osaka_draft_5f45ffb4d766_address_hours_20260926"",""note"":""장소 전체 또는 일정 사용 가능 판정이 아님. 검증 범위는 필드 출처 참조.""},""area"":{""kind"":""derived_from_official_address"",""urls"":[""https://osaka.hiltonjapan.co.jp/restaurants/centrum""],""checked_at"":""2026-09-26"",""derived_at"":""2026-09-28"",""note"":""공식 출처 주소의 행정구만 추출. 관광 권역·출입구 좌표 추정 아님.""},""name_ko"":{""kind"":""editorial_korean_translation"",""urls"":[""https://www.openstreetmap.org/node/12989500937""],""checked_at"":""2026-09-28"",""revision"":""korean_display_names_20260928"",""original_name"":""CENTRUM"",""note"":""검토 편의를 위한 원문 기반 한국어 번역·음역. 공식 한국어 명칭 또는 지점 검증 완료를 의미하지 않음. 원문 name을 검색 시 함께 사용.""},""bag_load"":{""kind"":""team_rule_estimate"",""urls"":[""https://github.com/travel-recommender/gachilo/issues/1""],""checked_at"":""2026-09-29"",""revision"":""team_planning_rules_20260929"",""note"":""기존 get_luggage_score와 동일: 쇼핑 2, 지정 시장·상점가·아메리카무라·신세카이 1, 나머지 0. kg가 아닌 상대 점수.""},""stay_min"":{""kind"":""team_rule_estimate"",""urls"":[""https://github.com/travel-recommender/gachilo/issues/1""],""checked_at"":""2026-09-29"",""revision"":""team_planning_rules_20260929"",""note"":""사용자 제공 체류시간 범위 60~90분, 식당. 일정 여유를 위해 상한 적용. 실제 관람 소요시간이 아닌 추정값.""}}"
"osaka_draft_89de388fac63","Différence","디페랑스","식사","大阪市西区","大阪市西区靱本町1-16-12","34.684528","135.4942289","12:00–15:00(주문 13:00까지), 17:30–22:00(주문 19:30까지); 화요일 휴무; 예약 필요","7500","120","0","true","http://difference.upper.jp/","https://difference.upper.jp/jp/","2026-09-28","기준 시나리오: 성인 런치 7500엔 코스(세금·서비스 포함), 공식 소요시간 약 2시간. 12000엔 런치 150분, 디너 18000엔 180분은 별도. 자동 저녁 배치에 이 기준값 재사용 금지.","기준 시나리오: 성인 런치 7500엔 코스(세금·서비스 포함), 공식 소요시간 약 2시간. 12000엔 런치 150분, 디너 18000엔 180분은 별도. 자동 저녁 배치에 이 기준값 재사용 금지.","기준 시나리오: 성인 런치 7500엔 코스(세금·서비스 포함), 공식 소요시간 약 2시간. 12000엔 런치 150분, 디너 18000엔 180분은 별도. 자동 저녁 배치에 이 기준값 재사용 금지.","https://www.openstreetmap.org/node/5633793322","https://difference.upper.jp/jp/","https://difference.upper.jp/jp/","https://difference.upper.jp/jp/","https://difference.upper.jp/jp/","https://difference.upper.jp/jp/","","","reservation_required | meal_scenario_required","공식 상세 메뉴·접근 안내 추가 확인 필요. | 기준 시나리오: 성인 런치 7500엔 코스(세금·서비스 포함), 공식 소요시간 약 2시간. 12000엔 런치 150분, 디너 18000엔 180분은 별도. 자동 저녁 배치에 이 기준값 재사용 금지.","false","{""name"":{""kind"":""osm"",""url"":""https://www.openstreetmap.org/node/5633793322""},""category"":{""kind"":""osm"",""url"":""https://www.openstreetmap.org/node/5633793322""},""latitude"":{""kind"":""osm"",""url"":""https://www.openstreetmap.org/node/5633793322""},""longitude"":{""kind"":""osm"",""url"":""https://www.openstreetmap.org/node/5633793322""},""opening_hours"":{""kind"":""official_web_review"",""urls"":[""https://difference.upper.jp/jp/""],""checked_at"":""2026-09-28"",""note"":""기준 시나리오: 성인 런치 7500엔 코스(세금·서비스 포함), 공식 소요시간 약 2시간. 12000엔 런치 150분, 디너 18000엔 180분은 별도. 자동 저녁 배치에 이 기준값 재사용 금지.""},""website"":{""kind"":""osm"",""url"":""https://www.openstreetmap.org/node/5633793322""},""address"":{""kind"":""official_web_review"",""urls"":[""https://difference.upper.jp/jp/""],""checked_at"":""2026-09-28"",""note"":""기준 시나리오: 성인 런치 7500엔 코스(세금·서비스 포함), 공식 소요시간 약 2시간. 12000엔 런치 150분, 디너 18000엔 180분은 별도. 자동 저녁 배치에 이 기준값 재사용 금지.""},""opening_hours_source"":{""kind"":""official_web_review"",""urls"":[""https://difference.upper.jp/jp/""],""checked_at"":""2026-09-28"",""note"":""기준 시나리오: 성인 런치 7500엔 코스(세금·서비스 포함), 공식 소요시간 약 2시간. 12000엔 런치 150분, 디너 18000엔 180분은 별도. 자동 저녁 배치에 이 기준값 재사용 금지.""},""cost"":{""kind"":""official_web_review"",""urls"":[""https://difference.upper.jp/jp/""],""checked_at"":""2026-09-28"",""note"":""기준 시나리오: 성인 런치 7500엔 코스(세금·서비스 포함), 공식 소요시간 약 2시간. 12000엔 런치 150분, 디너 18000엔 180분은 별도. 자동 저녁 배치에 이 기준값 재사용 금지.""},""stay_min"":{""kind"":""official_web_review"",""urls"":[""https://difference.upper.jp/jp/""],""checked_at"":""2026-09-28"",""note"":""기준 시나리오: 성인 런치 7500엔 코스(세금·서비스 포함), 공식 소요시간 약 2시간. 12000엔 런치 150분, 디너 18000엔 180분은 별도. 자동 저녁 배치에 이 기준값 재사용 금지.""},""covered"":{""kind"":""classification_from_official_description"",""urls"":[""https://difference.upper.jp/jp/""],""checked_at"":""2026-09-28"",""note"":""기준 시나리오: 성인 런치 7500엔 코스(세금·서비스 포함), 공식 소요시간 약 2시간. 12000엔 런치 150분, 디너 18000엔 180분은 별도. 자동 저녁 배치에 이 기준값 재사용 금지.""},""verified_at"":{""kind"":""review_date_only"",""note"":""이번에 확인한 필드만 검증. 전체 필드·영업 상태 검증을 뜻하지 않음."",""check_id"":""official_fields_20260928""},""area"":{""kind"":""derived_from_official_address"",""urls"":[""https://difference.upper.jp/jp/""],""checked_at"":""2026-09-28"",""derived_at"":""2026-09-28"",""note"":""공식 출처 주소의 행정구만 추출. 관광 권역·출입구 좌표 추정 아님.""},""name_ko"":{""kind"":""editorial_korean_translation"",""urls"":[""https://www.openstreetmap.org/node/5633793322""],""checked_at"":""2026-09-28"",""revision"":""korean_display_names_20260928"",""original_name"":""Différence"",""note"":""검토 편의를 위한 원문 기반 한국어 번역·음역. 공식 한국어 명칭 또는 지점 검증 완료를 의미하지 않음. 원문 name을 검색 시 함께 사용.""},""bag_load"":{""kind"":""team_rule_estimate"",""urls"":[""https://github.com/travel-recommender/gachilo/issues/1""],""checked_at"":""2026-09-29"",""revision"":""team_planning_rules_20260929"",""note"":""기존 get_luggage_score와 동일: 쇼핑 2, 지정 시장·상점가·아메리카무라·신세카이 1, 나머지 0. kg가 아닌 상대 점수.""}}"
"osaka_draft_23d3d20ef739","GARB weeks","가브 위크스","식사","大阪市北区","大阪市北区中之島1-1-29 中之島公園内","34.6928002","135.505904","11:30–22:00; 점심 주문 15:00까지, 저녁 17:30–21:30 주문",,"90","0",,"https://www.garbweeks.com/","https://garbweeks.com/","2026-09-26","","사용자 제공 체류시간 범위 60~90분, 식당. 일정 여유를 위해 상한 적용. 실제 관람 소요시간이 아닌 추정값.","","https://www.openstreetmap.org/way/264771519","https://garbweeks.com/","https://garbweeks.com/","","https://github.com/travel-recommender/gachilo/issues/1","","","cost | covered","","","false","{""name"":{""kind"":""osm"",""url"":""https://www.openstreetmap.org/way/264771519""},""category"":{""kind"":""osm"",""url"":""https://www.openstreetmap.org/way/264771519""},""latitude"":{""kind"":""osm"",""url"":""https://www.openstreetmap.org/way/264771519""},""longitude"":{""kind"":""osm"",""url"":""https://www.openstreetmap.org/way/264771519""},""opening_hours"":{""kind"":""official_web_review"",""urls"":[""https://garbweeks.com/""],""checked_at"":""2026-09-26"",""evidence_window"":""2026-09-24/2026-09-26""},""website"":{""kind"":""osm"",""url"":""https://www.openstreetmap.org/way/264771519""},""address"":{""kind"":""official_web_review"",""urls"":[""https://garbweeks.com/""],""checked_at"":""2026-09-26"",""evidence_window"":""2026-09-24/2026-09-26""},""opening_hours_source"":{""kind"":""official_web_review"",""urls"":[""https://garbweeks.com/""],""checked_at"":""2026-09-26"",""evidence_window"":""2026-09-24/2026-09-26""},""verified_at"":{""kind"":""review_date_only"",""check_id"":""osaka_draft_23d3d20ef739_address_hours_20260926"",""note"":""장소 전체 또는 일정 사용 가능 판정이 아님. 검증 범위는 필드 출처 참조.""},""area"":{""kind"":""derived_from_official_address"",""urls"":[""https://garbweeks.com/""],""checked_at"":""2026-09-26"",""derived_at"":""2026-09-28"",""note"":""공식 출처 주소의 행정구만 추출. 관광 권역·출입구 좌표 추정 아님.""},""name_ko"":{""kind"":""editorial_korean_translation"",""urls"":[""https://www.openstreetmap.org/way/264771519""],""checked_at"":""2026-09-28"",""revision"":""korean_display_names_20260928"",""original_name"":""GARB weeks"",""note"":""검토 편의를 위한 원문 기반 한국어 번역·음역. 공식 한국어 명칭 또는 지점 검증 완료를 의미하지 않음. 원문 name을 검색 시 함께 사용.""},""bag_load"":{""kind"":""team_rule_estimate"",""urls"":[""https://github.com/travel-recommender/gachilo/issues/1""],""checked_at"":""2026-09-29"",""revision"":""team_planning_rules_20260929"",""note"":""기존 get_luggage_score와 동일: 쇼핑 2, 지정 시장·상점가·아메리카무라·신세카이 1, 나머지 0. kg가 아닌 상대 점수.""},""stay_min"":{""kind"":""team_rule_estimate"",""urls"":[""https://github.com/travel-recommender/gachilo/issues/1""],""checked_at"":""2026-09-29"",""revision"":""team_planning_rules_20260929"",""note"":""사용자 제공 체류시간 범위 60~90분, 식당. 일정 여유를 위해 상한 적용. 실제 관람 소요시간이 아닌 추정값.""}}"
"osaka_draft_c341bbd2440a","MERCY Vegan Factory","머시 비건 팩토리","식사","大阪市中央区","大阪市中央区瓦屋町2-4-15 1階西側","34.669979","135.5133594","08:00–17:00, 18:00–21:00; 점심 주문 16:00·저녁 20:00까지; 토요일 휴무",,"90","0",,"https://shop.mercy-vegan.jp/","https://shop.mercy-vegan.jp/","2026-09-26","","사용자 제공 체류시간 범위 60~90분, 식당. 일정 여유를 위해 상한 적용. 실제 관람 소요시간이 아닌 추정값.","","https://www.openstreetmap.org/node/10259462714","https://shop.mercy-vegan.jp/","https://shop.mercy-vegan.jp/","","https://github.com/travel-recommender/gachilo/issues/1","","","cost | covered","","","false","{""name"":{""kind"":""osm"",""url"":""https://www.openstreetmap.org/node/10259462714""},""category"":{""kind"":""osm"",""url"":""https://www.openstreetmap.org/node/10259462714""},""latitude"":{""kind"":""osm"",""url"":""https://www.openstreetmap.org/node/10259462714""},""longitude"":{""kind"":""osm"",""url"":""https://www.openstreetmap.org/node/10259462714""},""opening_hours"":{""kind"":""official_web_review"",""urls"":[""https://shop.mercy-vegan.jp/""],""checked_at"":""2026-09-26"",""evidence_window"":""2026-09-24/2026-09-26""},""website"":{""kind"":""osm"",""url"":""https://www.openstreetmap.org/node/10259462714""},""address"":{""kind"":""official_web_review"",""urls"":[""https://shop.mercy-vegan.jp/""],""checked_at"":""2026-09-26"",""evidence_window"":""2026-09-24/2026-09-26""},""opening_hours_source"":{""kind"":""official_web_review"",""urls"":[""https://shop.mercy-vegan.jp/""],""checked_at"":""2026-09-26"",""evidence_window"":""2026-09-24/2026-09-26""},""verified_at"":{""kind"":""review_date_only"",""check_id"":""osaka_draft_c341bbd2440a_address_hours_20260926"",""note"":""장소 전체 또는 일정 사용 가능 판정이 아님. 검증 범위는 필드 출처 참조.""},""area"":{""kind"":""derived_from_official_address"",""urls"":[""https://shop.mercy-vegan.jp/""],""checked_at"":""2026-09-26"",""derived_at"":""2026-09-28"",""note"":""공식 출처 주소의 행정구만 추출. 관광 권역·출입구 좌표 추정 아님.""},""name_ko"":{""kind"":""editorial_korean_translation"",""urls"":[""https://www.openstreetmap.org/node/10259462714""],""checked_at"":""2026-09-28"",""revision"":""korean_display_names_20260928"",""original_name"":""MERCY Vegan Factory"",""note"":""검토 편의를 위한 원문 기반 한국어 번역·음역. 공식 한국어 명칭 또는 지점 검증 완료를 의미하지 않음. 원문 name을 검색 시 함께 사용.""},""bag_load"":{""kind"":""team_rule_estimate"",""urls"":[""https://github.com/travel-recommender/gachilo/issues/1""],""checked_at"":""2026-09-29"",""revision"":""team_planning_rules_20260929"",""note"":""기존 get_luggage_score와 동일: 쇼핑 2, 지정 시장·상점가·아메리카무라·신세카이 1, 나머지 0. kg가 아닌 상대 점수.""},""stay_min"":{""kind"":""team_rule_estimate"",""urls"":[""https://github.com/travel-recommender/gachilo/issues/1""],""checked_at"":""2026-09-29"",""revision"":""team_planning_rules_20260929"",""note"":""사용자 제공 체류시간 범위 60~90분, 식당. 일정 여유를 위해 상한 적용. 실제 관람 소요시간이 아닌 추정값.""}}"
"osaka_draft_a9bc74861e3f","MONTOMWORKS. mt.cafe & Design Dept.","몬톰웍스 엠티 카페 앤 디자인 뎁트","식사","大阪市淀川区","大阪府大阪市淀川区新北野1-11-23 ハイム北野B102","34.7154755","135.4810448","점심 11:00–16:00(주문 15:30까지); 토·일 저녁 18:00–21:00(주문 20:00까지); 수 휴무(공휴일이면 목요일 대체 휴무)",,"90","0",,"https://montomworks.com/","https://montomworks.com/","2026-09-26","","사용자 제공 체류시간 범위 60~90분, 식당. 일정 여유를 위해 상한 적용. 실제 관람 소요시간이 아닌 추정값.","","https://www.openstreetmap.org/node/9720396303","https://montomworks.com/","https://montomworks.com/","","https://github.com/travel-recommender/gachilo/issues/1","","","cost | covered","","","false","{""name"":{""kind"":""osm"",""url"":""https://www.openstreetmap.org/node/9720396303""},""category"":{""kind"":""osm"",""url"":""https://www.openstreetmap.org/node/9720396303""},""latitude"":{""kind"":""osm"",""url"":""https://www.openstreetmap.org/node/9720396303""},""longitude"":{""kind"":""osm"",""url"":""https://www.openstreetmap.org/node/9720396303""},""opening_hours"":{""kind"":""official_web_review"",""urls"":[""https://montomworks.com/""],""checked_at"":""2026-09-26"",""evidence_window"":""2026-09-24/2026-09-26""},""website"":{""kind"":""osm"",""url"":""https://www.openstreetmap.org/node/9720396303""},""address"":{""kind"":""official_web_review"",""urls"":[""https://montomworks.com/""],""checked_at"":""2026-09-26"",""evidence_window"":""2026-09-24/2026-09-26""},""opening_hours_source"":{""kind"":""official_web_review"",""urls"":[""https://montomworks.com/""],""checked_at"":""2026-09-26"",""evidence_window"":""2026-09-24/2026-09-26""},""verified_at"":{""kind"":""review_date_only"",""check_id"":""osaka_draft_a9bc74861e3f_address_hours_20260926"",""note"":""장소 전체 또는 일정 사용 가능 판정이 아님. 검증 범위는 필드 출처 참조.""},""area"":{""kind"":""derived_from_official_address"",""urls"":[""https://montomworks.com/""],""checked_at"":""2026-09-26"",""derived_at"":""2026-09-28"",""note"":""공식 출처 주소의 행정구만 추출. 관광 권역·출입구 좌표 추정 아님.""},""name_ko"":{""kind"":""editorial_korean_translation"",""urls"":[""https://www.openstreetmap.org/node/9720396303""],""checked_at"":""2026-09-28"",""revision"":""korean_display_names_20260928"",""original_name"":""MONTOMWORKS. mt.cafe & Design Dept."",""note"":""검토 편의를 위한 원문 기반 한국어 번역·음역. 공식 한국어 명칭 또는 지점 검증 완료를 의미하지 않음. 원문 name을 검색 시 함께 사용.""},""bag_load"":{""kind"":""team_rule_estimate"",""urls"":[""https://github.com/travel-recommender/gachilo/issues/1""],""checked_at"":""2026-09-29"",""revision"":""team_planning_rules_20260929"",""note"":""기존 get_luggage_score와 동일: 쇼핑 2, 지정 시장·상점가·아메리카무라·신세카이 1, 나머지 0. kg가 아닌 상대 점수.""},""stay_min"":{""kind"":""team_rule_estimate"",""urls"":[""https://github.com/travel-recommender/gachilo/issues/1""],""checked_at"":""2026-09-29"",""revision"":""team_planning_rules_20260929"",""note"":""사용자 제공 체류시간 범위 60~90분, 식당. 일정 여유를 위해 상한 적용. 실제 관람 소요시간이 아닌 추정값.""}}"
"osaka_draft_d580756db04a","natural kitchen めだか2号店","내추럴 키친 메다카 2호점","식사","大阪市北区","大阪市北区兎我野町3-20 雁木ビル1F","34.7010283","135.505641","평일 11:00–20:30; 토·일·공휴일 11:00–20:00",,"90","0",,"https://shin-medaka.com/","https://shin-medaka.com/","2026-09-26","","사용자 제공 체류시간 범위 60~90분, 식당. 일정 여유를 위해 상한 적용. 실제 관람 소요시간이 아닌 추정값.","","https://www.openstreetmap.org/node/5864532121","https://shin-medaka.com/","https://shin-medaka.com/","","https://github.com/travel-recommender/gachilo/issues/1","","","cost | covered","","","false","{""name"":{""kind"":""osm"",""url"":""https://www.openstreetmap.org/node/5864532121""},""category"":{""kind"":""osm"",""url"":""https://www.openstreetmap.org/node/5864532121""},""latitude"":{""kind"":""osm"",""url"":""https://www.openstreetmap.org/node/5864532121""},""longitude"":{""kind"":""osm"",""url"":""https://www.openstreetmap.org/node/5864532121""},""opening_hours"":{""kind"":""official_web_review"",""urls"":[""https://shin-medaka.com/""],""checked_at"":""2026-09-26"",""evidence_window"":""2026-09-24/2026-09-26""},""website"":{""kind"":""osm"",""url"":""https://www.openstreetmap.org/node/5864532121""},""address"":{""kind"":""official_web_review"",""urls"":[""https://shin-medaka.com/""],""checked_at"":""2026-09-26"",""evidence_window"":""2026-09-24/2026-09-26""},""opening_hours_source"":{""kind"":""official_web_review"",""urls"":[""https://shin-medaka.com/""],""checked_at"":""2026-09-26"",""evidence_window"":""2026-09-24/2026-09-26""},""verified_at"":{""kind"":""review_date_only"",""check_id"":""osaka_draft_d580756db04a_address_hours_20260926"",""note"":""장소 전체 또는 일정 사용 가능 판정이 아님. 검증 범위는 필드 출처 참조.""},""area"":{""kind"":""derived_from_official_address"",""urls"":[""https://shin-medaka.com/""],""checked_at"":""2026-09-26"",""derived_at"":""2026-09-28"",""note"":""공식 출처 주소의 행정구만 추출. 관광 권역·출입구 좌표 추정 아님.""},""name_ko"":{""kind"":""editorial_korean_translation"",""urls"":[""https://www.openstreetmap.org/node/5864532121""],""checked_at"":""2026-09-28"",""revision"":""korean_display_names_20260928"",""original_name"":""natural kitchen めだか2号店"",""note"":""검토 편의를 위한 원문 기반 한국어 번역·음역. 공식 한국어 명칭 또는 지점 검증 완료를 의미하지 않음. 원문 name을 검색 시 함께 사용.""},""bag_load"":{""kind"":""team_rule_estimate"",""urls"":[""https://github.com/travel-recommender/gachilo/issues/1""],""checked_at"":""2026-09-29"",""revision"":""team_planning_rules_20260929"",""note"":""기존 get_luggage_score와 동일: 쇼핑 2, 지정 시장·상점가·아메리카무라·신세카이 1, 나머지 0. kg가 아닌 상대 점수.""},""stay_min"":{""kind"":""team_rule_estimate"",""urls"":[""https://github.com/travel-recommender/gachilo/issues/1""],""checked_at"":""2026-09-29"",""revision"":""team_planning_rules_20260929"",""note"":""사용자 제공 체류시간 범위 60~90분, 식당. 일정 여유를 위해 상한 적용. 실제 관람 소요시간이 아닌 추정값.""}}"
"osaka_draft_f8831852f028","PAPALINA","파팔리나","식사","大阪市東淀川区","大阪市東淀川区淡路4-32-16 レジデンスyamaki1F","34.7406154","135.5158676","11:30–21:30(주문 21:00까지); 화요일 휴무",,"90","0",,"http://papalina68.web.fc2.com/","http://papalina68.web.fc2.com/access.html","2026-09-26","","사용자 제공 체류시간 범위 60~90분, 식당. 일정 여유를 위해 상한 적용. 실제 관람 소요시간이 아닌 추정값.","","https://www.openstreetmap.org/node/7425697907","http://papalina68.web.fc2.com/access.html","http://papalina68.web.fc2.com/access.html","","https://github.com/travel-recommender/gachilo/issues/1","","","cost | covered","","","false","{""name"":{""kind"":""osm"",""url"":""https://www.openstreetmap.org/node/7425697907""},""category"":{""kind"":""osm"",""url"":""https://www.openstreetmap.org/node/7425697907""},""latitude"":{""kind"":""osm"",""url"":""https://www.openstreetmap.org/node/7425697907""},""longitude"":{""kind"":""osm"",""url"":""https://www.openstreetmap.org/node/7425697907""},""opening_hours"":{""kind"":""official_web_review"",""urls"":[""http://papalina68.web.fc2.com/access.html""],""checked_at"":""2026-09-26"",""evidence_window"":""2026-09-24/2026-09-26""},""website"":{""kind"":""osm"",""url"":""https://www.openstreetmap.org/node/7425697907""},""address"":{""kind"":""official_web_review"",""urls"":[""http://papalina68.web.fc2.com/access.html""],""checked_at"":""2026-09-26"",""evidence_window"":""2026-09-24/2026-09-26""},""opening_hours_source"":{""kind"":""official_web_review"",""urls"":[""http://papalina68.web.fc2.com/access.html""],""checked_at"":""2026-09-26"",""evidence_window"":""2026-09-24/2026-09-26""},""verified_at"":{""kind"":""review_date_only"",""check_id"":""osaka_draft_f8831852f028_address_hours_20260926"",""note"":""장소 전체 또는 일정 사용 가능 판정이 아님. 검증 범위는 필드 출처 참조.""},""area"":{""kind"":""derived_from_official_address"",""urls"":[""http://papalina68.web.fc2.com/access.html""],""checked_at"":""2026-09-26"",""derived_at"":""2026-09-28"",""note"":""공식 출처 주소의 행정구만 추출. 관광 권역·출입구 좌표 추정 아님.""},""name_ko"":{""kind"":""editorial_korean_translation"",""urls"":[""https://www.openstreetmap.org/node/7425697907""],""checked_at"":""2026-09-28"",""revision"":""korean_display_names_20260928"",""original_name"":""PAPALINA"",""note"":""검토 편의를 위한 원문 기반 한국어 번역·음역. 공식 한국어 명칭 또는 지점 검증 완료를 의미하지 않음. 원문 name을 검색 시 함께 사용.""},""bag_load"":{""kind"":""team_rule_estimate"",""urls"":[""https://github.com/travel-recommender/gachilo/issues/1""],""checked_at"":""2026-09-29"",""revision"":""team_planning_rules_20260929"",""note"":""기존 get_luggage_score와 동일: 쇼핑 2, 지정 시장·상점가·아메리카무라·신세카이 1, 나머지 0. kg가 아닌 상대 점수.""},""stay_min"":{""kind"":""team_rule_estimate"",""urls"":[""https://github.com/travel-recommender/gachilo/issues/1""],""checked_at"":""2026-09-29"",""revision"":""team_planning_rules_20260929"",""note"":""사용자 제공 체류시간 범위 60~90분, 식당. 일정 여유를 위해 상한 적용. 실제 관람 소요시간이 아닌 추정값.""}}"
"osaka_draft_98a4211ed755","きりん寺 大阪総本店","기린지 오사카 총본점","식사","大阪市浪速区","大阪市浪速区日本橋5-11-12","34.6572929","135.5055213","11:00–16:30, 18:00–22:00; 연중무휴",,"90","0",,"https://suzume-group.co.jp/kirinji/","https://suzume-group.co.jp/kirinji/","2026-09-28","","사용자 제공 체류시간 범위 60~90분, 식당. 일정 여유를 위해 상한 적용. 실제 관람 소요시간이 아닌 추정값.","","https://www.openstreetmap.org/node/6349557186","https://suzume-group.co.jp/kirinji/","https://suzume-group.co.jp/kirinji/","","https://github.com/travel-recommender/gachilo/issues/1","","https://suzume-group.co.jp/kirinji/","cost | covered","branch_unconfirmed","브랜드 전환·지점 혼동 가능. 회사 주소를 점포 주소로 사용하지 않음. | 오사카 총본점 주소·전화가 기존 OSM 지점 정보와 일치. OSM의 11:30 개점 대신 공식 11:00 적용. 기존 지점 주의 표시는 검토 이력으로 유지.","false","{""name"":{""kind"":""osm"",""url"":""https://www.openstreetmap.org/node/6349557186""},""category"":{""kind"":""osm"",""url"":""https://www.openstreetmap.org/node/6349557186""},""latitude"":{""kind"":""osm"",""url"":""https://www.openstreetmap.org/node/6349557186""},""longitude"":{""kind"":""osm"",""url"":""https://www.openstreetmap.org/node/6349557186""},""opening_hours"":{""kind"":""official_web_review"",""urls"":[""https://suzume-group.co.jp/kirinji/""],""checked_at"":""2026-09-28"",""note"":""오사카 총본점 주소·전화가 기존 OSM 지점 정보와 일치. OSM의 11:30 개점 대신 공식 11:00 적용. 기존 지점 주의 표시는 검토 이력으로 유지."",""revision"":""official_fields_20260928_v2""},""website"":{""kind"":""official_web_review"",""urls"":[""https://suzume-group.co.jp/kirinji/""],""checked_at"":""2026-09-28"",""note"":""오사카 총본점 주소·전화가 기존 OSM 지점 정보와 일치. OSM의 11:30 개점 대신 공식 11:00 적용. 기존 지점 주의 표시는 검토 이력으로 유지."",""revision"":""official_fields_20260928_v2""},""address"":{""kind"":""official_web_review"",""urls"":[""https://suzume-group.co.jp/kirinji/""],""checked_at"":""2026-09-28"",""note"":""오사카 총본점 주소·전화가 기존 OSM 지점 정보와 일치. OSM의 11:30 개점 대신 공식 11:00 적용. 기존 지점 주의 표시는 검토 이력으로 유지."",""revision"":""official_fields_20260928_v2""},""opening_hours_source"":{""kind"":""official_web_review"",""urls"":[""https://suzume-group.co.jp/kirinji/""],""checked_at"":""2026-09-28"",""note"":""오사카 총본점 주소·전화가 기존 OSM 지점 정보와 일치. OSM의 11:30 개점 대신 공식 11:00 적용. 기존 지점 주의 표시는 검토 이력으로 유지."",""revision"":""official_fields_20260928_v2""},""verified_at"":{""kind"":""review_date_only"",""urls"":[""https://suzume-group.co.jp/kirinji/""],""checked_at"":""2026-09-28"",""note"":""오사카 총본점 주소·전화가 기존 OSM 지점 정보와 일치. OSM의 11:30 개점 대신 공식 11:00 적용. 기존 지점 주의 표시는 검토 이력으로 유지."",""revision"":""official_fields_20260928_v2""},""area"":{""kind"":""derived_from_official_address"",""urls"":[""https://suzume-group.co.jp/kirinji/""],""checked_at"":""2026-09-28"",""derived_at"":""2026-09-28"",""revision"":""official_fields_20260928_v2"",""note"":""공식 주소에서 행정구 추출. 관광 권역 아님.""},""name_ko"":{""kind"":""editorial_korean_translation"",""urls"":[""https://www.openstreetmap.org/node/6349557186""],""checked_at"":""2026-09-28"",""revision"":""korean_display_names_20260928"",""original_name"":""きりん寺 大阪総本店"",""note"":""검토 편의를 위한 원문 기반 한국어 번역·음역. 공식 한국어 명칭 또는 지점 검증 완료를 의미하지 않음. 원문 name을 검색 시 함께 사용.""},""bag_load"":{""kind"":""team_rule_estimate"",""urls"":[""https://github.com/travel-recommender/gachilo/issues/1""],""checked_at"":""2026-09-29"",""revision"":""team_planning_rules_20260929"",""note"":""기존 get_luggage_score와 동일: 쇼핑 2, 지정 시장·상점가·아메리카무라·신세카이 1, 나머지 0. kg가 아닌 상대 점수.""},""stay_min"":{""kind"":""team_rule_estimate"",""urls"":[""https://github.com/travel-recommender/gachilo/issues/1""],""checked_at"":""2026-09-29"",""revision"":""team_planning_rules_20260929"",""note"":""사용자 제공 체류시간 범위 60~90분, 식당. 일정 여유를 위해 상한 적용. 실제 관람 소요시간이 아닌 추정값.""}}"
"osaka_draft_7d6ecfb032b6","もりもり寿し","모리모리 스시","식사","大阪市西区","大阪市西区千代崎3-13-1 イオンモール大阪ドームシティ4F","34.6699382","135.4779563","11:00–21:00; 최종 입점 20:00, 주문 20:30까지",,"90","0","true","https://www.aeon.jp/sc/osakadomecity/shop/store/food-185.html","https://www.aeon.jp/sc/osakadomecity/shop/store/food-185.html","2026-09-28","","사용자 제공 체류시간 범위 60~90분, 식당. 일정 여유를 위해 상한 적용. 실제 관람 소요시간이 아닌 추정값.","기존 OSM 영문 지점명과 번지가 도쿄돔이 아닌 오사카돔점과 일치. 쇼핑몰 공식 주소와 4층 매장 위치 결합. 실내 식당 기준.","https://www.openstreetmap.org/node/12403674701","https://www.aeon.jp/sc/osakadomecity/shop/store/food-185.html | https://www.aeon.jp/sc/osakadomecity/access/","https://www.aeon.jp/sc/osakadomecity/shop/store/food-185.html | https://www.aeon.jp/sc/osakadomecity/access/","","https://github.com/travel-recommender/gachilo/issues/1","https://www.aeon.jp/sc/osakadomecity/shop/store/food-185.html | https://www.aeon.jp/sc/osakadomecity/access/","https://www.aeon.jp/sc/osakadomecity/shop/store/food-185.html | https://www.aeon.jp/sc/osakadomecity/access/","cost","","이온몰 입점 지점의 공식 안내 확인 필요. | 기존 OSM 영문 지점명과 번지가 도쿄돔이 아닌 오사카돔점과 일치. 쇼핑몰 공식 주소와 4층 매장 위치 결합. 실내 식당 기준.","false","{""name"":{""kind"":""osm"",""url"":""https://www.openstreetmap.org/node/12403674701""},""category"":{""kind"":""osm"",""url"":""https://www.openstreetmap.org/node/12403674701""},""latitude"":{""kind"":""osm"",""url"":""https://www.openstreetmap.org/node/12403674701""},""longitude"":{""kind"":""osm"",""url"":""https://www.openstreetmap.org/node/12403674701""},""opening_hours"":{""kind"":""official_web_review"",""urls"":[""https://www.aeon.jp/sc/osakadomecity/shop/store/food-185.html"",""https://www.aeon.jp/sc/osakadomecity/access/""],""checked_at"":""2026-09-28"",""note"":""기존 OSM 영문 지점명과 번지가 도쿄돔이 아닌 오사카돔점과 일치. 쇼핑몰 공식 주소와 4층 매장 위치 결합. 실내 식당 기준."",""revision"":""official_fields_20260928_v2""},""website"":{""kind"":""official_web_review"",""urls"":[""https://www.aeon.jp/sc/osakadomecity/shop/store/food-185.html"",""https://www.aeon.jp/sc/osakadomecity/access/""],""checked_at"":""2026-09-28"",""note"":""기존 OSM 영문 지점명과 번지가 도쿄돔이 아닌 오사카돔점과 일치. 쇼핑몰 공식 주소와 4층 매장 위치 결합. 실내 식당 기준."",""revision"":""official_fields_20260928_v2""},""address"":{""kind"":""official_web_review"",""urls"":[""https://www.aeon.jp/sc/osakadomecity/shop/store/food-185.html"",""https://www.aeon.jp/sc/osakadomecity/access/""],""checked_at"":""2026-09-28"",""note"":""기존 OSM 영문 지점명과 번지가 도쿄돔이 아닌 오사카돔점과 일치. 쇼핑몰 공식 주소와 4층 매장 위치 결합. 실내 식당 기준."",""revision"":""official_fields_20260928_v2""},""covered"":{""kind"":""classification_from_official_description"",""urls"":[""https://www.aeon.jp/sc/osakadomecity/shop/store/food-185.html"",""https://www.aeon.jp/sc/osakadomecity/access/""],""checked_at"":""2026-09-28"",""note"":""기존 OSM 영문 지점명과 번지가 도쿄돔이 아닌 오사카돔점과 일치. 쇼핑몰 공식 주소와 4층 매장 위치 결합. 실내 식당 기준."",""revision"":""official_fields_20260928_v2""},""opening_hours_source"":{""kind"":""official_web_review"",""urls"":[""https://www.aeon.jp/sc/osakadomecity/shop/store/food-185.html"",""https://www.aeon.jp/sc/osakadomecity/access/""],""checked_at"":""2026-09-28"",""note"":""기존 OSM 영문 지점명과 번지가 도쿄돔이 아닌 오사카돔점과 일치. 쇼핑몰 공식 주소와 4층 매장 위치 결합. 실내 식당 기준."",""revision"":""official_fields_20260928_v2""},""verified_at"":{""kind"":""review_date_only"",""urls"":[""https://www.aeon.jp/sc/osakadomecity/shop/store/food-185.html"",""https://www.aeon.jp/sc/osakadomecity/access/""],""checked_at"":""2026-09-28"",""note"":""기존 OSM 영문 지점명과 번지가 도쿄돔이 아닌 오사카돔점과 일치. 쇼핑몰 공식 주소와 4층 매장 위치 결합. 실내 식당 기준."",""revision"":""official_fields_20260928_v2""},""area"":{""kind"":""derived_from_official_address"",""urls"":[""https://www.aeon.jp/sc/osakadomecity/shop/store/food-185.html"",""https://www.aeon.jp/sc/osakadomecity/access/""],""checked_at"":""2026-09-28"",""derived_at"":""2026-09-28"",""revision"":""official_fields_20260928_v2"",""note"":""공식 주소에서 행정구 추출. 관광 권역 아님.""},""name_ko"":{""kind"":""editorial_korean_translation"",""urls"":[""https://www.openstreetmap.org/node/12403674701""],""checked_at"":""2026-09-28"",""revision"":""korean_display_names_20260928"",""original_name"":""もりもり寿し"",""note"":""검토 편의를 위한 원문 기반 한국어 번역·음역. 공식 한국어 명칭 또는 지점 검증 완료를 의미하지 않음. 원문 name을 검색 시 함께 사용.""},""bag_load"":{""kind"":""team_rule_estimate"",""urls"":[""https://github.com/travel-recommender/gachilo/issues/1""],""checked_at"":""2026-09-29"",""revision"":""team_planning_rules_20260929"",""note"":""기존 get_luggage_score와 동일: 쇼핑 2, 지정 시장·상점가·아메리카무라·신세카이 1, 나머지 0. kg가 아닌 상대 점수.""},""stay_min"":{""kind"":""team_rule_estimate"",""urls"":[""https://github.com/travel-recommender/gachilo/issues/1""],""checked_at"":""2026-09-29"",""revision"":""team_planning_rules_20260929"",""note"":""사용자 제공 체류시간 범위 60~90분, 식당. 일정 여유를 위해 상한 적용. 실제 관람 소요시간이 아닌 추정값.""}}"
"osaka_draft_d0e6cdcb566f","アルバール","알바르","식사","大阪市東淀川区","大阪府大阪市東淀川区淡路4-11-15 2F","34.7399063","135.5165624","평일·공휴일 전날 11:30–16:00(주문 15:30까지), 17:00–22:30(주문 22:00까지); 토·일·공휴일 11:30–22:30(주문 22:00까지); 정기휴무 없음",,"90","0","true","https://albar-awaji.owst.jp/","https://albar-awaji.owst.jp/","2026-09-28","","사용자 제공 체류시간 범위 60~90분, 식당. 일정 여유를 위해 상한 적용. 실제 관람 소요시간이 아닌 추정값.","ALBAR 아와지점 공식 운영 페이지. 실내 좌석·테라스 없음 확인. 가격 범위는 단일 cost로 환산하지 않음.","https://www.openstreetmap.org/node/3074543734","https://albar-awaji.owst.jp/","https://albar-awaji.owst.jp/","","https://github.com/travel-recommender/gachilo/issues/1","https://albar-awaji.owst.jp/","https://albar-awaji.owst.jp/","cost","","공식 사이트 취득 실패. 제3자 정보만으로 확정하지 않음. | ALBAR 아와지점 공식 운영 페이지. 실내 좌석·테라스 없음 확인. 가격 범위는 단일 cost로 환산하지 않음.","false","{""name"":{""kind"":""osm"",""url"":""https://www.openstreetmap.org/node/3074543734""},""category"":{""kind"":""osm"",""url"":""https://www.openstreetmap.org/node/3074543734""},""latitude"":{""kind"":""osm"",""url"":""https://www.openstreetmap.org/node/3074543734""},""longitude"":{""kind"":""osm"",""url"":""https://www.openstreetmap.org/node/3074543734""},""opening_hours"":{""kind"":""official_web_review"",""urls"":[""https://albar-awaji.owst.jp/""],""checked_at"":""2026-09-28"",""note"":""ALBAR 아와지점 공식 운영 페이지. 실내 좌석·테라스 없음 확인. 가격 범위는 단일 cost로 환산하지 않음."",""revision"":""official_fields_20260928_v2""},""website"":{""kind"":""official_web_review"",""urls"":[""https://albar-awaji.owst.jp/""],""checked_at"":""2026-09-28"",""note"":""ALBAR 아와지점 공식 운영 페이지. 실내 좌석·테라스 없음 확인. 가격 범위는 단일 cost로 환산하지 않음."",""revision"":""official_fields_20260928_v2""},""address"":{""kind"":""official_web_review"",""urls"":[""https://albar-awaji.owst.jp/""],""checked_at"":""2026-09-28"",""note"":""ALBAR 아와지점 공식 운영 페이지. 실내 좌석·테라스 없음 확인. 가격 범위는 단일 cost로 환산하지 않음."",""revision"":""official_fields_20260928_v2""},""covered"":{""kind"":""classification_from_official_description"",""urls"":[""https://albar-awaji.owst.jp/""],""checked_at"":""2026-09-28"",""note"":""ALBAR 아와지점 공식 운영 페이지. 실내 좌석·테라스 없음 확인. 가격 범위는 단일 cost로 환산하지 않음."",""revision"":""official_fields_20260928_v2""},""opening_hours_source"":{""kind"":""official_web_review"",""urls"":[""https://albar-awaji.owst.jp/""],""checked_at"":""2026-09-28"",""note"":""ALBAR 아와지점 공식 운영 페이지. 실내 좌석·테라스 없음 확인. 가격 범위는 단일 cost로 환산하지 않음."",""revision"":""official_fields_20260928_v2""},""verified_at"":{""kind"":""review_date_only"",""urls"":[""https://albar-awaji.owst.jp/""],""checked_at"":""2026-09-28"",""note"":""ALBAR 아와지점 공식 운영 페이지. 실내 좌석·테라스 없음 확인. 가격 범위는 단일 cost로 환산하지 않음."",""revision"":""official_fields_20260928_v2""},""area"":{""kind"":""derived_from_official_address"",""urls"":[""https://albar-awaji.owst.jp/""],""checked_at"":""2026-09-28"",""derived_at"":""2026-09-28"",""revision"":""official_fields_20260928_v2"",""note"":""공식 주소에서 행정구 추출. 관광 권역 아님.""},""name_ko"":{""kind"":""editorial_korean_translation"",""urls"":[""https://www.openstreetmap.org/node/3074543734""],""checked_at"":""2026-09-28"",""revision"":""korean_display_names_20260928"",""original_name"":""アルバール"",""note"":""검토 편의를 위한 원문 기반 한국어 번역·음역. 공식 한국어 명칭 또는 지점 검증 완료를 의미하지 않음. 원문 name을 검색 시 함께 사용.""},""bag_load"":{""kind"":""team_rule_estimate"",""urls"":[""https://github.com/travel-recommender/gachilo/issues/1""],""checked_at"":""2026-09-29"",""revision"":""team_planning_rules_20260929"",""note"":""기존 get_luggage_score와 동일: 쇼핑 2, 지정 시장·상점가·아메리카무라·신세카이 1, 나머지 0. kg가 아닌 상대 점수.""},""stay_min"":{""kind"":""team_rule_estimate"",""urls"":[""https://github.com/travel-recommender/gachilo/issues/1""],""checked_at"":""2026-09-29"",""revision"":""team_planning_rules_20260929"",""note"":""사용자 제공 체류시간 범위 60~90분, 식당. 일정 여유를 위해 상한 적용. 실제 관람 소요시간이 아닌 추정값.""}}"
"osaka_draft_3b1acd991668","カドヤ食堂","가도야 식당","식사","大阪市西区","4 Chome-16-13 Shinmachi, Nishi Ward, Osaka, 550-0013 일본","34.6761315","135.4837548","11:00+",,"90","0",,"https://ramenadventures.com/listing/kadoya-shokudo/",,,"","사용자 제공 체류시간 범위 60~90분, 식당. 일정 여유를 위해 상한 적용. 실제 관람 소요시간이 아닌 추정값.","","https://www.openstreetmap.org/node/3923003857","https://maps.google.com/?cid=4715903537433432411 | https://www.openstreetmap.org/node/3923003857","https://maps.google.com/?cid=4715903537433432411 | https://www.openstreetmap.org/node/3923003857","","https://github.com/travel-recommender/gachilo/issues/1","","","cost | covered | opening_hours_source | verified_at","","등록 링크는 음식 블로그. 공식 검증으로 간주하지 않음. | Google Maps 장소명·주소와 기존 OSM 위치 대조. 지도 지점 좌표 차이 8.9m. 주소만 확인했으며 영업시간 검증 아님.","false","{""name"":{""kind"":""osm"",""url"":""https://www.openstreetmap.org/node/3923003857""},""category"":{""kind"":""osm"",""url"":""https://www.openstreetmap.org/node/3923003857""},""latitude"":{""kind"":""osm"",""url"":""https://www.openstreetmap.org/node/3923003857""},""longitude"":{""kind"":""osm"",""url"":""https://www.openstreetmap.org/node/3923003857""},""opening_hours"":{""kind"":""osm"",""url"":""https://www.openstreetmap.org/node/3923003857""},""website"":{""kind"":""osm"",""url"":""https://www.openstreetmap.org/node/3923003857""},""name_ko"":{""kind"":""editorial_korean_translation"",""urls"":[""https://www.openstreetmap.org/node/3923003857""],""checked_at"":""2026-09-28"",""revision"":""korean_display_names_20260928"",""original_name"":""カドヤ食堂"",""note"":""검토 편의를 위한 원문 기반 한국어 번역·음역. 공식 한국어 명칭 또는 지점 검증 완료를 의미하지 않음. 원문 name을 검색 시 함께 사용.""},""address"":{""kind"":""google_maps_ui_review"",""urls"":[""https://maps.google.com/?cid=4715903537433432411"",""https://www.openstreetmap.org/node/3923003857""],""checked_at"":""2026-09-28"",""revision"":""map_addresses_20260928"",""note"":""Google Maps 장소명·주소와 기존 OSM 위치 대조. 지도 지점 좌표 차이 8.9m. 주소만 확인했으며 영업시간 검증 아님.""},""area"":{""kind"":""derived_from_map_address"",""urls"":[""https://maps.google.com/?cid=4715903537433432411"",""https://www.openstreetmap.org/node/3923003857""],""checked_at"":""2026-09-28"",""revision"":""map_addresses_20260928"",""note"":""Google Maps 장소명·주소와 기존 OSM 위치 대조. 지도 지점 좌표 차이 8.9m. 주소만 확인했으며 영업시간 검증 아님.""},""bag_load"":{""kind"":""team_rule_estimate"",""urls"":[""https://github.com/travel-recommender/gachilo/issues/1""],""checked_at"":""2026-09-29"",""revision"":""team_planning_rules_20260929"",""note"":""기존 get_luggage_score와 동일: 쇼핑 2, 지정 시장·상점가·아메리카무라·신세카이 1, 나머지 0. kg가 아닌 상대 점수.""},""stay_min"":{""kind"":""team_rule_estimate"",""urls"":[""https://github.com/travel-recommender/gachilo/issues/1""],""checked_at"":""2026-09-29"",""revision"":""team_planning_rules_20260929"",""note"":""사용자 제공 체류시간 범위 60~90분, 식당. 일정 여유를 위해 상한 적용. 실제 관람 소요시간이 아닌 추정값.""}}"
"osaka_draft_2eb759c40909","サイゼリヤ","사이제리야","식사","大阪市淀川区","大阪府大阪市淀川区西宮原2-7-8 ヴィラフェニックス1F","34.7340159","135.4913311","10:00–다음날 01:00",,"90","0",,"https://shop.saizeriya.co.jp/sz_restaurant/spot/detail?code=1031","https://shop.saizeriya.co.jp/sz_restaurant/spot/detail?code=1031","2026-09-28","","사용자 제공 체류시간 범위 60~90분, 식당. 일정 여유를 위해 상한 적용. 실제 관람 소요시간이 아닌 추정값.","","https://www.openstreetmap.org/node/1807434526","https://shop.saizeriya.co.jp/sz_restaurant/spot/detail?code=1031","https://shop.saizeriya.co.jp/sz_restaurant/spot/detail?code=1031","","https://github.com/travel-recommender/gachilo/issues/1","","https://shop.saizeriya.co.jp/sz_restaurant/spot/detail?code=1031","cost | covered","","사이제리야 기존 지점 링크 취득 실패. 지점 ID 대조 필요. | 공식 점포 코드 1031, 신오사카역 니시미야하라점. 기존 주소 구성요소·전화와 대조. 기존 11:00–02:00를 공식 시간으로 정정.","false","{""name"":{""kind"":""osm"",""url"":""https://www.openstreetmap.org/node/1807434526""},""category"":{""kind"":""osm"",""url"":""https://www.openstreetmap.org/node/1807434526""},""latitude"":{""kind"":""osm"",""url"":""https://www.openstreetmap.org/node/1807434526""},""longitude"":{""kind"":""osm"",""url"":""https://www.openstreetmap.org/node/1807434526""},""opening_hours"":{""kind"":""official_web_review"",""urls"":[""https://shop.saizeriya.co.jp/sz_restaurant/spot/detail?code=1031""],""checked_at"":""2026-09-28"",""note"":""공식 점포 코드 1031, 신오사카역 니시미야하라점. 기존 주소 구성요소·전화와 대조. 기존 11:00–02:00를 공식 시간으로 정정."",""revision"":""official_fields_20260928_v2""},""website"":{""kind"":""official_web_review"",""urls"":[""https://shop.saizeriya.co.jp/sz_restaurant/spot/detail?code=1031""],""checked_at"":""2026-09-28"",""note"":""공식 점포 코드 1031, 신오사카역 니시미야하라점. 기존 주소 구성요소·전화와 대조. 기존 11:00–02:00를 공식 시간으로 정정."",""revision"":""official_fields_20260928_v2""},""address"":{""kind"":""official_web_review"",""urls"":[""https://shop.saizeriya.co.jp/sz_restaurant/spot/detail?code=1031""],""checked_at"":""2026-09-28"",""note"":""공식 점포 코드 1031, 신오사카역 니시미야하라점. 기존 주소 구성요소·전화와 대조. 기존 11:00–02:00를 공식 시간으로 정정."",""revision"":""official_fields_20260928_v2""},""opening_hours_source"":{""kind"":""official_web_review"",""urls"":[""https://shop.saizeriya.co.jp/sz_restaurant/spot/detail?code=1031""],""checked_at"":""2026-09-28"",""note"":""공식 점포 코드 1031, 신오사카역 니시미야하라점. 기존 주소 구성요소·전화와 대조. 기존 11:00–02:00를 공식 시간으로 정정."",""revision"":""official_fields_20260928_v2""},""verified_at"":{""kind"":""review_date_only"",""urls"":[""https://shop.saizeriya.co.jp/sz_restaurant/spot/detail?code=1031""],""checked_at"":""2026-09-28"",""note"":""공식 점포 코드 1031, 신오사카역 니시미야하라점. 기존 주소 구성요소·전화와 대조. 기존 11:00–02:00를 공식 시간으로 정정."",""revision"":""official_fields_20260928_v2""},""area"":{""kind"":""derived_from_official_address"",""urls"":[""https://shop.saizeriya.co.jp/sz_restaurant/spot/detail?code=1031""],""checked_at"":""2026-09-28"",""derived_at"":""2026-09-28"",""revision"":""official_fields_20260928_v2"",""note"":""공식 주소에서 행정구 추출. 관광 권역 아님.""},""name_ko"":{""kind"":""editorial_korean_translation"",""urls"":[""https://www.openstreetmap.org/node/1807434526""],""checked_at"":""2026-09-28"",""revision"":""korean_display_names_20260928"",""original_name"":""サイゼリヤ"",""note"":""검토 편의를 위한 원문 기반 한국어 번역·음역. 공식 한국어 명칭 또는 지점 검증 완료를 의미하지 않음. 원문 name을 검색 시 함께 사용.""},""bag_load"":{""kind"":""team_rule_estimate"",""urls"":[""https://github.com/travel-recommender/gachilo/issues/1""],""checked_at"":""2026-09-29"",""revision"":""team_planning_rules_20260929"",""note"":""기존 get_luggage_score와 동일: 쇼핑 2, 지정 시장·상점가·아메리카무라·신세카이 1, 나머지 0. kg가 아닌 상대 점수.""},""stay_min"":{""kind"":""team_rule_estimate"",""urls"":[""https://github.com/travel-recommender/gachilo/issues/1""],""checked_at"":""2026-09-29"",""revision"":""team_planning_rules_20260929"",""note"":""사용자 제공 체류시간 범위 60~90분, 식당. 일정 여유를 위해 상한 적용. 실제 관람 소요시간이 아닌 추정값.""}}"
"osaka_draft_1875c31c058c","レコッコレ","레 코콜레","식사","大阪市中央区","大阪市中央区北久宝寺町3丁目4-1 豆庭ビル","34.6803042","135.5022732","We-Sa 11:30-22:00; Su-Mo 11:30-18:00",,"90","0",,"https://le-coccole.jp/",,,"","사용자 제공 체류시간 범위 60~90분, 식당. 일정 여유를 위해 상한 적용. 실제 관람 소요시간이 아닌 추정값.","","https://www.openstreetmap.org/node/2833959182","https://maps.google.com/?cid=890042322343609855 | https://www.openstreetmap.org/node/2833959182","https://maps.google.com/?cid=890042322343609855 | https://www.openstreetmap.org/node/2833959182","","https://github.com/travel-recommender/gachilo/issues/1","","","cost | covered | opening_hours_source | verified_at","address_location_conflict","공식 사이트 취득 실패. 현재 주소·운영 미확인. | 기존 OSM addr 태그 조합으로 복원한 과거 주소. Google Maps 동일 상호는 다른 위치·폐업 표시이므로 현재 주소로 대체하지 않음. 이전/폐업 재확인 필요.","false","{""name"":{""kind"":""osm"",""url"":""https://www.openstreetmap.org/node/2833959182""},""category"":{""kind"":""osm"",""url"":""https://www.openstreetmap.org/node/2833959182""},""latitude"":{""kind"":""osm"",""url"":""https://www.openstreetmap.org/node/2833959182""},""longitude"":{""kind"":""osm"",""url"":""https://www.openstreetmap.org/node/2833959182""},""opening_hours"":{""kind"":""osm"",""url"":""https://www.openstreetmap.org/node/2833959182""},""website"":{""kind"":""osm"",""url"":""https://www.openstreetmap.org/node/2833959182""},""name_ko"":{""kind"":""editorial_korean_translation"",""urls"":[""https://www.openstreetmap.org/node/2833959182""],""checked_at"":""2026-09-28"",""revision"":""korean_display_names_20260928"",""original_name"":""レコッコレ"",""note"":""검토 편의를 위한 원문 기반 한국어 번역·음역. 공식 한국어 명칭 또는 지점 검증 완료를 의미하지 않음. 원문 name을 검색 시 함께 사용.""},""address"":{""kind"":""osm_address_components"",""urls"":[""https://maps.google.com/?cid=890042322343609855"",""https://www.openstreetmap.org/node/2833959182""],""checked_at"":""2026-09-28"",""revision"":""map_addresses_20260928"",""note"":""기존 OSM addr 태그 조합으로 복원한 과거 주소. Google Maps 동일 상호는 다른 위치·폐업 표시이므로 현재 주소로 대체하지 않음. 이전/폐업 재확인 필요.""},""area"":{""kind"":""derived_from_osm_address"",""urls"":[""https://maps.google.com/?cid=890042322343609855"",""https://www.openstreetmap.org/node/2833959182""],""checked_at"":""2026-09-28"",""revision"":""map_addresses_20260928"",""note"":""기존 OSM addr 태그 조합으로 복원한 과거 주소. Google Maps 동일 상호는 다른 위치·폐업 표시이므로 현재 주소로 대체하지 않음. 이전/폐업 재확인 필요.""},""bag_load"":{""kind"":""team_rule_estimate"",""urls"":[""https://github.com/travel-recommender/gachilo/issues/1""],""checked_at"":""2026-09-29"",""revision"":""team_planning_rules_20260929"",""note"":""기존 get_luggage_score와 동일: 쇼핑 2, 지정 시장·상점가·아메리카무라·신세카이 1, 나머지 0. kg가 아닌 상대 점수.""},""stay_min"":{""kind"":""team_rule_estimate"",""urls"":[""https://github.com/travel-recommender/gachilo/issues/1""],""checked_at"":""2026-09-29"",""revision"":""team_planning_rules_20260929"",""note"":""사용자 제공 체류시간 범위 60~90분, 식당. 일정 여유를 위해 상한 적용. 실제 관람 소요시간이 아닌 추정값.""}}"
"osaka_draft_3d97f36846d0","中央市場 ゑんどう寿司","중앙시장 엔도 스시","식사","大阪市福島区","大阪市福島区野田1-1-86","34.6842674","135.4795028","06:00–14:00; 일요일·공휴일 휴무",,"90","0",,"https://www.endo-sushi.com/","https://www.endo-sushi.com/1243312435123931235812395123881235612390.html","2026-09-28","","사용자 제공 체류시간 범위 60~90분, 식당. 일정 여유를 위해 상한 적용. 실제 관람 소요시간이 아닌 추정값.","","https://www.openstreetmap.org/node/4424700690","https://www.endo-sushi.com/1243312435123931235812395123881235612390.html","https://www.endo-sushi.com/1243312435123931235812395123881235612390.html","","https://github.com/travel-recommender/gachilo/issues/1","","","cost | covered","","공식 페이지 본문이 이미지 위주. 해당 지점 상세 안내 확인 필요. | 중앙시장점 확인. 같은 페이지 방콕점과 구분.","false","{""name"":{""kind"":""osm"",""url"":""https://www.openstreetmap.org/node/4424700690""},""category"":{""kind"":""osm"",""url"":""https://www.openstreetmap.org/node/4424700690""},""latitude"":{""kind"":""osm"",""url"":""https://www.openstreetmap.org/node/4424700690""},""longitude"":{""kind"":""osm"",""url"":""https://www.openstreetmap.org/node/4424700690""},""opening_hours"":{""kind"":""official_web_review"",""urls"":[""https://www.endo-sushi.com/1243312435123931235812395123881235612390.html""],""checked_at"":""2026-09-28"",""note"":""중앙시장점 확인. 같은 페이지 방콕점과 구분.""},""website"":{""kind"":""osm"",""url"":""https://www.openstreetmap.org/node/4424700690""},""address"":{""kind"":""official_web_review"",""urls"":[""https://www.endo-sushi.com/1243312435123931235812395123881235612390.html""],""checked_at"":""2026-09-28"",""note"":""중앙시장점 확인. 같은 페이지 방콕점과 구분.""},""opening_hours_source"":{""kind"":""official_web_review"",""urls"":[""https://www.endo-sushi.com/1243312435123931235812395123881235612390.html""],""checked_at"":""2026-09-28"",""note"":""중앙시장점 확인. 같은 페이지 방콕점과 구분.""},""verified_at"":{""kind"":""review_date_only"",""note"":""이번에 확인한 필드만 검증. 전체 필드·영업 상태 검증을 뜻하지 않음."",""check_id"":""official_fields_20260928""},""area"":{""kind"":""derived_from_official_address"",""urls"":[""https://www.endo-sushi.com/1243312435123931235812395123881235612390.html""],""checked_at"":""2026-09-28"",""derived_at"":""2026-09-28"",""note"":""공식 출처 주소의 행정구만 추출. 관광 권역·출입구 좌표 추정 아님.""},""name_ko"":{""kind"":""editorial_korean_translation"",""urls"":[""https://www.openstreetmap.org/node/4424700690""],""checked_at"":""2026-09-28"",""revision"":""korean_display_names_20260928"",""original_name"":""中央市場 ゑんどう寿司"",""note"":""검토 편의를 위한 원문 기반 한국어 번역·음역. 공식 한국어 명칭 또는 지점 검증 완료를 의미하지 않음. 원문 name을 검색 시 함께 사용.""},""bag_load"":{""kind"":""team_rule_estimate"",""urls"":[""https://github.com/travel-recommender/gachilo/issues/1""],""checked_at"":""2026-09-29"",""revision"":""team_planning_rules_20260929"",""note"":""기존 get_luggage_score와 동일: 쇼핑 2, 지정 시장·상점가·아메리카무라·신세카이 1, 나머지 0. kg가 아닌 상대 점수.""},""stay_min"":{""kind"":""team_rule_estimate"",""urls"":[""https://github.com/travel-recommender/gachilo/issues/1""],""checked_at"":""2026-09-29"",""revision"":""team_planning_rules_20260929"",""note"":""사용자 제공 체류시간 범위 60~90분, 식당. 일정 여유를 위해 상한 적용. 실제 관람 소요시간이 아닌 추정값.""}}"
"osaka_draft_1cdebcaa6534","人類みな麺類","진루이 미나 멘루이","식사","大阪市淀川区","大阪市淀川区西中島1-12-15","34.7254974","135.4992515","Mo-Su 11:00-23:00",,"90","0",,"http://www.jinrui-minamenrui.com/",,"2026-09-26","","사용자 제공 체류시간 범위 60~90분, 식당. 일정 여유를 위해 상한 적용. 실제 관람 소요시간이 아닌 추정값.","","https://www.openstreetmap.org/node/6423399288","http://www.jinrui-minamenrui.com/","http://www.jinrui-minamenrui.com/","","https://github.com/travel-recommender/gachilo/issues/1","","","cost | covered | opening_hours_source","","영업시간은 운영사 UNCHI의 최신 지점 안내 추가 확인 필요.","false","{""name"":{""kind"":""osm"",""url"":""https://www.openstreetmap.org/node/6423399288""},""category"":{""kind"":""osm"",""url"":""https://www.openstreetmap.org/node/6423399288""},""latitude"":{""kind"":""osm"",""url"":""https://www.openstreetmap.org/node/6423399288""},""longitude"":{""kind"":""osm"",""url"":""https://www.openstreetmap.org/node/6423399288""},""opening_hours"":{""kind"":""osm"",""url"":""https://www.openstreetmap.org/node/6423399288""},""website"":{""kind"":""osm"",""url"":""https://www.openstreetmap.org/node/6423399288""},""address"":{""kind"":""official_web_review"",""urls"":[""http://www.jinrui-minamenrui.com/""],""checked_at"":""2026-09-26"",""evidence_window"":""2026-09-24/2026-09-26""},""verified_at"":{""kind"":""review_date_only"",""check_id"":""osaka_draft_1cdebcaa6534_address_hours_20260926"",""note"":""장소 전체 또는 일정 사용 가능 판정이 아님. 검증 범위는 필드 출처 참조.""},""area"":{""kind"":""derived_from_official_address"",""urls"":[""http://www.jinrui-minamenrui.com/""],""checked_at"":""2026-09-26"",""derived_at"":""2026-09-28"",""note"":""공식 출처 주소의 행정구만 추출. 관광 권역·출입구 좌표 추정 아님.""},""name_ko"":{""kind"":""editorial_korean_translation"",""urls"":[""https://www.openstreetmap.org/node/6423399288""],""checked_at"":""2026-09-28"",""revision"":""korean_display_names_20260928"",""original_name"":""人類みな麺類"",""note"":""검토 편의를 위한 원문 기반 한국어 번역·음역. 공식 한국어 명칭 또는 지점 검증 완료를 의미하지 않음. 원문 name을 검색 시 함께 사용.""},""bag_load"":{""kind"":""team_rule_estimate"",""urls"":[""https://github.com/travel-recommender/gachilo/issues/1""],""checked_at"":""2026-09-29"",""revision"":""team_planning_rules_20260929"",""note"":""기존 get_luggage_score와 동일: 쇼핑 2, 지정 시장·상점가·아메리카무라·신세카이 1, 나머지 0. kg가 아닌 상대 점수.""},""stay_min"":{""kind"":""team_rule_estimate"",""urls"":[""https://github.com/travel-recommender/gachilo/issues/1""],""checked_at"":""2026-09-29"",""revision"":""team_planning_rules_20260929"",""note"":""사용자 제공 체류시간 범위 60~90분, 식당. 일정 여유를 위해 상한 적용. 실제 관람 소요시간이 아닌 추정값.""}}"
"osaka_draft_20aa5444aadd","傾奇御麺 天神橋・本店","가부키오멘 덴진바시 본점","식사","大阪市北区","4-23 Naniwacho, Kita Ward, Osaka, 530-0022 일본","34.7075822","135.5106449","11:30-02:00",,"90","0",,"http://kabuki-gomen.com/",,,"","사용자 제공 체류시간 범위 60~90분, 식당. 일정 여유를 위해 상한 적용. 실제 관람 소요시간이 아닌 추정값.","","https://www.openstreetmap.org/node/7477484852","https://maps.google.com/?cid=4479733544869607912 | https://www.openstreetmap.org/node/7477484852","https://maps.google.com/?cid=4479733544869607912 | https://www.openstreetmap.org/node/7477484852","","https://github.com/travel-recommender/gachilo/issues/1","","","cost | covered | opening_hours_source | verified_at","google_maps_permanently_closed","웹사이트 종료 안내는 식당 폐업의 증거가 아님. 점포 운영 재확인 필요. | Google Maps 장소명·주소와 기존 OSM 위치 대조. 지도 지점 좌표 차이 1.6m. 주소만 확인했으며 영업시간 검증 아님. 지도에 폐업 표시가 있는 과거 주소.","false","{""name"":{""kind"":""osm"",""url"":""https://www.openstreetmap.org/node/7477484852""},""category"":{""kind"":""osm"",""url"":""https://www.openstreetmap.org/node/7477484852""},""latitude"":{""kind"":""osm"",""url"":""https://www.openstreetmap.org/node/7477484852""},""longitude"":{""kind"":""osm"",""url"":""https://www.openstreetmap.org/node/7477484852""},""opening_hours"":{""kind"":""osm"",""url"":""https://www.openstreetmap.org/node/7477484852""},""website"":{""kind"":""osm"",""url"":""https://www.openstreetmap.org/node/7477484852""},""name_ko"":{""kind"":""editorial_korean_translation"",""urls"":[""https://www.openstreetmap.org/node/7477484852""],""checked_at"":""2026-09-28"",""revision"":""korean_display_names_20260928"",""original_name"":""傾奇御麺 天神橋・本店"",""note"":""검토 편의를 위한 원문 기반 한국어 번역·음역. 공식 한국어 명칭 또는 지점 검증 완료를 의미하지 않음. 원문 name을 검색 시 함께 사용.""},""address"":{""kind"":""google_maps_ui_review"",""urls"":[""https://maps.google.com/?cid=4479733544869607912"",""https://www.openstreetmap.org/node/7477484852""],""checked_at"":""2026-09-28"",""revision"":""map_addresses_20260928"",""note"":""Google Maps 장소명·주소와 기존 OSM 위치 대조. 지도 지점 좌표 차이 1.6m. 주소만 확인했으며 영업시간 검증 아님. 지도에 폐업 표시가 있는 과거 주소.""},""area"":{""kind"":""derived_from_map_address"",""urls"":[""https://maps.google.com/?cid=4479733544869607912"",""https://www.openstreetmap.org/node/7477484852""],""checked_at"":""2026-09-28"",""revision"":""map_addresses_20260928"",""note"":""Google Maps 장소명·주소와 기존 OSM 위치 대조. 지도 지점 좌표 차이 1.6m. 주소만 확인했으며 영업시간 검증 아님. 지도에 폐업 표시가 있는 과거 주소.""},""bag_load"":{""kind"":""team_rule_estimate"",""urls"":[""https://github.com/travel-recommender/gachilo/issues/1""],""checked_at"":""2026-09-29"",""revision"":""team_planning_rules_20260929"",""note"":""기존 get_luggage_score와 동일: 쇼핑 2, 지정 시장·상점가·아메리카무라·신세카이 1, 나머지 0. kg가 아닌 상대 점수.""},""stay_min"":{""kind"":""team_rule_estimate"",""urls"":[""https://github.com/travel-recommender/gachilo/issues/1""],""checked_at"":""2026-09-29"",""revision"":""team_planning_rules_20260929"",""note"":""사용자 제공 체류시간 범위 60~90분, 식당. 일정 여유를 위해 상한 적용. 실제 관람 소요시간이 아닌 추정값.""}}"
"osaka_draft_7eda017e1ded","咲璽季～素食","사이지키 채식요리","식사","大阪市西成区","Tennoji Park Villa, 105号, 1 Chome-1-10 Sanno, Nishinari Ward, Osaka, 557-0001 일본","34.6481859","135.5077342","We-Fr 11:00-14:00, 17:00-21:00; Sa-Su 09:00-14:00, 17:00-21:00",,"90","0",,"https://saijiki-syojin.com",,,"","사용자 제공 체류시간 범위 60~90분, 식당. 일정 여유를 위해 상한 적용. 실제 관람 소요시간이 아닌 추정값.","","https://www.openstreetmap.org/node/10755656305 | https://saijiki-syojin.com/","https://maps.google.com/?cid=9917888328142414501 | https://www.openstreetmap.org/node/10755656305","https://maps.google.com/?cid=9917888328142414501 | https://www.openstreetmap.org/node/10755656305","","https://github.com/travel-recommender/gachilo/issues/1","","","cost | covered | opening_hours_source | verified_at","","공식 사이트 취득 실패. 현재 운영정보 미확인. | Google Maps 장소명·주소와 기존 OSM 위치 대조. 지도 지점 좌표 차이 3.3m. 주소만 확인했으며 영업시간 검증 아님.","false","{""name"":{""kind"":""osm"",""url"":""https://www.openstreetmap.org/node/10755656305""},""category"":{""kind"":""osm"",""url"":""https://www.openstreetmap.org/node/10755656305""},""latitude"":{""kind"":""osm"",""url"":""https://www.openstreetmap.org/node/10755656305""},""longitude"":{""kind"":""osm"",""url"":""https://www.openstreetmap.org/node/10755656305""},""opening_hours"":{""kind"":""osm"",""url"":""https://www.openstreetmap.org/node/10755656305""},""website"":{""kind"":""osm"",""url"":""https://www.openstreetmap.org/node/10755656305""},""name_ko"":{""kind"":""editorial_korean_translation"",""urls"":[""https://www.openstreetmap.org/node/10755656305"",""https://saijiki-syojin.com/""],""checked_at"":""2026-09-28"",""revision"":""korean_display_names_20260928"",""original_name"":""咲璽季～素食"",""note"":""검토 편의를 위한 원문 기반 한국어 번역·음역. 공식 한국어 명칭 또는 지점 검증 완료를 의미하지 않음. 원문 name을 검색 시 함께 사용.""},""address"":{""kind"":""google_maps_ui_review"",""urls"":[""https://maps.google.com/?cid=9917888328142414501"",""https://www.openstreetmap.org/node/10755656305""],""checked_at"":""2026-09-28"",""revision"":""map_addresses_20260928"",""note"":""Google Maps 장소명·주소와 기존 OSM 위치 대조. 지도 지점 좌표 차이 3.3m. 주소만 확인했으며 영업시간 검증 아님.""},""area"":{""kind"":""derived_from_map_address"",""urls"":[""https://maps.google.com/?cid=9917888328142414501"",""https://www.openstreetmap.org/node/10755656305""],""checked_at"":""2026-09-28"",""revision"":""map_addresses_20260928"",""note"":""Google Maps 장소명·주소와 기존 OSM 위치 대조. 지도 지점 좌표 차이 3.3m. 주소만 확인했으며 영업시간 검증 아님.""},""bag_load"":{""kind"":""team_rule_estimate"",""urls"":[""https://github.com/travel-recommender/gachilo/issues/1""],""checked_at"":""2026-09-29"",""revision"":""team_planning_rules_20260929"",""note"":""기존 get_luggage_score와 동일: 쇼핑 2, 지정 시장·상점가·아메리카무라·신세카이 1, 나머지 0. kg가 아닌 상대 점수.""},""stay_min"":{""kind"":""team_rule_estimate"",""urls"":[""https://github.com/travel-recommender/gachilo/issues/1""],""checked_at"":""2026-09-29"",""revision"":""team_planning_rules_20260929"",""note"":""사용자 제공 체류시간 범위 60~90분, 식당. 일정 여유를 위해 상한 적용. 실제 관람 소요시간이 아닌 추정값.""}}"
"osaka_draft_3c015925bf31","居酒屋新","이자카야 신","식사","大阪市中央区","大阪府大阪市中央区島之内2-12-8 TOWビル2F","34.6711371","135.5081496","14:00–다음날 03:00; 비정기 휴무",,"90","0",,"https://izakayashin.net/","https://izakayashin.net/","2026-09-26","","사용자 제공 체류시간 범위 60~90분, 식당. 일정 여유를 위해 상한 적용. 실제 관람 소요시간이 아닌 추정값.","","https://www.openstreetmap.org/node/11724549770","https://izakayashin.net/","https://izakayashin.net/","","https://github.com/travel-recommender/gachilo/issues/1","","","cost | covered","","","false","{""name"":{""kind"":""osm"",""url"":""https://www.openstreetmap.org/node/11724549770""},""category"":{""kind"":""osm"",""url"":""https://www.openstreetmap.org/node/11724549770""},""latitude"":{""kind"":""osm"",""url"":""https://www.openstreetmap.org/node/11724549770""},""longitude"":{""kind"":""osm"",""url"":""https://www.openstreetmap.org/node/11724549770""},""opening_hours"":{""kind"":""official_web_review"",""urls"":[""https://izakayashin.net/""],""checked_at"":""2026-09-26"",""evidence_window"":""2026-09-24/2026-09-26""},""website"":{""kind"":""osm"",""url"":""https://www.openstreetmap.org/node/11724549770""},""address"":{""kind"":""official_web_review"",""urls"":[""https://izakayashin.net/""],""checked_at"":""2026-09-26"",""evidence_window"":""2026-09-24/2026-09-26""},""opening_hours_source"":{""kind"":""official_web_review"",""urls"":[""https://izakayashin.net/""],""checked_at"":""2026-09-26"",""evidence_window"":""2026-09-24/2026-09-26""},""verified_at"":{""kind"":""review_date_only"",""check_id"":""osaka_draft_3c015925bf31_address_hours_20260926"",""note"":""장소 전체 또는 일정 사용 가능 판정이 아님. 검증 범위는 필드 출처 참조.""},""area"":{""kind"":""derived_from_official_address"",""urls"":[""https://izakayashin.net/""],""checked_at"":""2026-09-26"",""derived_at"":""2026-09-28"",""note"":""공식 출처 주소의 행정구만 추출. 관광 권역·출입구 좌표 추정 아님.""},""name_ko"":{""kind"":""editorial_korean_translation"",""urls"":[""https://www.openstreetmap.org/node/11724549770""],""checked_at"":""2026-09-28"",""revision"":""korean_display_names_20260928"",""original_name"":""居酒屋新"",""note"":""검토 편의를 위한 원문 기반 한국어 번역·음역. 공식 한국어 명칭 또는 지점 검증 완료를 의미하지 않음. 원문 name을 검색 시 함께 사용.""},""bag_load"":{""kind"":""team_rule_estimate"",""urls"":[""https://github.com/travel-recommender/gachilo/issues/1""],""checked_at"":""2026-09-29"",""revision"":""team_planning_rules_20260929"",""note"":""기존 get_luggage_score와 동일: 쇼핑 2, 지정 시장·상점가·아메리카무라·신세카이 1, 나머지 0. kg가 아닌 상대 점수.""},""stay_min"":{""kind"":""team_rule_estimate"",""urls"":[""https://github.com/travel-recommender/gachilo/issues/1""],""checked_at"":""2026-09-29"",""revision"":""team_planning_rules_20260929"",""note"":""사용자 제공 체류시간 범위 60~90분, 식당. 일정 여유를 위해 상한 적용. 실제 관람 소요시간이 아닌 추정값.""}}"
"osaka_draft_6789f7f9c22f","舟屋","후나야","식사","大阪市生野区","大阪市生野区生野西2-1-34","34.6484487","135.5243865","매장 식사 11:30–14:30(주문 14:00까지); 목요일 및 월 1회 임시 휴무; 재료 소진 시 종료",,"90","0",,"https://www.funaya.co.jp","https://www.funaya.co.jp/","2026-09-26","","사용자 제공 체류시간 범위 60~90분, 식당. 일정 여유를 위해 상한 적용. 실제 관람 소요시간이 아닌 추정값.","","https://www.openstreetmap.org/node/6656921489","https://www.funaya.co.jp/","https://www.funaya.co.jp/","","https://github.com/travel-recommender/gachilo/issues/1","","","cost | covered","","포장 10:00–20:00을 매장 식사시간에 사용하지 않음.","false","{""name"":{""kind"":""osm"",""url"":""https://www.openstreetmap.org/node/6656921489""},""category"":{""kind"":""osm"",""url"":""https://www.openstreetmap.org/node/6656921489""},""latitude"":{""kind"":""osm"",""url"":""https://www.openstreetmap.org/node/6656921489""},""longitude"":{""kind"":""osm"",""url"":""https://www.openstreetmap.org/node/6656921489""},""opening_hours"":{""kind"":""official_web_review"",""urls"":[""https://www.funaya.co.jp/""],""checked_at"":""2026-09-26"",""evidence_window"":""2026-09-24/2026-09-26""},""website"":{""kind"":""osm"",""url"":""https://www.openstreetmap.org/node/6656921489""},""address"":{""kind"":""official_web_review"",""urls"":[""https://www.funaya.co.jp/""],""checked_at"":""2026-09-26"",""evidence_window"":""2026-09-24/2026-09-26""},""opening_hours_source"":{""kind"":""official_web_review"",""urls"":[""https://www.funaya.co.jp/""],""checked_at"":""2026-09-26"",""evidence_window"":""2026-09-24/2026-09-26""},""verified_at"":{""kind"":""review_date_only"",""check_id"":""osaka_draft_6789f7f9c22f_address_hours_20260926"",""note"":""장소 전체 또는 일정 사용 가능 판정이 아님. 검증 범위는 필드 출처 참조.""},""area"":{""kind"":""derived_from_official_address"",""urls"":[""https://www.funaya.co.jp/""],""checked_at"":""2026-09-26"",""derived_at"":""2026-09-28"",""note"":""공식 출처 주소의 행정구만 추출. 관광 권역·출입구 좌표 추정 아님.""},""name_ko"":{""kind"":""editorial_korean_translation"",""urls"":[""https://www.openstreetmap.org/node/6656921489""],""checked_at"":""2026-09-28"",""revision"":""korean_display_names_20260928"",""original_name"":""舟屋"",""note"":""검토 편의를 위한 원문 기반 한국어 번역·음역. 공식 한국어 명칭 또는 지점 검증 완료를 의미하지 않음. 원문 name을 검색 시 함께 사용.""},""bag_load"":{""kind"":""team_rule_estimate"",""urls"":[""https://github.com/travel-recommender/gachilo/issues/1""],""checked_at"":""2026-09-29"",""revision"":""team_planning_rules_20260929"",""note"":""기존 get_luggage_score와 동일: 쇼핑 2, 지정 시장·상점가·아메리카무라·신세카이 1, 나머지 0. kg가 아닌 상대 점수.""},""stay_min"":{""kind"":""team_rule_estimate"",""urls"":[""https://github.com/travel-recommender/gachilo/issues/1""],""checked_at"":""2026-09-29"",""revision"":""team_planning_rules_20260929"",""note"":""사용자 제공 체류시간 범위 60~90분, 식당. 일정 여유를 위해 상한 적용. 실제 관람 소요시간이 아닌 추정값.""}}"
"osaka_draft_89458a1abeda","Bistro よし川","비스트로 요시카와","식사","大阪市淀川区","大阪市淀川区十三本町2-3-13","34.7215235","135.4811173","월–금 11:30–14:00, 17:30–22:00; 토 17:30–22:00; 일·공휴일 휴무",,"90","0",,"https://ameblo.jp/b-yoshikawa/","https://ameblo.jp/b-yoshikawa/","2026-09-26","","사용자 제공 체류시간 범위 60~90분, 식당. 일정 여유를 위해 상한 적용. 실제 관람 소요시간이 아닌 추정값.","","https://www.openstreetmap.org/node/7461081830","https://ameblo.jp/b-yoshikawa/","https://ameblo.jp/b-yoshikawa/","","https://github.com/travel-recommender/gachilo/issues/1","","","cost | covered","","","false","{""name"":{""kind"":""osm"",""url"":""https://www.openstreetmap.org/node/7461081830""},""category"":{""kind"":""osm"",""url"":""https://www.openstreetmap.org/node/7461081830""},""latitude"":{""kind"":""osm"",""url"":""https://www.openstreetmap.org/node/7461081830""},""longitude"":{""kind"":""osm"",""url"":""https://www.openstreetmap.org/node/7461081830""},""website"":{""kind"":""osm"",""url"":""https://www.openstreetmap.org/node/7461081830""},""address"":{""kind"":""official_social_review"",""urls"":[""https://ameblo.jp/b-yoshikawa/""],""checked_at"":""2026-09-26"",""evidence_window"":""2026-09-24/2026-09-26""},""opening_hours"":{""kind"":""official_social_review"",""urls"":[""https://ameblo.jp/b-yoshikawa/""],""checked_at"":""2026-09-26"",""evidence_window"":""2026-09-24/2026-09-26""},""opening_hours_source"":{""kind"":""official_social_review"",""urls"":[""https://ameblo.jp/b-yoshikawa/""],""checked_at"":""2026-09-26"",""evidence_window"":""2026-09-24/2026-09-26""},""verified_at"":{""kind"":""review_date_only"",""check_id"":""osaka_draft_89458a1abeda_address_hours_20260926"",""note"":""장소 전체 또는 일정 사용 가능 판정이 아님. 검증 범위는 필드 출처 참조.""},""area"":{""kind"":""derived_from_official_address"",""urls"":[""https://ameblo.jp/b-yoshikawa/""],""checked_at"":""2026-09-26"",""derived_at"":""2026-09-28"",""note"":""공식 출처 주소의 행정구만 추출. 관광 권역·출입구 좌표 추정 아님.""},""name_ko"":{""kind"":""editorial_korean_translation"",""urls"":[""https://www.openstreetmap.org/node/7461081830""],""checked_at"":""2026-09-28"",""revision"":""korean_display_names_20260928"",""original_name"":""Bistro よし川"",""note"":""검토 편의를 위한 원문 기반 한국어 번역·음역. 공식 한국어 명칭 또는 지점 검증 완료를 의미하지 않음. 원문 name을 검색 시 함께 사용.""},""bag_load"":{""kind"":""team_rule_estimate"",""urls"":[""https://github.com/travel-recommender/gachilo/issues/1""],""checked_at"":""2026-09-29"",""revision"":""team_planning_rules_20260929"",""note"":""기존 get_luggage_score와 동일: 쇼핑 2, 지정 시장·상점가·아메리카무라·신세카이 1, 나머지 0. kg가 아닌 상대 점수.""},""stay_min"":{""kind"":""team_rule_estimate"",""urls"":[""https://github.com/travel-recommender/gachilo/issues/1""],""checked_at"":""2026-09-29"",""revision"":""team_planning_rules_20260929"",""note"":""사용자 제공 체류시간 범위 60~90분, 식당. 일정 여유를 위해 상한 적용. 실제 관람 소요시간이 아닌 추정값.""}}"
"osaka_draft_26a5e809355e","Cherry Jam","체리 잼","식사","大阪市福島区","大阪府大阪市福島区吉野2-1-8","34.6906292","135.4770396","화–일 11:30–15:00, 17:00–22:30; 월 휴무(대관 예외)",,"90","0",,"https://cherryjam.owst.jp/","https://cherryjam.owst.jp/","2026-09-26","","사용자 제공 체류시간 범위 60~90분, 식당. 일정 여유를 위해 상한 적용. 실제 관람 소요시간이 아닌 추정값.","","https://www.openstreetmap.org/node/12997440993","https://cherryjam.owst.jp/","https://cherryjam.owst.jp/","","https://github.com/travel-recommender/gachilo/issues/1","","","cost | covered","","","false","{""name"":{""kind"":""osm"",""url"":""https://www.openstreetmap.org/node/12997440993""},""category"":{""kind"":""osm"",""url"":""https://www.openstreetmap.org/node/12997440993""},""latitude"":{""kind"":""osm"",""url"":""https://www.openstreetmap.org/node/12997440993""},""longitude"":{""kind"":""osm"",""url"":""https://www.openstreetmap.org/node/12997440993""},""website"":{""kind"":""osm"",""url"":""https://www.openstreetmap.org/node/12997440993""},""address"":{""kind"":""official_web_review"",""urls"":[""https://cherryjam.owst.jp/""],""checked_at"":""2026-09-26"",""evidence_window"":""2026-09-24/2026-09-26""},""opening_hours"":{""kind"":""official_web_review"",""urls"":[""https://cherryjam.owst.jp/""],""checked_at"":""2026-09-26"",""evidence_window"":""2026-09-24/2026-09-26""},""opening_hours_source"":{""kind"":""official_web_review"",""urls"":[""https://cherryjam.owst.jp/""],""checked_at"":""2026-09-26"",""evidence_window"":""2026-09-24/2026-09-26""},""verified_at"":{""kind"":""review_date_only"",""check_id"":""osaka_draft_26a5e809355e_address_hours_20260926"",""note"":""장소 전체 또는 일정 사용 가능 판정이 아님. 검증 범위는 필드 출처 참조.""},""area"":{""kind"":""derived_from_official_address"",""urls"":[""https://cherryjam.owst.jp/""],""checked_at"":""2026-09-26"",""derived_at"":""2026-09-28"",""note"":""공식 출처 주소의 행정구만 추출. 관광 권역·출입구 좌표 추정 아님.""},""name_ko"":{""kind"":""editorial_korean_translation"",""urls"":[""https://www.openstreetmap.org/node/12997440993""],""checked_at"":""2026-09-28"",""revision"":""korean_display_names_20260928"",""original_name"":""Cherry Jam"",""note"":""검토 편의를 위한 원문 기반 한국어 번역·음역. 공식 한국어 명칭 또는 지점 검증 완료를 의미하지 않음. 원문 name을 검색 시 함께 사용.""},""bag_load"":{""kind"":""team_rule_estimate"",""urls"":[""https://github.com/travel-recommender/gachilo/issues/1""],""checked_at"":""2026-09-29"",""revision"":""team_planning_rules_20260929"",""note"":""기존 get_luggage_score와 동일: 쇼핑 2, 지정 시장·상점가·아메리카무라·신세카이 1, 나머지 0. kg가 아닌 상대 점수.""},""stay_min"":{""kind"":""team_rule_estimate"",""urls"":[""https://github.com/travel-recommender/gachilo/issues/1""],""checked_at"":""2026-09-29"",""revision"":""team_planning_rules_20260929"",""note"":""사용자 제공 체류시간 범위 60~90분, 식당. 일정 여유를 위해 상한 적용. 실제 관람 소요시간이 아닌 추정값.""}}"
"osaka_draft_8cb9705b2793","Comfort Zone 8 京いたりあん","컴포트 존 에이트 교토 이탈리안","식사","大阪市淀川区","大阪府大阪市淀川区十三本町1-18-10 ナショナルマンション101","34.718114","135.4786374","수–금 11:30–15:00, 18:00–23:00; 토 12:00–15:00, 18:00–23:00; 일·공휴일 11:00–14:00, 17:00–21:00; 월·화 휴무; 입장 종료 1시간 전",,"90","0",,"https://comfortzone8kyoitarian.com/","https://comfortzone8kyoitarian.com/","2026-09-26","","사용자 제공 체류시간 범위 60~90분, 식당. 일정 여유를 위해 상한 적용. 실제 관람 소요시간이 아닌 추정값.","","https://www.openstreetmap.org/node/10159432525","https://comfortzone8kyoitarian.com/","https://comfortzone8kyoitarian.com/","","https://github.com/travel-recommender/gachilo/issues/1","","","cost | covered","","","false","{""name"":{""kind"":""osm"",""url"":""https://www.openstreetmap.org/node/10159432525""},""category"":{""kind"":""osm"",""url"":""https://www.openstreetmap.org/node/10159432525""},""latitude"":{""kind"":""osm"",""url"":""https://www.openstreetmap.org/node/10159432525""},""longitude"":{""kind"":""osm"",""url"":""https://www.openstreetmap.org/node/10159432525""},""website"":{""kind"":""osm"",""url"":""https://www.openstreetmap.org/node/10159432525""},""address"":{""kind"":""official_web_review"",""urls"":[""https://comfortzone8kyoitarian.com/""],""checked_at"":""2026-09-26"",""evidence_window"":""2026-09-24/2026-09-26""},""opening_hours"":{""kind"":""official_web_review"",""urls"":[""https://comfortzone8kyoitarian.com/""],""checked_at"":""2026-09-26"",""evidence_window"":""2026-09-24/2026-09-26""},""opening_hours_source"":{""kind"":""official_web_review"",""urls"":[""https://comfortzone8kyoitarian.com/""],""checked_at"":""2026-09-26"",""evidence_window"":""2026-09-24/2026-09-26""},""verified_at"":{""kind"":""review_date_only"",""check_id"":""osaka_draft_8cb9705b2793_address_hours_20260926"",""note"":""장소 전체 또는 일정 사용 가능 판정이 아님. 검증 범위는 필드 출처 참조.""},""area"":{""kind"":""derived_from_official_address"",""urls"":[""https://comfortzone8kyoitarian.com/""],""checked_at"":""2026-09-26"",""derived_at"":""2026-09-28"",""note"":""공식 출처 주소의 행정구만 추출. 관광 권역·출입구 좌표 추정 아님.""},""name_ko"":{""kind"":""editorial_korean_translation"",""urls"":[""https://www.openstreetmap.org/node/10159432525""],""checked_at"":""2026-09-28"",""revision"":""korean_display_names_20260928"",""original_name"":""Comfort Zone 8 京いたりあん"",""note"":""검토 편의를 위한 원문 기반 한국어 번역·음역. 공식 한국어 명칭 또는 지점 검증 완료를 의미하지 않음. 원문 name을 검색 시 함께 사용.""},""bag_load"":{""kind"":""team_rule_estimate"",""urls"":[""https://github.com/travel-recommender/gachilo/issues/1""],""checked_at"":""2026-09-29"",""revision"":""team_planning_rules_20260929"",""note"":""기존 get_luggage_score와 동일: 쇼핑 2, 지정 시장·상점가·아메리카무라·신세카이 1, 나머지 0. kg가 아닌 상대 점수.""},""stay_min"":{""kind"":""team_rule_estimate"",""urls"":[""https://github.com/travel-recommender/gachilo/issues/1""],""checked_at"":""2026-09-29"",""revision"":""team_planning_rules_20260929"",""note"":""사용자 제공 체류시간 범위 60~90분, 식당. 일정 여유를 위해 상한 적용. 실제 관람 소요시간이 아닌 추정값.""}}"
"osaka_draft_d996a4118ab0","MayWinds","메이윈즈","식사","大阪市中央区","2 Chome-4-1 Funakoshicho, Chuo Ward, Osaka, 540-0036 일본","34.6879231","135.5130323","월~금 08:00~21:00; 토 11:00~14:00; 일 휴무 (공휴일 별도 확인)",,"90","0",,"https://maywinds.on.omisenomikata.jp/","https://maps.google.com/?cid=17132172652483626966","2026-09-30","","사용자 제공 체류시간 범위 60~90분, 식당. 일정 여유를 위해 상한 적용. 실제 관람 소요시간이 아닌 추정값.","","https://www.openstreetmap.org/node/6930081836","https://maps.google.com/?cid=17132172652483626966 | https://www.openstreetmap.org/node/6930081836","https://maps.google.com/?cid=17132172652483626966 | https://www.openstreetmap.org/node/6930081836","","https://github.com/travel-recommender/gachilo/issues/1","","","cost | covered","","점포 홈페이지 취득 실패. 운영정보 미확인. | Google Maps 장소명·주소와 기존 OSM 위치 대조. 지도 지점 좌표 차이 15.0m. 주소만 확인했으며 영업시간 검증 아님. | 2026-09-30: MayWinds, 船越町2-4-1 지점의 Google Maps 요일별 7일 시간표 확인. 사용자 제공 가격 범위는 비용에 반영하지 않음.","false","{""name"":{""kind"":""osm"",""url"":""https://www.openstreetmap.org/node/6930081836""},""category"":{""kind"":""osm"",""url"":""https://www.openstreetmap.org/node/6930081836""},""latitude"":{""kind"":""osm"",""url"":""https://www.openstreetmap.org/node/6930081836""},""longitude"":{""kind"":""osm"",""url"":""https://www.openstreetmap.org/node/6930081836""},""website"":{""kind"":""osm"",""url"":""https://www.openstreetmap.org/node/6930081836""},""name_ko"":{""kind"":""editorial_korean_translation"",""urls"":[""https://www.openstreetmap.org/node/6930081836""],""checked_at"":""2026-09-28"",""revision"":""korean_display_names_20260928"",""original_name"":""MayWinds"",""note"":""검토 편의를 위한 원문 기반 한국어 번역·음역. 공식 한국어 명칭 또는 지점 검증 완료를 의미하지 않음. 원문 name을 검색 시 함께 사용.""},""address"":{""kind"":""google_maps_ui_review"",""urls"":[""https://maps.google.com/?cid=17132172652483626966"",""https://www.openstreetmap.org/node/6930081836""],""checked_at"":""2026-09-28"",""revision"":""map_addresses_20260928"",""note"":""Google Maps 장소명·주소와 기존 OSM 위치 대조. 지도 지점 좌표 차이 15.0m. 주소만 확인했으며 영업시간 검증 아님.""},""area"":{""kind"":""derived_from_map_address"",""urls"":[""https://maps.google.com/?cid=17132172652483626966"",""https://www.openstreetmap.org/node/6930081836""],""checked_at"":""2026-09-28"",""revision"":""map_addresses_20260928"",""note"":""Google Maps 장소명·주소와 기존 OSM 위치 대조. 지도 지점 좌표 차이 15.0m. 주소만 확인했으며 영업시간 검증 아님.""},""bag_load"":{""kind"":""team_rule_estimate"",""urls"":[""https://github.com/travel-recommender/gachilo/issues/1""],""checked_at"":""2026-09-29"",""revision"":""team_planning_rules_20260929"",""note"":""기존 get_luggage_score와 동일: 쇼핑 2, 지정 시장·상점가·아메리카무라·신세카이 1, 나머지 0. kg가 아닌 상대 점수.""},""stay_min"":{""kind"":""team_rule_estimate"",""urls"":[""https://github.com/travel-recommender/gachilo/issues/1""],""checked_at"":""2026-09-29"",""revision"":""team_planning_rules_20260929"",""note"":""사용자 제공 체류시간 범위 60~90분, 식당. 일정 여유를 위해 상한 적용. 실제 관람 소요시간이 아닌 추정값.""},""opening_hours"":{""kind"":""google_maps_manual_review"",""urls"":[""https://maps.google.com/?cid=17132172652483626966""],""checked_at"":""2026-09-30"",""revision"":""operating_review_20260930"",""note"":""MayWinds, 船越町2-4-1 지점의 Google Maps 요일별 7일 시간표 확인. 사용자 제공 가격 범위는 비용에 반영하지 않음.""},""opening_hours_source"":{""kind"":""google_maps_manual_review"",""urls"":[""https://maps.google.com/?cid=17132172652483626966""],""checked_at"":""2026-09-30"",""revision"":""operating_review_20260930"",""note"":""MayWinds, 船越町2-4-1 지점의 Google Maps 요일별 7일 시간표 확인. 사용자 제공 가격 범위는 비용에 반영하지 않음.""},""verified_at"":{""kind"":""google_maps_manual_review"",""urls"":[""https://maps.google.com/?cid=17132172652483626966""],""checked_at"":""2026-09-30"",""revision"":""operating_review_20260930"",""note"":""MayWinds, 船越町2-4-1 지점의 Google Maps 요일별 7일 시간표 확인. 사용자 제공 가격 범위는 비용에 반영하지 않음.""}}"
"osaka_draft_2a9b88c21411","Parfait de Merrily","파르페 드 메릴리","식사","大阪市中央区","大阪府大阪市中央区馬場町3番65号","34.6819166","135.5219033","11:00–20:00(주문 19:00까지); 비정기 휴무","2300","90","0","true","https://parfait-de-merrily.owst.jp/","https://parfait-de-merrily.owst.jp/","2026-09-28","공식 매장 사이트의 파르페와 메릴리 런치 세트 1인 2300엔 JPY. 시즌·주문 구성에 따라 달라짐. 실내 좌석 안내.","사용자 제공 체류시간 범위 60~90분, 식당. 일정 여유를 위해 상한 적용. 실제 관람 소요시간이 아닌 추정값.","공식 매장 사이트의 파르페와 메릴리 런치 세트 1인 2300엔 JPY. 시즌·주문 구성에 따라 달라짐. 실내 좌석 안내.","https://www.openstreetmap.org/node/12785065294","https://parfait-de-merrily.owst.jp/","https://parfait-de-merrily.owst.jp/","https://parfait-de-merrily.owst.jp/","https://github.com/travel-recommender/gachilo/issues/1","https://parfait-de-merrily.owst.jp/","","","","공식 매장 사이트의 파르페와 메릴리 런치 세트 1인 2300엔 JPY. 시즌·주문 구성에 따라 달라짐. 실내 좌석 안내.","false","{""name"":{""kind"":""osm"",""url"":""https://www.openstreetmap.org/node/12785065294""},""category"":{""kind"":""osm"",""url"":""https://www.openstreetmap.org/node/12785065294""},""latitude"":{""kind"":""osm"",""url"":""https://www.openstreetmap.org/node/12785065294""},""longitude"":{""kind"":""osm"",""url"":""https://www.openstreetmap.org/node/12785065294""},""website"":{""kind"":""osm"",""url"":""https://www.openstreetmap.org/node/12785065294""},""address"":{""kind"":""official_web_review"",""urls"":[""https://parfait-de-merrily.owst.jp/""],""checked_at"":""2026-09-26"",""evidence_window"":""2026-09-24/2026-09-26""},""opening_hours"":{""kind"":""official_web_review"",""urls"":[""https://parfait-de-merrily.owst.jp/""],""checked_at"":""2026-09-26"",""evidence_window"":""2026-09-24/2026-09-26""},""opening_hours_source"":{""kind"":""official_web_review"",""urls"":[""https://parfait-de-merrily.owst.jp/""],""checked_at"":""2026-09-26"",""evidence_window"":""2026-09-24/2026-09-26""},""verified_at"":{""kind"":""review_date_only"",""note"":""이번에 확인한 필드만 검증. 전체 필드·영업 상태 검증을 뜻하지 않음."",""check_id"":""official_fields_20260928""},""cost"":{""kind"":""official_web_review"",""urls"":[""https://parfait-de-merrily.owst.jp/""],""checked_at"":""2026-09-28"",""note"":""공식 매장 사이트의 파르페와 메릴리 런치 세트 1인 2300엔 JPY. 시즌·주문 구성에 따라 달라짐. 실내 좌석 안내.""},""covered"":{""kind"":""classification_from_official_description"",""urls"":[""https://parfait-de-merrily.owst.jp/""],""checked_at"":""2026-09-28"",""note"":""공식 매장 사이트의 파르페와 메릴리 런치 세트 1인 2300엔 JPY. 시즌·주문 구성에 따라 달라짐. 실내 좌석 안내.""},""area"":{""kind"":""derived_from_official_address"",""urls"":[""https://parfait-de-merrily.owst.jp/""],""checked_at"":""2026-09-26"",""derived_at"":""2026-09-28"",""note"":""공식 출처 주소의 행정구만 추출. 관광 권역·출입구 좌표 추정 아님.""},""name_ko"":{""kind"":""editorial_korean_translation"",""urls"":[""https://www.openstreetmap.org/node/12785065294""],""checked_at"":""2026-09-28"",""revision"":""korean_display_names_20260928"",""original_name"":""Parfait de Merrily"",""note"":""검토 편의를 위한 원문 기반 한국어 번역·음역. 공식 한국어 명칭 또는 지점 검증 완료를 의미하지 않음. 원문 name을 검색 시 함께 사용.""},""bag_load"":{""kind"":""team_rule_estimate"",""urls"":[""https://github.com/travel-recommender/gachilo/issues/1""],""checked_at"":""2026-09-29"",""revision"":""team_planning_rules_20260929"",""note"":""기존 get_luggage_score와 동일: 쇼핑 2, 지정 시장·상점가·아메리카무라·신세카이 1, 나머지 0. kg가 아닌 상대 점수.""},""stay_min"":{""kind"":""team_rule_estimate"",""urls"":[""https://github.com/travel-recommender/gachilo/issues/1""],""checked_at"":""2026-09-29"",""revision"":""team_planning_rules_20260929"",""note"":""사용자 제공 체류시간 범위 60~90분, 식당. 일정 여유를 위해 상한 적용. 실제 관람 소요시간이 아닌 추정값.""}}"
"osaka_draft_5fa8876a4657","Sagano","사가노","식사","大阪市西区","大阪市西区靱本町3-4-15","34.6827812","135.4883205","11:30–15:00(주문 13:30까지), 18:00–23:00(입장 20:00까지); 일·공휴일 휴무; 코스 예약 필요",,"90","0","true","https://www.osaka-sagano.jp/","https://www.osaka-sagano.jp/","2026-09-28","","사용자 제공 체류시간 범위 60~90분, 식당. 일정 여유를 위해 상한 적용. 실제 관람 소요시간이 아닌 추정값.","공식 실내 좌석 안내. 홈페이지 런치 가격 1350/1500엔 충돌로 cost는 보류. 코스 예약 조건 기록.","https://www.openstreetmap.org/node/2968345518","https://www.osaka-sagano.jp/","https://www.osaka-sagano.jp/","","https://github.com/travel-recommender/gachilo/issues/1","https://www.osaka-sagano.jp/","","cost","price_conflict | reservation_required","공식 사이트 취득 실패. 운영정보 미확인. | 공식 실내 좌석 안내. 홈페이지 런치 가격 1350/1500엔 충돌로 cost는 보류. 코스 예약 조건 기록.","false","{""name"":{""kind"":""osm"",""url"":""https://www.openstreetmap.org/node/2968345518""},""category"":{""kind"":""osm"",""url"":""https://www.openstreetmap.org/node/2968345518""},""latitude"":{""kind"":""osm"",""url"":""https://www.openstreetmap.org/node/2968345518""},""longitude"":{""kind"":""osm"",""url"":""https://www.openstreetmap.org/node/2968345518""},""website"":{""kind"":""osm"",""url"":""https://www.openstreetmap.org/node/2968345518""},""address"":{""kind"":""official_web_review"",""urls"":[""https://www.osaka-sagano.jp/""],""checked_at"":""2026-09-28"",""note"":""공식 실내 좌석 안내. 홈페이지 런치 가격 1350/1500엔 충돌로 cost는 보류. 코스 예약 조건 기록.""},""opening_hours"":{""kind"":""official_web_review"",""urls"":[""https://www.osaka-sagano.jp/""],""checked_at"":""2026-09-28"",""note"":""공식 실내 좌석 안내. 홈페이지 런치 가격 1350/1500엔 충돌로 cost는 보류. 코스 예약 조건 기록.""},""opening_hours_source"":{""kind"":""official_web_review"",""urls"":[""https://www.osaka-sagano.jp/""],""checked_at"":""2026-09-28"",""note"":""공식 실내 좌석 안내. 홈페이지 런치 가격 1350/1500엔 충돌로 cost는 보류. 코스 예약 조건 기록.""},""covered"":{""kind"":""classification_from_official_description"",""urls"":[""https://www.osaka-sagano.jp/""],""checked_at"":""2026-09-28"",""note"":""공식 실내 좌석 안내. 홈페이지 런치 가격 1350/1500엔 충돌로 cost는 보류. 코스 예약 조건 기록.""},""verified_at"":{""kind"":""review_date_only"",""note"":""이번에 확인한 필드만 검증. 전체 필드·영업 상태 검증을 뜻하지 않음."",""check_id"":""official_fields_20260928""},""area"":{""kind"":""derived_from_official_address"",""urls"":[""https://www.osaka-sagano.jp/""],""checked_at"":""2026-09-28"",""derived_at"":""2026-09-28"",""note"":""공식 출처 주소의 행정구만 추출. 관광 권역·출입구 좌표 추정 아님.""},""name_ko"":{""kind"":""editorial_korean_translation"",""urls"":[""https://www.openstreetmap.org/node/2968345518""],""checked_at"":""2026-09-28"",""revision"":""korean_display_names_20260928"",""original_name"":""Sagano"",""note"":""검토 편의를 위한 원문 기반 한국어 번역·음역. 공식 한국어 명칭 또는 지점 검증 완료를 의미하지 않음. 원문 name을 검색 시 함께 사용.""},""bag_load"":{""kind"":""team_rule_estimate"",""urls"":[""https://github.com/travel-recommender/gachilo/issues/1""],""checked_at"":""2026-09-29"",""revision"":""team_planning_rules_20260929"",""note"":""기존 get_luggage_score와 동일: 쇼핑 2, 지정 시장·상점가·아메리카무라·신세카이 1, 나머지 0. kg가 아닌 상대 점수.""},""stay_min"":{""kind"":""team_rule_estimate"",""urls"":[""https://github.com/travel-recommender/gachilo/issues/1""],""checked_at"":""2026-09-29"",""revision"":""team_planning_rules_20260929"",""note"":""사용자 제공 체류시간 범위 60~90분, 식당. 일정 여유를 위해 상한 적용. 실제 관람 소요시간이 아닌 추정값.""}}"
"osm_way_303446421","水上バス 乗り場","수상버스 타는곳","명소","大阪市中央区","2 Osakajo, Chuo Ward, Osaka, 540-0002 일본","34.6895501","135.5330974","Mo-Su 10:00-17:00",,"120","0",,"https://suijo-bus.osaka/",,,"","사용자 제공 체류시간 범위 90~120분, 관광 명소(문화·자연 포함). 일정 여유를 위해 상한 적용. 실제 관람 소요시간이 아닌 추정값.","","","https://maps.google.com/?cid=14704441767393759651 | https://www.openstreetmap.org/way/303446421","https://maps.google.com/?cid=14704441767393759651 | https://www.openstreetmap.org/way/303446421","","https://github.com/travel-recommender/gachilo/issues/1","","","cost | covered | opening_hours_source | verified_at","branch_unconfirmed","수상버스 선착장 지점 확인 후 출항표를 적용해야 함. | Google Maps 장소명·주소와 기존 OSM 위치 대조. 지도 지점 좌표 차이 9.8m. 주소만 확인했으며 영업시간 검증 아님.","false","{""name"":{""kind"":""osm"",""url"":""https://www.openstreetmap.org/way/303446421""},""name_ko"":{""kind"":""osm"",""url"":""https://www.openstreetmap.org/way/303446421""},""category"":{""kind"":""osm"",""url"":""https://www.openstreetmap.org/way/303446421""},""latitude"":{""kind"":""osm"",""url"":""https://www.openstreetmap.org/way/303446421""},""longitude"":{""kind"":""osm"",""url"":""https://www.openstreetmap.org/way/303446421""},""opening_hours"":{""kind"":""osm"",""url"":""https://www.openstreetmap.org/way/303446421""},""website"":{""kind"":""osm"",""url"":""https://www.openstreetmap.org/way/303446421""},""address"":{""kind"":""google_maps_ui_review"",""urls"":[""https://maps.google.com/?cid=14704441767393759651"",""https://www.openstreetmap.org/way/303446421""],""checked_at"":""2026-09-28"",""revision"":""map_addresses_20260928"",""note"":""Google Maps 장소명·주소와 기존 OSM 위치 대조. 지도 지점 좌표 차이 9.8m. 주소만 확인했으며 영업시간 검증 아님.""},""area"":{""kind"":""derived_from_map_address"",""urls"":[""https://maps.google.com/?cid=14704441767393759651"",""https://www.openstreetmap.org/way/303446421""],""checked_at"":""2026-09-28"",""revision"":""map_addresses_20260928"",""note"":""Google Maps 장소명·주소와 기존 OSM 위치 대조. 지도 지점 좌표 차이 9.8m. 주소만 확인했으며 영업시간 검증 아님.""},""bag_load"":{""kind"":""team_rule_estimate"",""urls"":[""https://github.com/travel-recommender/gachilo/issues/1""],""checked_at"":""2026-09-29"",""revision"":""team_planning_rules_20260929"",""note"":""기존 get_luggage_score와 동일: 쇼핑 2, 지정 시장·상점가·아메리카무라·신세카이 1, 나머지 0. kg가 아닌 상대 점수.""},""stay_min"":{""kind"":""team_rule_estimate"",""urls"":[""https://github.com/travel-recommender/gachilo/issues/1""],""checked_at"":""2026-09-29"",""revision"":""team_planning_rules_20260929"",""note"":""사용자 제공 체류시간 범위 90~120분, 관광 명소(문화·자연 포함). 일정 여유를 위해 상한 적용. 실제 관람 소요시간이 아닌 추정값.""}}"
"osm_way_151816175","天保山マーケットプレース","덴포잔 마켓 플레이스","쇼핑","大阪市港区","大阪府大阪市港区海岸通1-1-10","34.6559643","135.4301525","Mo-Su 11:00-20:00",,"180","2","true","https://www.kaiyukan.com/thv/marketplace/",,"2026-09-28","","사용자 제공 체류시간 범위 90~180분, 쇼핑몰·백화점. 일정 여유를 위해 상한 적용. 실제 관람 소요시간이 아닌 추정값.","시청 공식 행사 공지의 마켓플레이스 시설 주소와 운영사 층별 안내 확인. covered는 실내 쇼핑 공간. 영업시간은 방문일별 공식 달력 확인 필요.","","https://www.city.osaka.lg.jp/hodoshiryo/port/0000668679.html | https://www.kaiyukan.com/thv/marketplace/floor.html","https://www.city.osaka.lg.jp/hodoshiryo/port/0000668679.html | https://www.kaiyukan.com/thv/marketplace/floor.html","","https://github.com/travel-recommender/gachilo/issues/1","https://www.city.osaka.lg.jp/hodoshiryo/port/0000668679.html | https://www.kaiyukan.com/thv/marketplace/floor.html","","cost | opening_hours_source","date_specific_hours_required","공식 페이지 시간의 00:00 표시는 로딩용 자리표시자. 실제 영업시간으로 사용하지 않음. | 시청 공식 행사 공지의 마켓플레이스 시설 주소와 운영사 층별 안내 확인. covered는 실내 쇼핑 공간. 영업시간은 방문일별 공식 달력 확인 필요.","false","{""name"":{""kind"":""osm"",""url"":""https://www.openstreetmap.org/way/151816175""},""name_ko"":{""kind"":""osm"",""url"":""https://www.openstreetmap.org/way/151816175""},""category"":{""kind"":""osm"",""url"":""https://www.openstreetmap.org/way/151816175""},""latitude"":{""kind"":""osm"",""url"":""https://www.openstreetmap.org/way/151816175""},""longitude"":{""kind"":""osm"",""url"":""https://www.openstreetmap.org/way/151816175""},""opening_hours"":{""kind"":""osm"",""url"":""https://www.openstreetmap.org/way/151816175""},""website"":{""kind"":""osm"",""url"":""https://www.openstreetmap.org/way/151816175""},""address"":{""kind"":""official_web_review"",""urls"":[""https://www.city.osaka.lg.jp/hodoshiryo/port/0000668679.html"",""https://www.kaiyukan.com/thv/marketplace/floor.html""],""checked_at"":""2026-09-28"",""note"":""시청 공식 행사 공지의 마켓플레이스 시설 주소와 운영사 층별 안내 확인. covered는 실내 쇼핑 공간. 영업시간은 방문일별 공식 달력 확인 필요."",""revision"":""official_fields_20260928_v2""},""covered"":{""kind"":""classification_from_official_description"",""urls"":[""https://www.city.osaka.lg.jp/hodoshiryo/port/0000668679.html"",""https://www.kaiyukan.com/thv/marketplace/floor.html""],""checked_at"":""2026-09-28"",""note"":""시청 공식 행사 공지의 마켓플레이스 시설 주소와 운영사 층별 안내 확인. covered는 실내 쇼핑 공간. 영업시간은 방문일별 공식 달력 확인 필요."",""revision"":""official_fields_20260928_v2""},""verified_at"":{""kind"":""review_date_only"",""urls"":[""https://www.city.osaka.lg.jp/hodoshiryo/port/0000668679.html"",""https://www.kaiyukan.com/thv/marketplace/floor.html""],""checked_at"":""2026-09-28"",""note"":""시청 공식 행사 공지의 마켓플레이스 시설 주소와 운영사 층별 안내 확인. covered는 실내 쇼핑 공간. 영업시간은 방문일별 공식 달력 확인 필요."",""revision"":""official_fields_20260928_v2""},""area"":{""kind"":""derived_from_official_address"",""urls"":[""https://www.city.osaka.lg.jp/hodoshiryo/port/0000668679.html"",""https://www.kaiyukan.com/thv/marketplace/floor.html""],""checked_at"":""2026-09-28"",""derived_at"":""2026-09-28"",""revision"":""official_fields_20260928_v2"",""note"":""공식 주소에서 행정구 추출. 관광 권역 아님.""},""bag_load"":{""kind"":""team_rule_estimate"",""urls"":[""https://github.com/travel-recommender/gachilo/issues/1""],""checked_at"":""2026-09-29"",""revision"":""team_planning_rules_20260929"",""note"":""기존 get_luggage_score와 동일: 쇼핑 2, 지정 시장·상점가·아메리카무라·신세카이 1, 나머지 0. kg가 아닌 상대 점수.""},""stay_min"":{""kind"":""team_rule_estimate"",""urls"":[""https://github.com/travel-recommender/gachilo/issues/1""],""checked_at"":""2026-09-29"",""revision"":""team_planning_rules_20260929"",""note"":""사용자 제공 체류시간 범위 90~180분, 쇼핑몰·백화점. 일정 여유를 위해 상한 적용. 실제 관람 소요시간이 아닌 추정값.""}}"
"osm_node_6189996345","cadode cafe","가도데 카페","카페","尼崎市","3-chome-3-11 Kamisakabe, Amagasaki, Hyogo 661-0979 일본","34.7495188","135.4303006","11:00-17:00; Mo, Su, PH off",,"60","0",,"https://cadodecafe.com/",,,"","사용자 제공 체류시간 범위 45~60분, 카페. 일정 여유를 위해 상한 적용. 실제 관람 소요시간이 아닌 추정값.","","https://www.openstreetmap.org/node/6189996345","https://maps.google.com/?cid=9057845089131137736 | https://www.openstreetmap.org/node/6189996345","https://maps.google.com/?cid=9057845089131137736 | https://www.openstreetmap.org/node/6189996345","","https://github.com/travel-recommender/gachilo/issues/1","","","cost | covered | opening_hours_source | verified_at","outside_osaka_city","효고현 아마가사키 소재. 중앙 오사카 bbox에 포함되지만 오사카시 밖임. | Google Maps 장소명·주소와 기존 OSM 위치 대조. 지도 지점 좌표 차이 1.6m. 주소만 확인했으며 영업시간 검증 아님.","false","{""name"":{""kind"":""osm"",""url"":""https://www.openstreetmap.org/node/6189996345""},""category"":{""kind"":""osm"",""url"":""https://www.openstreetmap.org/node/6189996345""},""latitude"":{""kind"":""osm"",""url"":""https://www.openstreetmap.org/node/6189996345""},""longitude"":{""kind"":""osm"",""url"":""https://www.openstreetmap.org/node/6189996345""},""opening_hours"":{""kind"":""osm"",""url"":""https://www.openstreetmap.org/node/6189996345""},""website"":{""kind"":""osm"",""url"":""https://www.openstreetmap.org/node/6189996345""},""name_ko"":{""kind"":""editorial_korean_translation"",""urls"":[""https://www.openstreetmap.org/node/6189996345""],""checked_at"":""2026-09-28"",""revision"":""korean_display_names_20260928"",""original_name"":""cadode cafe"",""note"":""검토 편의를 위한 원문 기반 한국어 번역·음역. 공식 한국어 명칭 또는 지점 검증 완료를 의미하지 않음. 원문 name을 검색 시 함께 사용.""},""address"":{""kind"":""google_maps_ui_review"",""urls"":[""https://maps.google.com/?cid=9057845089131137736"",""https://www.openstreetmap.org/node/6189996345""],""checked_at"":""2026-09-28"",""revision"":""map_addresses_20260928"",""note"":""Google Maps 장소명·주소와 기존 OSM 위치 대조. 지도 지점 좌표 차이 1.6m. 주소만 확인했으며 영업시간 검증 아님.""},""area"":{""kind"":""derived_from_map_address"",""urls"":[""https://maps.google.com/?cid=9057845089131137736"",""https://www.openstreetmap.org/node/6189996345""],""checked_at"":""2026-09-28"",""revision"":""map_addresses_20260928"",""note"":""Google Maps 장소명·주소와 기존 OSM 위치 대조. 지도 지점 좌표 차이 1.6m. 주소만 확인했으며 영업시간 검증 아님.""},""bag_load"":{""kind"":""team_rule_estimate"",""urls"":[""https://github.com/travel-recommender/gachilo/issues/1""],""checked_at"":""2026-09-29"",""revision"":""team_planning_rules_20260929"",""note"":""기존 get_luggage_score와 동일: 쇼핑 2, 지정 시장·상점가·아메리카무라·신세카이 1, 나머지 0. kg가 아닌 상대 점수.""},""stay_min"":{""kind"":""team_rule_estimate"",""urls"":[""https://github.com/travel-recommender/gachilo/issues/1""],""checked_at"":""2026-09-29"",""revision"":""team_planning_rules_20260929"",""note"":""사용자 제공 체류시간 범위 45~60분, 카페. 일정 여유를 위해 상한 적용. 실제 관람 소요시간이 아닌 추정값.""}}"
"osm_node_2546559085","一蘭 道頓堀店本館","이치란라멘","식사","大阪市中央区","大阪府大阪市中央区宗右衛門町7-18","34.6692398","135.5030675",,,"90","0",,"http://www.ichiran.co.jp/tenpo/kin_douton.html",,"2026-09-26","","사용자 제공 체류시간 범위 60~90분, 식당. 일정 여유를 위해 상한 적용. 실제 관람 소요시간이 아닌 추정값.","","","https://ichiran.com/shop/kinki/dotonbori-main/","https://ichiran.com/shop/kinki/dotonbori-main/","","https://github.com/travel-recommender/gachilo/issues/1","","","opening_hours | cost | covered | opening_hours_source","permanently_closed","공식 지점 페이지에서 영업 종료 확인. 도톤보리 별관과 구분.","false","{""name"":{""kind"":""osm"",""url"":""https://www.openstreetmap.org/node/2546559085""},""name_ko"":{""kind"":""osm"",""url"":""https://www.openstreetmap.org/node/2546559085""},""category"":{""kind"":""osm"",""url"":""https://www.openstreetmap.org/node/2546559085""},""latitude"":{""kind"":""osm"",""url"":""https://www.openstreetmap.org/node/2546559085""},""longitude"":{""kind"":""osm"",""url"":""https://www.openstreetmap.org/node/2546559085""},""opening_hours"":{""kind"":""official_web_review"",""urls"":[""https://ichiran.com/shop/kinki/dotonbori-main/""],""checked_at"":""2026-09-26"",""evidence_window"":""2026-09-24/2026-09-26""},""website"":{""kind"":""osm"",""url"":""https://www.openstreetmap.org/node/2546559085""},""address"":{""kind"":""official_web_review"",""urls"":[""https://ichiran.com/shop/kinki/dotonbori-main/""],""checked_at"":""2026-09-26"",""evidence_window"":""2026-09-24/2026-09-26""},""opening_hours_source"":{""kind"":""official_web_review"",""urls"":[""https://ichiran.com/shop/kinki/dotonbori-main/""],""checked_at"":""2026-09-26"",""evidence_window"":""2026-09-24/2026-09-26""},""verified_at"":{""kind"":""review_date_only"",""check_id"":""osm_node_2546559085_address_hours_20260926"",""note"":""장소 전체 또는 일정 사용 가능 판정이 아님. 검증 범위는 필드 출처 참조.""},""area"":{""kind"":""derived_from_official_address"",""urls"":[""https://ichiran.com/shop/kinki/dotonbori-main/""],""checked_at"":""2026-09-26"",""derived_at"":""2026-09-28"",""note"":""공식 출처 주소의 행정구만 추출. 관광 권역·출입구 좌표 추정 아님.""},""bag_load"":{""kind"":""team_rule_estimate"",""urls"":[""https://github.com/travel-recommender/gachilo/issues/1""],""checked_at"":""2026-09-29"",""revision"":""team_planning_rules_20260929"",""note"":""기존 get_luggage_score와 동일: 쇼핑 2, 지정 시장·상점가·아메리카무라·신세카이 1, 나머지 0. kg가 아닌 상대 점수.""},""stay_min"":{""kind"":""team_rule_estimate"",""urls"":[""https://github.com/travel-recommender/gachilo/issues/1""],""checked_at"":""2026-09-29"",""revision"":""team_planning_rules_20260929"",""note"":""사용자 제공 체류시간 범위 60~90분, 식당. 일정 여유를 위해 상한 적용. 실제 관람 소요시간이 아닌 추정값.""}}"
