name,name_ko,category,latitude,longitude,opening_hours,website
道頓堀グリコサイン,도톤보리 글리코 사인,명소,34.668926,135.5010546,,
千日前道具屋筋店街,,명소,34.6639801,135.5034923,,
新世界,신세카이,명소,34.6520901,135.5061908,,
ドラゴンゲート,,명소,34.6685828,135.5038166,,
空中庭園展望台,우메다 공중정원 전망대,명소,34.7053004,135.4901397,Mo-Su 09:30-22:30,
アメリカ村,아메리카무라,명소,34.672085,135.4979465,,
湊町リバープレイス,,명소,34.6687571,135.4954509,,
御堂筋銀杏,,명소,34.6726167,135.5003673,,
心斎橋筋商店街,홉슈크림,명소,34.6742186,135.5013722,,https://shinsaibashi-noh.jp/
オレンジストリート,,명소,34.6710156,135.4954996,,
芭蕉終焉の地,,명소,34.6809146,135.5006223,,
とんぼりリバークルーズ,,명소,34.6691362,135.5027051,,https://www.ipponmatsu.co.jp/cruise/tombori.html
道頓堀川遊覽船,,명소,34.6691158,135.499938,,
水の時計,,명소,34.7016851,135.4966139,,
心斋桥筋商店街,,명소,34.669441,135.5012919,,
黒門市場,쿠로몬시장,명소,34.666272,135.5070387,,
天空の農園,,명소,34.7034681,135.4964427,,
旧新歌舞伎座,,명소,34.6658658,135.500095,,
松栄堂,,명소,34.6829159,135.5009368,,
毛馬閘門,,명소,34.7211475,135.5170669,,
石造三重宝篋印塔,,명소,34.7090228,135.5233265,,
阪急BIGMAN,,명소,34.7049058,135.4986984,,
国旗掲揚塔,,명소,34.6482783,135.5196896,,
太閤下水見学施設,,명소,34.6801037,135.5144665,,
Akiba Kart Osaka,,명소,34.6611047,135.5070825,,https://osakakart.com/en/
Namba Parks Light Waterfall,,명소,34.6606235,135.5018839,,
ワケ橋,,명소,34.6511463,135.5116039,,
エレメカ研究所,,명소,34.7093677,135.5033041,Mo-Su 12:00-17:00,https://x.com/elemecalabo
包ギョーザ,,명소,34.6973339,135.4863544,,
大手口 枡形の巨石,,명소,34.6851811,135.523391,,
肥後石,,명소,34.6891081,135.5239197,,
キャラクター身長計（僕のヒーローアカデミア・ONE PIECE）,,명소,34.673275,135.5007777,,
千貫櫓,,명소,34.6856769,135.52288727142857,,
六番櫓,,명소,34.684152080000004,135.52414434,,
道頓堀,도톤보리,명소,34.66873157692308,135.50276716153846,,
大阪松竹座,,명소,34.6684315625,135.50092885,,https://www.shochiku.co.jp/play/shochikuza/
茶室（豊松庵）,,명소,34.68822910869565,135.52397912608697,,https://www.osakacastlepark.jp/articles/detail.html?lang=en&id=33
レッサーパンダ舎,,명소,34.652294454545455,135.50909523636363,,
戎橋筋商店街,,명소,34.66618763333333,135.50144051666666,,
通天閣,쓰텐카쿠,명소,34.6525606,135.50629162857143,Mo-Su 08:30-21:30,https://www.tsutenkaku.co.jp/
戎橋,,명소,34.66905496842105,135.5012873236842,,https://www.city.osaka.lg.jp/kensetsu/page/0000021695.html
HEP FIVE観覧車,,명소,34.70399392857143,135.50003475714286,Mo-Su 11:30-22:00,
乾櫓,,명소,34.687961557142856,135.52153044285714,,
道頓堀橋,도톤보리 교,명소,34.66903473703704,135.50032561851853,,https://www.city.osaka.lg.jp/kensetsu/page/0000493973.html
OAP港,,명소,34.70056734,135.52063618000003,,
川口基督教会,,문화,34.6821126,135.4821593,,
竹林寺,,문화,34.6770957,135.4798359,,
御霊神社,,문화,34.6703005,135.4807706,,
榎木大明神,,문화,34.6762411,135.5140185,,
五條宮,,문화,34.6570768,135.518608,,
宗恩寺,,문화,34.6570022,135.5167777,,
金光教,,문화,34.6785178,135.4856341,,
狸坂大明神,,문화,34.678057,135.5128388,,
大阪府立 上方演芸資料館,,문화,34.6646523,135.5031573,,
大阪府立現代美術センター,,문화,34.6839942,135.5180899,,
湯木美術館,,문화,34.6875435,135.5022517,,
造幣博物館,,문화,34.6958942,135.5216842,Mo-Su 09:00-16:45,https://www.mint.go.jp/enjoy/plant-osaka/plant_museum.html
佛照寺,,문화,34.710404,135.509408,,
天満別館,,문화,34.6963099,135.5159534,,
光照山正祐寺,,문화,34.6621944,135.5190267,,
来迎寺,,문화,34.6601693,135.5188064,,
宗林寺,,문화,34.6606019,135.518779,,
吉祥寺,,문화,34.660289,135.515145,,
鳳林寺,,문화,34.659686,135.514899,,
太平寺,,문화,34.659298,135.513845,,
ナルミヤ戎橋画廊,,문화,34.6683852,135.50115,,
ほたるアート,,문화,34.6944774,135.5109166,,
天満教会,,문화,34.69465,135.510805,,
design museum,,문화,34.6910724,135.4868302,,https://designde.jp/
南蛮文化館,,문화,34.709457,135.4919,,
北向地蔵尊,,문화,34.704862,135.4979631,,
出世地蔵尊,,문화,34.668839,135.4994221,,
南森町アートギャラリー,,문화,34.6979209,135.5125911,,
延命地蔵尊,,문화,34.6652429,135.4966148,,
大国主神社,,문화,34.657536,135.497438,,
法照寺,,문화,34.663596,135.497597,,
少彦名神社,,문화,34.6888082,135.5060348,,
楠永神社,,문화,34.6842409,135.4925608,,
日本基督教団大阪教会,,문화,34.6893554,135.4935515,,https://www.osaka-church.net/
正蓮寺,,문화,34.71587,135.510822,,
真田大明神 豊受大神 松永大明神,,문화,34.6723417,135.5162081,,
龍王大神,,문화,34.7014811,135.505924,,
楠木大神,,문화,34.6717076,135.5172762,,
恵美須神社,,문화,34.7152887,135.5019229,,
鹿島神社,,문화,34.7150985,135.5017188,,
稲荷神社,,문화,34.7153177,135.5021424,,
東照宮社 厳島神社,,문화,34.7153125,135.5020401,,
楠大神,,문화,34.6800638,135.4780747,,
中之島一講 皇大神宮社,,문화,34.6928033,135.4940779,,
西善寺,,문화,34.6920402,135.484925,,
日本基督教団大阪聖光教会,,문화,34.6551078,135.4943176,,
まほうびん記念館,,문화,34.6954604,135.5182208,Mo-Fr 10:00-16:00,https://www.zojirushi.co.jp/corp/kinenkan/
ギャラリー ササキ商店,,문화,34.6723975,135.5009862,,http://www.gallerysasaki.com/
宝光寺,,문화,34.712701,135.506525,,
宝聖寺,,문화,34.7154142,135.5080366,,
ギャラリー菊,,문화,34.6973382,135.5036525,,
葵稲荷大神,,문화,34.6617143,135.5027636,,
天正寺,,문화,34.6550892,135.5190606,,
川崎地蔵尊,,문화,34.6920003,135.5215975,,
大阪くらしの今昔館,오사카 주택박물관,문화,34.7104664,135.5114334,We-Mo 10:00-17:00,https://www.osaka-angenet.jp/konjyakukan/
岡松寺,,문화,34.6948172,135.4827272,,
龍徳寺,,문화,34.65887,135.514647,,
海真寺,,문화,34.66893,135.516483,,
正覚寺,,문화,34.670836,135.517034,,
銀山寺,,문화,34.663081,135.51269,,
真光院,,문화,34.657386,135.513399,,
蓮光寺,,문화,34.667263,135.514256,,
江國寺,,문화,34.66874,135.515227,,
雲雷寺,,문화,34.67007,135.514776,,
妙寿寺,,문화,34.670808,135.515491,,
昌林寺,,문화,34.658852,135.513054,,
了安寺,,문화,34.66195,135.514359,,
大倫寺,,문화,34.668897,135.514585,,
本要寺,,문화,34.670541,135.514959,,
福泉寺,,문화,34.67028,135.515495,,
イロリムラ,,문화,34.7065298,135.5055157,,
有縁 無縁 萬霊供羪,,문화,34.6951583,135.4849722,,
和光館,,문화,34.6541476,135.5152321,,
大阪歴史博物館,오사카 역사박물관,문화,34.6826183,135.5208131,We-Mo 09:30-17:00,https://www.osakamushis.jp/
中之島 香雪美術館,,문화,34.6931852,135.4953906,,
ダイビルサロン“1923”,,문화,34.6931665,135.4925233,,
大阪現代画廊,,문화,34.6965588,135.5052397,,
現代クラフトギャラリー,,문화,34.6965731,135.5051961,,
聴信寺,,문화,34.719169,135.522852,,
善福寺,,문화,34.7240187,135.5215928,,
一願堂,,문화,34.701924,135.5043337,,
護摩堂,,문화,34.7018451,135.5043438,,
大師堂,,문화,34.7018093,135.5043492,,
アトリエ三月,,문화,34.7091552,135.5036156,,
延命地蔵,,문화,34.6663383,135.4799722,,
MEZI SPACE,,문화,34.6873271,135.4870265,,
10W Gallery,,문화,34.687496,135.507955,,
芝田町画廊,,문화,34.70765,135.496363,,
ギャラリーびー玉,,문화,34.6987131,135.5129565,,
Nano Gallery,,문화,34.6504606,135.5133495,,
ai gallery,,문화,34.6769825,135.5035573,,
ぎゃらりぃ あと,,문화,34.7080819,135.5080591,,
風雅,,문화,34.6744256,135.5191382,,
乙画廊,,문화,34.6959859,135.5023481,,
道,,문화,34.6867694,135.4949861,,
法華庵神宮寺,,문화,34.6694335,135.4861236,,
白玉大明神,,문화,34.6733966,135.5128423,,
ondo,,문화,34.6903739,135.4931764,,
毎日稲荷社,,문화,34.6981608,135.4902856,,
妙像寺,,문화,34.6703931,135.5161576,,
ESPACE 446,,문화,34.6830637,135.49887,,
なんばパークスミュージアム,,문화,34.6614738,135.5015839,,
太融寺境外社,,문화,34.7015145,135.505909,,
モノコト,,문화,34.7078219,135.5043887,,
ränbu,,문화,34.7037868,135.4898899,We-Mo 12:30-19:30,
GALLERY ZERO,,문화,34.6872194,135.4934211,,
泰聖寺,,문화,34.6562093,135.5110077,,
梅旧院光明殿,,문화,34.6571398,135.5102098,,
良運院,,문화,34.6575557,135.5111982,,
西念寺,,문화,34.6580014,135.5111432,,
幸念寺,,문화,34.6581525,135.5111526,,
西照寺,,문화,34.6586776,135.5112478,,
称名寺,,문화,34.6590074,135.511158,,
宗慶寺,,문화,34.6594658,135.5112887,,
大光寺,,문화,34.6601271,135.5112585,,
法界寺,,문화,34.6603687,135.5113269,,
西往寺,,문화,34.6605992,135.5114798,,
超心寺,,문화,34.6608519,135.5113699,,
光傅寺,,문화,34.6612578,135.5114409,,
宗念寺,,문화,34.6613758,135.5115415,,
光明寺,,문화,34.6620366,135.5114248,,
大覚寺,,문화,34.6624635,135.5115134,,
萬福寺,,문화,34.6628462,135.5115482,,
金台寺,,문화,34.6634044,135.5115992,,
浄國寺,,문화,34.664738,135.5116542,,
稱念寺,,문화,34.6650413,135.5116528,,
應典院,,문화,34.6654373,135.5114275,,
大蓮寺,,문화,34.665734,135.511803,,
大念寺,,문화,34.6713549,135.5198711,,
専念寺,,문화,34.670349,135.519796,,
源光寺,,문화,34.6694611,135.5196632,,
歳光院,,문화,34.669085,135.5195653,,
観音寺,,문화,34.6700909,135.5238153,,
常楽寺,,문화,34.6700821,135.5236812,,
法蔵院,,문화,34.6702619,135.5226955,,
佛心寺,,문화,34.6701086,135.5227491,,
全慶院,,문화,34.6699872,135.5226164,,
寶樹寺,,문화,34.6696266,135.5225185,,
妙中禅寺,,문화,34.6685478,135.5211452,,
無量寺,,문화,34.6687398,135.5216038,,
誓福寺,,문화,34.6692615,135.5216736,,
蓮生寺,,문화,34.6692218,135.5209735,,
長安寺,,문화,34.6696067,135.5211371,,
誓安寺,,문화,34.6695041,135.5218023,,
龍淵寺,,문화,34.6699321,135.5218694,,
顯祥寺,,문화,34.6699575,135.5213504,,
極楽寺,,문화,34.670156,135.5218519,,
慶恩院,,문화,34.6703336,135.5212337,,
栄松院,,문화,34.6705156,135.5220732,,
梅松院,,문화,34.6706623,135.5212618,,
大通寺,,문화,34.6710185,135.5220102,,
天然時,,문화,34.6712755,135.5214643,,
天性寺,,문화,34.6696363,135.5203479,,
大福寺,,문화,34.6711895,135.5206624,,
念佛寺,,문화,34.670734,135.5205081,,
実相寺,,문화,34.6702233,135.5204679,,
齢延寺,,문화,34.6637916,135.5127391,,
大安寺,,문화,34.6617873,135.5126157,,
法善寺別院,,문화,34.6616317,135.5133721,,
法仙寺,,문화,34.661025,135.5124186,,
九應寺,,문화,34.6611971,135.5125755,,
西方寺,,문화,34.66156,135.5125849,,
宝国寺,,문화,34.6612457,135.5132179,,
青漣寺,,문화,34.6605033,135.5131294,,
天瑞寺,,문화,34.6594123,135.5134191,,
春陽軒,,문화,34.6593836,135.513069,,
浄春寺,,문화,34.6588453,135.5122764,,
洞岩禅寺,,문화,34.6586324,135.5136846,,
勝鬘院・愛染堂,,문화,34.6573891,135.5125862,,
SUNABA GALLERY,,문화,34.7070332,135.5049272,,
solaris,,문화,34.6769459,135.5032045,,
CENTENNIAL,,문화,34.6860283,135.5158721,,
The 14th. MOON,,문화,34.6860585,135.5159178,,
igu_m_art,,문화,34.6969877,135.5052031,12:00-19:00,
清水地蔵尊,,문화,34.6496267,135.5164364,,
ビリケン神社,,문화,34.6511512,135.5055214,,
安養寺,,문화,34.660306,135.49531,,
田辺三菱製薬史料館,,문화,34.6883784,135.5032706,,
くすりの道修町資料館,,문화,34.6886356,135.5059954,Mo-Sa 10:00-18:00,https://www.sinnosan.jp/kusuri/
武田科学振興財団杏雨書屋,,문화,34.688393,135.504779,,
七福神,,문화,34.6571317,135.5126547,,
大力金剛尊,,문화,34.6571228,135.5125556,,
福永稲荷大明神,,문화,34.6990559,135.496959,,
一徳寺,,문화,34.6604633,135.4921679,,
オソブランコ,,문화,34.6688181,135.4944163,,
神明社,,문화,34.6990967,135.5035813,,
高島屋史料館,,문화,34.6627304,135.5065257,,
大阪淡路教会,,문화,34.7367155,135.5169549,,
平和地蔵尊,,문화,34.6629914,135.4969221,,
常念寺,,문화,34.6619441,135.4950239,,
延命地蔵尊 一願地蔵尊 福徳地蔵尊,,문화,34.7206059,135.4848147,,
空白,,문화,34.7121446,135.4928458,,
持明院,,문화,34.6652495,135.5144578,,
お𠮷稲荷,,문화,34.6947644,135.5093466,,
gallery B.B,,문화,34.7100466,135.4958948,,
高石大明神;石丸大明神,,문화,34.7386701,135.5097436,,
本覚寺,,문화,34.6841593,135.5163923,,
フジカワ画廊,,문화,34.6858218,135.5067276,,https://www.fujikawa-galleries.com/home.html
富士フイルムフォトサロン大阪,,문화,34.6840413,135.5042338,,
遥拝所,,문화,34.708982,135.5233306,,
海月文庫アートスペース,,문화,34.7265771,135.4930465,,https://www.kuragebunko.com/
ブルームギャラリー,,문화,34.7155393,135.4811349,,https://linktr.ee/bloom_gallery
現龍大神,,문화,34.7249243,135.5100698,,
太郎助大神,,문화,34.7249254,135.5100472,,
現龍宮修繕募金寄付者芳名,,문화,34.724921,135.5101366,,
手水舎,,문화,34.7248329,135.5099846,,
現龍大明神,,문화,34.7249221,135.5101153,,
太郎助大明神,,문화,34.7249226,135.5101045,,
仏,,문화,34.6632359,135.521524,,
清風神社,,문화,34.6638387,135.5218224,,
曼荼羅,,문화,34.6632766,135.5218479,,
天理教御津大教會,,문화,34.6724673,135.5096662,,
真宗高田派 正覚寺,,문화,34.6760011,135.5213923,,
寶泉寺,,문화,34.6768563,135.5187191,,
永照寺,,문화,34.7109122,135.4942413,,
天理教洗心分教会,,문화,34.7409002,135.5083673,,
大阪浮世絵美術館,,문화,34.6710329,135.5016965,Mo-Su 10:00-17:00,
柳谷十一面観音菩薩 子安地蔵尊,,문화,34.731245,135.5139109,,
願泉寺,,문화,34.6561151,135.494574,,
西海寺,,문화,34.6675964,135.5192863,,
新大阪なぐさめキリスト教会,,문화,34.7299083,135.5047098,,
天理教東祝分教会,,문화,34.7389374,135.5155102,,
天理教淀里分教会,,문화,34.7373529,135.5134126,,
天理教眞榊分教会,,문화,34.7350443,135.5096666,,
地蔵寺,,문화,34.6963103,135.4883658,,
圓光寺,,문화,34.7388654,135.5000787,,
グッド・サマリタン・チャーチ,,문화,34.7404531,135.5130315,,
円王教 南教会,,문화,34.7386238,135.5139413,,
天理教芦島分教会,,문화,34.7384353,135.5230948,,
日本福音ルーテル大阪教会,,문화,34.6834966,135.5186004,,
日本基督教団 東淀川教会,,문화,34.7379235,135.50665,,
南江寺,,문화,34.7095875,135.5226506,,
在日本プレスビデリアンミッション 大阪チャーチ,,문화,34.7361412,135.5136681,,
信明寺,,문화,34.7290188,135.5079383,,
世界平和統一家庭連合 水都家庭教会,,문화,34.7294587,135.5021683,,
金光教神津教會,,문화,34.7224776,135.4910967,,
天理教大光布教所,,문화,34.7277854,135.5118229,,
天理教國次分教會,,문화,34.7369014,135.5192117,,
天理教理満分教会,,문화,34.736752,135.5194482,,
三輪明神,,문화,34.6568742,135.499399,,
世界平和教団,,문화,34.673224,135.5028001,,
アートコートギャラリー,,문화,34.6990843,135.5209862,Tu-Fr 11:00-18:00; Sa 11:00-17:00,https://www.artcourtgallery.com/
ギャラリー GODA,,문화,34.7223032,135.4835716,,
顕神会,,문화,34.7364153,135.4884123,,
絹谷幸二 天空美術館,,문화,34.7052685,135.4896361,,https://www.kinutani-tenku.jp/
大阪淀川別院,,문화,34.7394766,135.4941154,,
大阪大国教会,,문화,34.6564895,135.4981848,,
金光教柴島教会,,문화,34.7303476,135.513561,,
稲荷大明神,,문화,34.7031489,135.4984061,,
大本山勧修寺宮門跡直末 成就院,,문화,34.7304836,135.4974678,,
無量寺灸,,문화,34.667141,135.5191068,,
玉吉稲荷,,문화,34.6877202,135.4848073,,
Art.K,,문화,34.6716634,135.4984081,,
MUSTARDSEEDクリスチャン株会,,문화,34.7094533,135.4924632,,
大阪天満宮 千代崎行宮,,문화,34.6727436,135.4789634,,
御国大阪教会,,문화,34.7363479,135.4861433,,
福泉禅師,,문화,34.7344614,135.4798421,,
ebisu gallery,,문화,34.6575074,135.5059299,,
金刀比羅神社,,문화,34.6786472,135.4997618,,
博労稲荷社,,문화,34.6788272,135.4997806,,
水道記念館,,문화,34.72434696,135.50544187999998,,
PL教団,,문화,34.67231378333333,135.476145675,,
立正佼成会大阪普門館,,문화,34.688571555555555,135.49724351111112,,
大阪科学技術館,,문화,34.68649500769231,135.4963024923077,"Mo-Sa 10:00-17:00; Su,PH 10:00-16:30",
九島院,,문화,34.677969919999995,135.4754107,,
茨住吉神社,,문화,34.67532505,135.47788702,,
長柄八幡宮,,문화,34.715923929999995,135.51404477,,
大阪市立東洋陶磁美術館,,문화,34.693466139130436,135.50544585652173,,https://www.moco.or.jp/
聖天了徳院,,문화,34.698455520833335,135.48300538750001,,
法清寺,,문화,34.698651142857145,135.50286144285715,,
東立寺,,문화,34.65276271818182,135.51218964545453,,
超願寺,,문화,34.65137466666667,135.5160522888889,,
願生寺,,문화,34.6631188,135.51663254,,
長願寺,,문화,34.662965299999996,135.51682616,,
大阪市立美術館,,문화,34.65006793809524,135.51053006666666,"Tu-Su 09:30-17:00; 2022 Sep 26-2025 Feb 28 closed ""closed due to renovation""",https://www.osaka-art-museum.jp/
日本バプテスト大坂協会,,문화,34.65074831818182,135.5133927090909,,
提法寺,,문화,34.71140768,135.50372894,,
大阪梅田教会,,문화,34.709676449999996,135.49817296666666,,
南照寺,,문화,34.6501184,135.5130006,,
大阪聖パウロ教会,,문화,34.70613962,135.49991696,,
正宣寺,,문화,34.70765316,135.50415379999998,,
善徳寺,,문화,34.70658231111111,135.5043744777778,,
安楽寺,,문화,34.71343118,135.50671807999998,,
神津神社,,문화,34.7205159125,135.484530275,,
大阪日本橋キリスト教会,,문화,34.66583738888889,135.5058679888889,,
大信寺,,문화,34.706746845454546,135.5097131090909,,
宝珠院,,문화,34.7000179,135.51450051666666,,
蓮興寺,,문화,34.7003449,135.51064584,,
東梅田教会,,문화,34.70170457692308,135.50614674615383,,
金臺寺,,문화,34.70409064117647,135.50371039411766,,
円頓寺,,문화,34.7019069,135.50271212,,
夕願寺,,문화,34.70048475555556,135.50728403333335,,
妙香院,,문화,34.699940954545454,135.50439873636364,,
圓通院,,문화,34.69985920714286,135.50421248571428,,
善覚寺,,문화,34.70011312222223,135.5025292888889,,
天龍寺,,문화,34.70792815714286,135.49229827142858,,
創価学会,,문화,34.7153277625,135.510895975,,
教恩寺,,문화,34.71708794,135.50426576,,
妙福寺,,문화,34.70011692,135.51032524,,
龍海寺,,문화,34.69988585333333,135.51625057333334,,
金光教 天満教会,,문화,34.69866604,135.5128078,,
本遇寺,,문화,34.692823736363636,135.48566000000002,,
創価学会 大阪西文化会館,,문화,34.68155693333333,135.48094026666666,,
智源寺,,문화,34.70045752222222,135.51119083888887,,
善導寺,,문화,34.7000539,135.51306821999998,,
天徳寺,,문화,34.70006695,135.5135071,,
栗東寺,,문화,34.700034025,135.5139939,,
成正寺,,문화,34.7001202,135.51005036,,
国分寺,,문화,34.710177585714284,135.51440164285714,,
津波・高潮ステーション,,문화,34.682139355555556,135.48488844444444,Tu-Su 10:00-16:00,
金光教難波教会,,문화,34.6621314,135.50009418,,
鉄眼寺,,문화,34.66425892222222,135.49718168888887,,
日本工芸館,,문화,34.661245599999994,135.49860196,,
清風寺,,문화,34.7007148625,135.48509887,,
聖心寺,,문화,34.704797411111116,135.51333954444445,,
正善寺,,문화,34.70279715555555,135.5124592,,
水掛不動尊,,문화,34.6679368,135.50245402000002,,
法善寺,,문화,34.66788077142858,135.50260125714286,,https://houzenji.jp/
上方浮世絵館,,문화,34.66798204,135.50219842,Tu-Su 11:00-17:30,http://www.kamigata.jp/
三津寺,,문화,34.67057524166667,135.50069538333335,,
実践倫理会館,,문화,34.70129152,135.51509648,,
明福寺,,문화,34.70163561428571,135.51597397142856,,
瑞光禅寺,,문화,34.699955790909094,135.51544606363635,,
九品寺,,문화,34.6999814,135.51494734,,
淨信寺,,문화,34.694644728571426,135.5071220857143,,
圓勝寺,,문화,34.70148242727273,135.48522678181817,,
大将軍社,,문화,34.696281,135.51236356666666,,
大阪市立科学館,,문화,34.69127604193548,135.49152248064516,Tu-Su 09:30-17:00,https://www.sci-museum.jp/
国立国際美術館,,문화,34.6917195117647,135.49206512352941,"Sa-Su 10:00-17:00,Tu-Th 10:00-19:00,Fr 10:00-19:00",https://www.nmao.go.jp/
浄教寺,,문화,34.69427556666667,135.51363384444446,,
浄蓮寺,,문화,34.694035766666666,135.5142085,,
祐泉寺,,문화,34.69327886666667,135.51987543333334,,
信楽寺,,문화,34.67412002,135.50480468,,
島之内教会,,문화,34.672167820000006,135.50496536,,
妙法寺,,문화,34.66929057777778,135.51674038148147,,
大江神社,,문화,34.657336986666664,135.51201984666667,,
豊崎神社,,문화,34.71502722941176,135.50177868823528,,
日本天満橋キリスト教会,,문화,34.68960806,135.51394513999998,,
長光寺,,문화,34.68857947777778,135.51433342222222,,
欣浄寺,,문화,34.68755688,135.51695236,,
圓周寺,,문화,34.6843755,135.5168125,,
日本基督教団 大阪東教会,,문화,34.68293045555556,135.51471782222222,,
生國魂神社行宮,,문화,34.682342715384614,135.5112237230769,,
御津八幡宮,,문화,34.67143670769231,135.4992702923077,Mo-Su 07:00-18:00,https://mitsugu.org/
藤次寺,,문화,34.66613144,135.51526578,,
常国寺,,문화,34.66721349411765,135.51493821764706,,
正法寺,,문화,34.667675037037036,135.51442381111113,,
円妙寺,,문화,34.668471588888885,135.51451543333332,,
久成寺,,문화,34.66808657058824,135.51502757058824,,
本長寺,,문화,34.67019999090909,135.51607116363635,,
高倉稲荷神社,,문화,34.668989238461535,135.51409596923077,,
大仙寺,,문화,34.669079369230765,135.5158162230769,,
本政寺,,문화,34.66995834,135.51603696,,
禅林寺,,문화,34.669499419999994,135.51477012666666,,
法雲寺,,문화,34.66932766551724,135.5153434137931,,
法性寺,,문화,34.66987858,135.51525430666666,,
大雲寺,,문화,34.670744092,135.51492402,,
妙光寺,,문화,34.67024734444445,135.51705925555555,,
実泉寺,,문화,34.670532185714286,135.51553575,,
妙経寺,,문화,34.67089114,135.51611674,,
誓願寺,,문화,34.66992431111111,135.51951816666667,,
妙徳寺,,문화,34.67149000952381,135.5149481809524,,
蓮成寺,,문화,34.671146653125,135.51554904374999,,
長久寺,,문화,34.6715842,135.51618865999998,,
薬王寺,,문화,34.67104394545454,135.51496058636363,,
そら,,문화,34.67406348,135.51526826,,
毘沙門天 大乗坊,,문화,34.662466583333334,135.50520068333333,,
福島天満宮,,문화,34.69491241176471,135.4869657882353,,https://baifuugakuen.wixsite.com/tenmanguu
浄行寺,,문화,34.704443736363636,135.52024269999998,,
浄妙寺,,문화,34.70426972777778,135.52050065,,
源聖寺,,문화,34.663963914814815,135.5114977888889,,
光蓮寺,,문화,34.661516719999995,135.50810592,,
桜宮神社御旅所,,문화,34.71183358571428,135.52325702857144,,
高野寺,,문화,34.6893738,135.49209968,,
心宗寺,,문화,34.71159512727272,135.52322026363638,,
神應山 興禅寺,,문화,34.65496866842105,135.51116741052633,,
安居神社,,문화,34.65448886666667,135.5109169111111,,
浪速寺,,문화,34.655012371428576,135.503564,,
日出大國社,,문화,34.65752708461538,135.4971130923077,,
天理教,,문화,34.70409351111111,135.5241196,,
光受寺,,문화,34.65439551,135.50414661,,
天理教分教会,,문화,34.69800077777778,135.48222464444444,,
淀川神社,,문화,34.71823552,135.52123763,,
光園寺,,문화,34.650207699999996,135.51249152,,
Osaka Evangelistical Tabernacle,,문화,34.64910952,135.50440706,,
尊光寺,,문화,34.64915838636364,135.51227014999998,,
六大院,,문화,34.67180737333333,135.52499977333335,,
心光寺山門,,문화,34.661688399999996,135.51106242857142,,
香雪山圓照寺,,문화,34.687357152380955,135.49142065238095,,
心光寺,,문화,34.66175862857143,135.5115497857143,,
善龍寺,,문화,34.65919874,135.51132436,,
天龍院,,문화,34.671005694117646,135.52279251176472,,
楞嚴寺,,문화,34.6709356,135.5235191478261,,
大善寺,,문화,34.67032787272728,135.52340326363637,,
十萬寺,,문화,34.67051274285715,135.52278118571428,,
宗心寺,,문화,34.67033106666666,135.52363364444443,,
洞泉寺,,문화,34.66990503636364,135.52326273636365,,
宗圓寺,,문화,34.66966905454546,135.52321545454546,,
出雲大社 高津分祠,,문화,34.6698703,135.5236198,"Mo-Su 09:00-13:00, 14:00-17:00",
大実寺,,문화,34.662484279411764,135.51266619411766,,
光善寺,,문화,34.66302039230769,135.5134460846154,,
珊瑚寺,,문화,34.659537245454544,135.5123157818182,,
梅旧禅院,,문화,34.65930799230769,135.51257530769232,,
法岩寺,,문화,34.658254871428575,135.51375442857145,,
月江寺,,문화,34.660506863636364,135.5136241090909,,
弘法,,문화,34.65342896,135.51545416,,
幸福の科学,,문화,34.6518667,135.523506225,,
久保神社,,문화,34.65359803870968,135.52046142903225,,
天鷲寺,,문화,34.65911402222222,135.51469005555555,,
増福寺,,문화,34.66230465652174,135.5133864304348,,
光聖寺,,문화,34.661677544444444,135.51435732222222,,
光山寺,,문화,34.664156732,135.515755828,,
宗恵院,,문화,34.66198684444444,135.51521366666668,,
東高津宮,,문화,34.66821981764706,135.5216770882353,,
天理教大阪教務支庁,,문화,34.658798422222226,135.52038856666667,,
専宗寺,,문화,34.72353656,135.4892484,,
立森瑞神,,문화,34.72713008,135.4869244,,
正通院,,문화,34.7222651375,135.49251719375,,
昭光寺,,문화,34.72662338,135.49377788,,
妙栄寺,,문화,34.7275617,135.49207408571428,,
真教寺,,문화,34.719360137500004,135.4876675375,,
善久寺,,문화,34.720724545454544,135.48792417272728,,
長教寺,,문화,34.739309544444446,135.48554084444447,,
常光寺,,문화,34.74086245,135.4990385375,,
崇禅寺,,문화,34.73405906666667,135.50863616666666,,
柴島神社,,문화,34.73096325,135.51449047,,
中島惣社,,문화,34.73378998888889,135.50629555925926,,
正徳寺,,문화,34.73740292857143,135.5050586142857,,
徳蔵寺,,문화,34.7285522375,135.502424225,,
正福寺,,문화,34.72681746666667,135.50376363333334,,
大阪東十三 教会,,문화,34.71924798,135.4870709,,
日本聖公会聖贖主教会礼拝堂,,문화,34.72179792,135.47608572,,https://www.hakuaisha-welfare.net/redeemer/
日本バプテスト大阪神愛教会,,문화,34.71787762857143,135.4772751142857,,
活けるキリスト大阪一麦教会,,문화,34.733844175,135.487257325,,
常源寺,,문화,34.6831461,135.48807927777779,,
大阪西教会,,문화,34.67764974285714,135.49048064285714,,
サムハラ 神社,,문화,34.678951488888885,135.49097542222222,,
弘法寺,,문화,34.68947431818182,135.47877521818182,,
大林寺,,문화,34.72464645294117,135.5004898,,
創価学会 新大阪文化会館,,문화,34.72875625882353,135.49328059411766,,
大將軍社,,문화,34.73416666,135.50655546000002,,
玉造稲荷神社,,문화,34.67568638,135.52419082,,
富島神社,,문화,34.71347207272727,135.49537206363635,,
大阪中之島美術館,,문화,34.69269993,135.49118758,"Tu-Su,PH 10:00-17:00",https://nakka-art.jp/
瞑想室,,문화,34.66386862,135.52130566,,
大阪天満宮,오사카 텐만구,문화,34.69620205151515,135.51298887575757,,https://osakatemmangu.or.jp/
日本キリスト教会 大阪北教会,,문화,34.6916116,135.49087002222223,,
堂島薬師堂,,문화,34.697096679999994,135.49692760666667,,
今宮戎神社,,문화,34.655230925,135.50241530625,,
廣田神社,,문화,34.656705075,135.502766575,,
金光教玉水教会,,문화,34.689991363157894,135.49547839473684,,
網敷天満宮御旅所,,문화,34.7071454,135.49855322857144,,
歯神社,,문화,34.70475928,135.50099400000002,,https://www.hagamisan.com/
網敷天神社,,문화,34.70344733636364,135.5050079090909,,
若宮商工稲荷神社,,문화,34.68414148,135.51109788000002,,
荒光稲荷大明神,,문화,34.69026506,135.49572748,,
露 天神社,,문화,34.6991762125,135.50083819166667,,https://www.tuyutenjin.com
彫刻の小径,,문화,34.69988692222222,135.52075786666668,,https://www.artcourtgallery.com/exhibitions/#cat_oap
和光寺,,문화,34.67409870714285,135.48888454642858,,
坐摩神社行宮,,문화,34.689663153333335,135.51340326666667,,
春日神社,,문화,34.68980067222222,135.4798713888889,,
野田恵美須神社,,문화,34.68839393928572,135.47923268214285,,
圓満寺,,문화,34.68902816666667,135.47919393333333,,
HANKYU BRICK MUSEUM,,문화,34.7061139,135.49783223333333,,
土佐稲荷神社,,문화,34.67491808,135.48513938000002,,
白龍大神,,문화,34.70195976,135.50379476,,
社務所,,문화,34.733973940000006,135.50613414,,
さいのき神社,,문화,34.73102644285714,135.4977781,,
四天王寺,시텐노지,문화,34.6545283025641,135.5155184230769,,https://shitennoji.or.jp
ハグミュージアム,,문화,34.66920144,135.47843396000002,,
安井稲荷神社,,문화,34.66887112,135.51420976,,
楠玉神社,,문화,34.71178714,135.52324358,,
太融寺,,문화,34.701830272222224,135.5043956388889,,
坐摩神社,,문화,34.68090075,135.49876795,,
真宗大谷派 難波別院（南御堂）,,문화,34.68048495,135.49972406666666,,
難波神社,,문화,34.678859957142855,135.49993294285716,,
難波八坂神社,,문화,34.66140392857143,135.49672772857141,Mo-Su 06:00-17:00,http://nambayasaka.jp/
天神社,,문화,34.6886081375,135.48261376875,,
堀川戎神社,,문화,34.699790162499994,135.5089244375,,
冷雲院,,문화,34.700142577777775,135.5072061,,
蓮華寺,,문화,34.70154247777778,135.5054803222222,,
西福寺,,문화,34.7004475625,135.505689775,,
龍渕寺,,문화,34.70006544285714,135.5056875,,
本傳寺,,문화,34.6998914375,135.50300555,,
清水寺,,문화,34.655579316,135.511628612,,
鶴満寺,,문화,34.7108888,135.51638392857143,,
淡路に在る キリスト教の集会所,,문화,34.74064928571429,135.51874488571428,,
本願寺 津村別院,,문화,34.68498985,135.49970816666666,,
高津山 報恩院,,문화,34.66725942,135.51358438000003,,
藤田美術館,,문화,34.69476305,135.52522125833335,,
日本基督教改革派大阪教会,,문화,34.73856217142857,135.5095764857143,,
一心寺,,문화,34.65256834444444,135.51055897777778,,https://www.isshinji.or.jp/
正覺寺,,문화,34.73059231,135.50702196,,
曹洞宗 法華寺,,문화,34.72845819473684,135.51205808421054,,
指月山 萬福寺,,문화,34.72830892307692,135.51270518461538,,
福永大神,,문화,34.6536006,135.5065372,,
満福寺,,문화,34.671672699999995,135.4945819857143,,
久本寺,,문화,34.6698196125,135.5169255375,,
愛宕神社,,문화,34.73521,135.50927778,,
高津宮,,문화,34.668687166666665,135.51376718333333,,https://www.kouzu.or.jp/
萬年山 永春寺,,문화,34.73560171818182,135.51009512727273,,
寂静山 願照寺,,문화,34.737213135714285,135.51268902857143,,
鎌八幡,,문화,34.671794283333334,135.52452363333333,,
天理教大江大教会,,문화,34.6627449,135.51653849,,
浄方寺,,문화,34.70833065714286,135.50605997142856,,
日本山妙法寺,,문화,34.675555859999996,135.50994134,,
天理教 船場大教会,,문화,34.677228060000004,135.50957953,,
解脱山 善教寺,,문화,34.7257260375,135.510098825,,
清光寺,,문화,34.70985606666667,135.51539204,,
淀川天神社,,문화,34.71019254444444,135.51529078333334,,
正徳禅寺,,문화,34.71017115,135.51610981250002,,
四天王寺庚申堂,,문화,34.65023663636364,135.51617667272728,,
堀越神社,,문화,34.65145552,135.51325936,,
統国寺,,문화,34.65059236363636,135.51210951818183,,https://toukokuji.com/
母恩寺,,문화,34.710137288235295,135.52260355882353,,
覚明寺,,문화,34.74110531666667,135.52002853333332,,
櫻宮,,문화,34.70056749583333,135.5237110375,,
奥之坊,,문화,34.71017877,135.52287997,,
壽松院,,문화,34.722089625,135.4842034375,,
Hankyu Brick Museum,,문화,34.70628092,135.49817736,,
大阪城,오사카성;오사카 성,문화,34.68633084444444,135.52545914722222,,
中之島公園バラ園,,자연,34.6920064,135.5089783,,
北館テラスガーデン,,자연,34.7059719,135.494425,,
パークスガーデン,,자연,34.6615247,135.5019821,,
屋上ガーデン,,자연,34.6662602,135.4951867,,
済美公園,,자연,34.7078915,135.504654,,
千島公園,,자연,34.648916660000005,135.47412195333334,24/7,
大阪城公園,오사카 성 공원,자연,34.68730420141844,135.52684538297873,,https://osakacastlepark.jp/
島津公園,,자연,34.6795468375,135.4854985,,
江之子島公園,,자연,34.68361234285714,135.4844035857143,,
新町西公園,,자연,34.676488150000004,135.4864366,,
阿波座南公園,,자연,34.67978206666666,135.4916748111111,,
難波宮跡公園,,자연,34.67981561764706,135.5230719882353,,
下福島公園,,자연,34.69021810344828,135.4831026724138,,
北大江公園,,자연,34.689121953846154,135.5151717923077,,
中大江公園,,자연,34.685156135294115,135.5138529882353,,
南大江公園,,자연,34.6781393,135.5133737777778,,
中之島公園,나카노시마 공원,자연,34.692417983333335,135.5075474,,
剣先公園,켄자키 공원,자연,34.69168574444444,135.51045626666667,,
扇町公園,,자연,34.70442872564102,135.50925494358975,,
九条公園,,자연,34.67187871111111,135.4771453,,
江戸堀公園,,자연,34.68423975555556,135.48649755555556,,
西船場公園,,자연,34.687765569999996,135.49428683000002,,
花乃井公園,,자연,34.68569657142857,135.48979928571427,,
土佐公園,,자연,34.674716187499996,135.48485100624998,,
日吉公園,,자연,34.671110642857144,135.4851911,,
南堀江公園,,자연,34.67055267777778,135.49072009999998,,
阿弥陀池公園,,자연,34.67384022857143,135.48985905714287,,
西横堀公園,,자연,34.675508925,135.492032025,,
新阿波座公園,,자연,34.68103024444444,135.49551548888888,,
新町北公園,,자연,34.67805282222222,135.49497262222224,,
新町南公園,,자연,34.67634192222222,135.49280447777778,,
立売堀公園,,자연,34.67808131666667,135.49046398333334,,
大阪ドーム南公園,,자연,34.66770941904762,135.47754782142857,,
東淡路南公園,,자연,34.73589732105263,135.5173056894737,,
大阪ドーム北公園,,자연,34.670882444444445,135.4760280888889,,
堀江公園,,자연,34.672196650000004,135.49471755,,
薩摩堀公園,,자연,34.68054074285714,135.4881998857143,,
岩崎橋公園,,자연,34.66649423333333,135.4767451,,
三軒家公園,,자연,34.65942621538461,135.47917053076924,,
本庄南公園,,자연,34.71181072857143,135.50658515714287,,
本庄小公園,,자연,34.7166936,135.50914275555556,,
大正橋公園,,자연,34.66702702857143,135.47999372857143,,
西天満公園,,자연,34.6986031875,135.507972725,,
野崎公園,,자연,34.70133452222222,135.5070233111111,,
西の丸庭園,,자연,34.68732864444444,135.52309365,Jan 04-Dec 28 09:00-17:30,https://www.osakacastle.net/park/
黒崎町公園,,자연,34.707281307692305,135.50876565384615,,
本庄川崎公園,,자연,34.7133112625,135.5082827375,,
本庄公園,,자연,34.71552342,135.50421652,,
菅北公園,,자연,34.708816757142856,135.5145447857143,,
都島中央公園,,자연,34.707437121428576,135.5224056857143,,
中野公園,,자연,34.7058408,135.52157005,,
与力町公園,,자연,34.70101038888889,135.51428194444443,,
滝川公園,,자연,34.694173733333336,135.5146114111111,,
南天満公園,,자연,34.69193736153846,135.5148068923077,24/7,
谷四錦郷公園,,자연,34.6800092,135.51656523636365,,
長柄公園,,자연,34.717417033333334,135.51371544444444,,
豊崎東公園,,자연,34.71270820909091,135.50162342727273,,
豊崎中公園,,자연,34.713857133333335,135.49959466666667,,
豊崎西公園,,자연,34.71149680909091,135.49865036363636,,
豊崎北公園,,자연,34.71647455555555,135.50214565555555,,
友渕中央公園,,자연,34.71938048095238,135.5251624952381,,
毛馬中央公園,,자연,34.72254896153846,135.5215655846154,,
善源寺公園,,자연,34.710532763636365,135.52406077272727,,
浮田公園,,자연,34.70966357142857,135.50751112857142,,
淀川河川公園 長柄地区,,자연,34.72023457608696,135.51402621739132,24/7,
豊崎南公園,,자연,34.71044001666667,135.49931188333332,,
花野・新・里山,신 우메다시티 하나노,자연,34.70586854444444,135.4896999888889,,
大淀南公園,,자연,34.70346906363636,135.48790625454546,,
大淀中公園,,자연,34.70502476666667,135.4886608666667,,
大淀北公園,,자연,34.707915066666665,135.48663501666667,,
鷺洲中公園,,자연,34.69668743333333,135.48111042222223,,
道仁公園,,자연,34.67056836,135.50934056,,
天王寺公園,,자연,34.65095327419355,135.51115384032258,,https://www.osakapark.osgf.or.jp/tennoji/
稲生公園,,자연,34.65004208888889,135.5192536,,
愛染公園,,자연,34.6567007,135.50937045555554,,
生玉公園,,자연,34.66461634444445,135.51391394444443,,
五条小公園,,자연,34.65906391111111,135.5245669111111,,
国分公園,,자연,34.651270966666665,135.52453245555554,,
大道北公園,,자연,34.64897551111111,135.52149675555555,,
東高津公園,,자연,34.668379873333336,135.52295362666666,,
大国町南公園,,자연,34.65304424,135.49522615,,
難波中公園,,자연,34.66070795555556,135.4993268111111,08:00-17:00,
高岸公園,,자연,34.65575287,135.49977474,,
元町中公園,,자연,34.664950455555555,135.49621425555557,,
西長堀公園,,자연,34.6754704,135.48645670714285,,
空清町公園,,자연,34.67202103333333,135.52144083333334,,
広小路公園,,자연,34.677948685714284,135.5227296857143,,
銅座公園,,자연,34.67821227272727,135.5187782818182,,
浪速南公園,,자연,34.65443198,135.48957984999998,,
芦原公園,,자연,34.66202808,135.48330406666668,,
立葉町公園,,자연,34.66406874545454,135.48489601818181,,
桜川公園,,자연,34.665733688888885,135.48358584444446,,
鴎町公園,,자연,34.65922166666667,135.49503993333332,,
寺田町公園,,자연,34.65277774166667,135.52088740833332,,
上汐町公園,,자연,34.6621097,135.51672457777778,,
上七公園,,자연,34.6630001375,135.5177157,,
松島公園,,자연,34.67696374222222,135.48112265111112,,
靱公園,,자연,34.685036163157896,135.4936313263158,,
十三東公園,,자연,34.720470014285716,135.4843091,,
大岸公園,,자연,34.655032139999996,135.51042494,,
日本橋公園,,자연,34.6616787125,135.5073799375,,
上八公園,,자연,34.65927273333333,135.51776099999998,,
淀川河川公園 毛馬地区,,자연,34.72447314683544,135.519204421519,,
中自然の森,,자연,34.704509888000004,135.490116932,,
上福島東公園,,자연,34.699430077777784,135.48879887777778,,
東天満公園,,자연,34.70076581111111,135.51858042222224,,
上福島北公園,,자연,34.70084197777778,135.48599007777776,,
難波千日前公園,,자연,34.6639978,135.50469507142856,,
国分寺公園,,자연,34.71029793333334,135.5148463111111,,
鶴満寺公園,,자연,34.7112685125,135.5164564875,,
淀川河川公園 赤川地区,,자연,34.729900926666666,135.52832687777777,,
堀川児童遊園地,,자연,34.7004987,135.512032375,,
中之島西公園,,자연,34.68624315,135.48304426363637,,
福島公園,,자연,34.69588817777778,135.48525326666666,,
中津東公園,,자연,34.713659022222224,135.4980396888889,,
長柄西公園,,자연,34.71474182222222,135.5141540666667,,
中津中央公園,,자연,34.710398166666664,135.49325913809523,,
蕪村公園,,자연,34.718778667857144,135.51990286071427,24/7,
十三公園,,자연,34.717585845,135.477370095,,
三国駅前公園,,자연,34.7391525875,135.48330965,,
浦江公園,,자연,34.70123937333334,135.48326952666667,,
西天満どんぐり公園,,자연,34.69594874444445,135.5079201111111,,
大淀中５公園,,자연,34.70291019,135.48114809999998,,
大淀西公園,,자연,34.70480451428572,135.47846792857143,,
野中南公園,,자연,34.72616766,135.48286524,,
中津公園,,자연,34.714725348,135.49685989600002,,
黒門公園,,자연,34.664149571428574,135.50737647142859,,
東平北公園,,자연,34.66945831666667,135.51899625,,
東平南公園,,자연,34.668944957142855,135.51925085714285,,
善源寺楠公園,,자연,34.71197873076923,135.52341686153846,,
かすがえ公園,,자연,34.710460260000005,135.52210972,,
中野南公園,,자연,34.70226965,135.52433136666667,,
稲荷町公園,,자연,34.667237666666665,135.4896534,,
幸町西公園,,자연,34.668680800000004,135.48215096666667,,
鷺洲北公園,,자연,34.70070884285714,135.47948034285716,,
三国本町公園,,자연,34.73161672,135.4869038,,
木川公園,,자연,34.726938950000005,135.48921043888888,,
戎公園,,자연,34.65290893333333,135.49954655,,
毛馬北公園,,자연,34.724630616666666,135.52073763333334,,
毛馬東公園,,자연,34.7253642125,135.525016225,,
浪速第１公園,,자연,34.659689533333335,135.48786638333334,,
浪速中公園,,자연,34.65713387142857,135.48933187142856,,
浪速東３公園,,자연,34.65493236428571,135.49135042857142,,
浪速東公園,,자연,34.65671634,135.49096422,,
浪速玉姫公園,,자연,34.65579991,135.48883304,,
庚申堂公園,,자연,34.650635442857144,135.51605901428573,,
上汐北公園,,자연,34.663965925,135.5173532,,
北中島公園,,자연,34.73798684444444,135.49470177777778,,
三角公園,,자연,34.67207067142857,135.49793102857143,,
日之出公園,,자연,34.73679115,135.50371992,,
淀川河川公園 西中島地区,,자연,34.72246909655172,135.49878376896552,,
西町公園,,자연,34.73051567272727,135.4944972181818,,
中之島公園 木陰のテラス,,자연,34.693078299999996,135.5027747888889,,
中之島公園 公会堂前広場,나카노 시마 공원 회관 앞 광장,자연,34.692929346153846,135.50499353076924,,
木川南公園,,자연,34.72361625714286,135.49307732857142,,
三国公園,,자연,34.73974957142857,135.4866773857143,,
三国西公園,,자연,34.7373029,135.4843094625,,
三国中公園,,자연,34.735331816666665,135.48829273333334,,
宮原公園,,자연,34.73213148333333,135.49006836666666,,
木川北公園,,자연,34.728334350000004,135.49068815,,
日之出北公園,,자연,34.7381681375,135.5047858375,,
西淡路公園,,자연,34.73817008148148,135.50867484814813,,
日之出南公園,,자연,34.73484252352941,135.50546167058823,,
山口本町公園,,자연,34.73174066666667,135.50299725555556,,
新駅2号公園,,자연,34.73196828571429,135.5054128,,
日之出東公園,,자연,34.7336185,135.50750371666666,,
淡路2公園,,자연,34.73593872,135.51160213999998,,
淡路3公園,,자연,34.737856227777776,135.51337227222223,,
淡路4公園,,자연,34.740463999999996,135.5148056,,
西中島東公園,,자연,34.727812825,135.5015988375,,
石ヶ辻公園,,자연,34.66337087777778,135.52241116666667,,
鷺洲上公園,,자연,34.699390111111114,135.47786322222223,,
大野東公園,,자연,34.68610129166667,135.47784991666666,,
玉川公園,,자연,34.69147461,135.47954679,,
中江町公園,,자연,34.6918245875,135.4782265875,,
日本庭園,,자연,34.6859572117647,135.52497371470588,,
海老江東公園,,자연,34.69658208,135.47506214,,
淀川河川公園 十三野草地区,,자연,34.718437836363634,135.48878655000001,,
木川西公園,,자연,34.7245793,135.48878638000002,,
南方南公園,,자연,34.72761084444445,135.5048947777778,,
南方北公園,,자연,34.72889222857143,135.50537652857142,,
柴島東公園,,자연,34.72920552,135.51440236000002,,
東淡路町公園,,자연,34.738594435483876,135.52051405806452,,
緑化協力庭園,,자연,34.6940974,135.48431775,,
日東公園,,자연,34.6581486,135.50739261249998,,
天満駅前広場,,자연,34.705288875,135.511474225,,
東横堀公園（南側）,,자연,34.68276584444445,135.51032685555555,,
東横堀公園（北側）,,자연,34.68481501428572,135.51012772857143,,
おもいでの森,,자연,34.6903729,135.52685641935483,,
南泉尾公園,,자연,34.65444501818182,135.4752272909091,,
泉尾東公園,,자연,34.65170773333333,135.47783385555556,,
新高中央公園,,자연,34.73543735833333,135.47872844999998,,
淀川河川公園 海老江地区,,자연,34.70340096428571,135.47300815238094,,
浪速公園,,자연,34.66226227142857,135.49271482142856,,
堂島公園,,자연,34.6951916,135.49926545454545,,
長柄東公園,,자연,34.712114625,135.518960625,,
西梅田公園,,자연,34.6974610875,135.491021775,,
毛馬西公園,,자연,34.720414749999996,135.51938511999998,,
毛馬南公園,,자연,34.72129207,135.523103645,,
上福島公園,,자연,34.698295433333335,135.4850864888889,,
福島西公園,,자연,34.69488384,135.48343826,,
野田南緑道,,자연,34.68512287307692,135.4807727153846,,
空堀桃谷公園,,자연,34.6738232,135.5187,,
高津公園,,자연,34.66935287142857,135.51406974285715,,
東横堀緑道公園,,자연,34.68781238679245,135.50949072830187,,
天満橋緑道公園,,자연,34.6907213875,135.51826819166666,,
桃園公園,,자연,34.674674358333334,135.51553775,,
京町堀公園,,자연,34.687488,135.49772166666665,,
五条公園,,자연,34.65749425714286,135.52370799285714,,
清水谷公園,,자연,34.67362558461538,135.52435255384614,,
浪速西公園,,자연,34.65544027142857,135.48572658571427,,
浪速北公園,,자연,34.65769977,135.48603261,,
新浪速公園,,자연,34.65290904285714,135.4865263714286,,
久保吉公園,,자연,34.66040011666667,135.4845584,,
今宮駅前第１公園,,자연,34.6522664,135.49414168666667,,
今宮駅前第２公園,,자연,34.6532187,135.49365987777776,,
塩草公園,,자연,34.65926736,135.49239500000002,,
難波塩草敷津公園,,자연,34.66227906666666,135.49423961666668,,
戎南公園,,자연,34.6520919875,135.500137425,,
木津川公園,,자연,34.65765647692307,135.4834866153846,,
恵美公園,,자연,34.65307996666667,135.50133793333333,,
花園公園,,자연,34.647516571428575,135.49860315714287,,
日本橋西公園,,자연,34.65614935714286,135.50304895714285,,
中之島四季の丘,,자연,34.69310347777778,135.49196733333332,,
山王みどり公園,,자연,34.64738693333333,135.50598923333334,,
柴島西公園,,자연,34.730941083333335,135.51412436666666,,
花づくり広場,,자연,34.6755073,135.48612081666667,,
てんしば,,자연,34.648704185,135.510889465,,
北日東ふれあい広場,,자연,34.65892315714286,135.50889604285715,,
萩之茶屋北公園,,자연,34.647633649999996,135.50096791666667,,
桜之宮公園,,자연,34.702918885842294,135.52098679767025,24/7,https://www.osakapark.osgf.or.jp/kema_sakuranomiya/
毛馬公園,,자연,34.712459981889765,135.51988232283463,24/7,
藤邸の庭,,자연,34.69103696,135.48341422000001,,
バラ園,,자연,34.692494945,135.507658305,,
慶沢園,,자연,34.64967546956522,135.51098882608696,Mo off; Oct 01-Apr 30 Tu-Su 09:30-17:00; May 01-Sep 30 Tu-Fr 09:30-17:00; May 01-Sep 30 Sa-Su 09:30-18:00; Dec 29-Jan 01 off,https://www.city.osaka.lg.jp/kensetsu/page/0000524172.html
和合公園,,자연,34.73822845833333,135.52511325833333,,
菅原西公園,,자연,34.73850805,135.522101775,,
大阪市営長柄第二住宅公園,,자연,34.71725052,135.51566704,,
瓦屋町公園,,자연,34.67013068888889,135.51283585555555,,
芝生広場,,자연,34.692811965,135.491249455,,
南方公園,,자연,34.72860597142857,135.50637584285715,,
うめきた公園 ノースパーク,,자연,34.70544956226415,135.4929010735849,,
うめきた公園 サウスパーク,,자연,34.703740259090914,135.49260398636363,,
新高東公園,,자연,34.73705246666667,135.4822202888889,,
北津守公園,,자연,34.65020859,135.48113337,,
藤田邸跡公園,,자연,34.69524641666667,135.52447162333334,10:00-16:00,
西天満若松浜公園,,자연,34.69475215641025,135.5041046282051,,
ほたるまちにある広場,,자연,34.69382939285715,135.48885707857144,,
南館テラスガーデン,,자연,34.70424738,135.49437031,,
三和公園,,자연,34.73962195714286,135.47714627142858,,
三国2丁目第1公園,,자연,34.74093516000001,135.47977301999998,,
高島屋,,쇼핑,34.6646286,135.5017961,,https://www.takashimaya.co.jp/osaka
大丸,,쇼핑,34.7019921,135.4967271,Mo-Th 10:00-20:30; Fr-Sa 10:00-21:00; Su 10:00-20:30,https://www.daimaru.co.jp/umedamise/
阪急三番街 南館,,쇼핑,34.7048749,135.4984706,Mo-Su 10:00-22:00,https://www.h-sanbangai.com/
LETTOB TEP,이세이미야케,쇼핑,34.6765264,135.4987118,,
ブリーゼブリーゼ,,쇼핑,34.6985046,135.4939391,Mo-Su 11:00-21:00,https://www.breeze-breeze.jp/info/
Harry Winston,,쇼핑,34.6774688,135.5007512,,
上本町YUFURA,,쇼핑,34.6647838,135.5194154,,
なんばCITY南館,,쇼핑,34.6625442,135.5025871,,
なんばCITY本館,,쇼핑,34.6639037,135.5015067,,
阪急三番街 北館,,쇼핑,34.7059288,135.4982569,,
阪急 古書のまち,,쇼핑,34.7052041,135.4988076,,
阪急メンズ大阪,,쇼핑,34.7031031,135.4998122,,
Asoko Minamihorie,,쇼핑,34.6710056,135.4937158,Mo-Su 11:00-20:00,
クロスト,,쇼핑,34.7021561,135.4962005,,
阪急17番街,,쇼핑,34.7042135,135.4986844,,
NAMBA なんなん,,쇼핑,34.6651674,135.5015744,,
OPA,,쇼핑,34.704709,135.4994823,10:00-21:00,
エキモなんば,,쇼핑,34.665883,135.5004036,,
なんばこめじるし,,쇼핑,34.6606643,135.502933,,
阪急32番街,,쇼핑,34.7029576,135.4990867,,
阪神梅田本店,,쇼핑,34.7011649,135.4986066,10:00-20:00,https://www.hanshin-dept.jp/hshonten/
新梅田シティ ワンダースクエア,,쇼핑,34.7049913,135.4900061,,
UMEDA FOOD HALL,,쇼핑,34.7059719,135.4983491,,
茶屋町あるこ,,쇼핑,34.706823,135.498349,,
京阪シティモール,케이한 시티 몰,쇼핑,34.6900304,135.5167195,,
パナンテ京阪天満橋,,쇼핑,34.6903127,135.5166203,,
梅田一番街,,쇼핑,34.7040083,135.499202,,
リンクス ウメダ,,쇼핑,34.7044504,135.4961926,,
オイシイもの横丁,,쇼핑,34.7047669,135.4967773,,
千日二番街,,쇼핑,34.6656921,135.5053865,,
EST FOODHALL & Restaurants,,쇼핑,34.7051241,135.5008449,,
うめきたセラー,,쇼핑,34.7036682,135.4946792,,
阪急うめだ本店,한큐 백화점 우메다 본점,쇼핑,34.7027128,135.4984322,"Mo-Th,Su 10:00-20:00; Fr-Sa 10:00-21:00",https://www.hankyu-dept.co.jp/honten
エキマルシェ新大阪,,쇼핑,34.7342987,135.5017094,,
KITTE大阪,,쇼핑,34.7006246,135.4940012,,
クリスタ長堀,,쇼핑,34.6751603,135.5027884,,https://www.crystaweb.jp/
Viewl 阪急三国,,쇼핑,34.7372991,135.4832338,,
なんばマルイ,,쇼핑,34.6655694,135.5010595,,http://www.0101.co.jp/
アルデ新大阪,,쇼핑,34.7340963,135.5013484,,https://www.arde-shinosaka.jp/
淀屋橋 odona,,쇼핑,34.691121806666665,135.50024359333332,,
NU茶屋町,NU 자야마치,쇼핑,34.70686731176471,135.49913724705883,Mo-Su 11:00-21:00,https://nu-chayamachi.com/sp/
心斎橋PARCO,,쇼핑,34.67390001176471,135.50104050588234,,https://shinsaibashi.parco.jp/
大丸 心斎橋店 本館,,쇼핑,34.67327937777778,135.5009304888889,Mo-Su 10:00-20:00,https://www.daimaru.co.jp/shinsaibashi
大丸 心斎橋店 南館,,쇼핑,34.67253239285714,135.50092374285714,,http://www.daimaru.co.jp/shinsaibashi/index.html
心斎橋ビッグステップ,,쇼핑,34.67219220526316,135.49887724736843,,
NU茶屋町プラス,,쇼핑,34.70738283125,135.49960153749998,,
ウイステ,,쇼핑,34.6953411925,135.47584719,,https://www.wiste.jp/
近鉄百貨店,,쇼핑,34.66536818,135.51951986,"Mo-Su,PH 10:00-20:00",
アーバンテラス茶屋町A,,쇼핑,34.707791199999996,135.49820934285714,,
アーバンテラス茶屋町C,,쇼핑,34.70783655714286,135.49865484285715,,
アーバンテラス茶屋町B,,쇼핑,34.7078232,135.49845207142857,,
HEP NAVIO,헵 나비오,쇼핑,34.70302540454546,135.4998305590909,,
ナベルホンジョウ,,쇼핑,34.70704572,135.50621136,,
虎目横丁,,쇼핑,34.66557154444445,135.50479726666669,,
MIHA shop,,쇼핑,34.687297619999995,135.48701721999998,,
新大阪センイシティー3号館,,쇼핑,34.73464222380952,135.4931556142857,,
新大阪センイシティー,,쇼핑,34.7354525,135.49400373333333,,
HELLO life,,쇼핑,34.68459105,135.49421388333334,,
あべちか,,쇼핑,34.64822408571428,135.5133334142857,,
なんばパークス,난바 파크스,쇼핑,34.661731957692304,135.50169774615384,Mo-Su 10:00-24:00,https://nambaparks.com/
EST,,쇼핑,34.70470822,135.50114014000002,,
ハービスPLAZA,,쇼핑,34.69891953548387,135.49330443548388,,
ハービスPLAZA ENT,하비스 플라자,쇼핑,34.69985783939394,135.49466534848486,Mo-Su 11:00-20:00,https://www.herbis.jp/
なんばEKIKAN,,쇼핑,34.659867642857144,135.50274558571428,,
てんしばi:na,,쇼핑,34.64879444545455,135.5095841181818,,
そよら海老江,,쇼핑,34.69779235238095,135.47608942380953,Mo-Su 07:00-24:00,
イオンモール大阪ドームシティ,,쇼핑,34.670438938333334,135.47789146666668,,https://www.aeon.jp/sc/osakadomecity/
ドージマ地下センター,,쇼핑,34.69679406666667,135.49547588888888,,
ディアモール大阪,,쇼핑,34.6998599375,135.4977240575,,https://www.diamor.jp/
Whityうめだ,,쇼핑,34.702617612,135.500038618,,https://whity.osaka-chikagai.jp/
ekimo梅田,,쇼핑,34.702684579999996,135.49802944,,https://www.ekimo.jp/umeda/
Ishi-usubiki Nihachi Soba Sobashiki LUCUA Osaka,,쇼핑,34.70271334,135.49464102,,
ルクア大阪,,쇼핑,34.703282924999996,135.4961728,,
エキマルシェ大阪,,쇼핑,34.70204325,135.49510825000002,,
阪急サン広場地下通り,,쇼핑,34.70339332857143,135.49861581428573,,
珈琲館茶考,,카페,34.6807384,135.4859908,,
Seattle's Best Coffee,,카페,34.690881,135.4985468,,
スターバックス,,카페,34.6651079,135.5019449,,
Umiya Cafe,,카페,34.6693815,135.4974217,,
珈琲艇 CABIN,,카페,34.6693309,135.4966662,,https://home.cafecabin.net/
七番館,,카페,34.6741438,135.4761605,,
DOG CAFE SERGE,,카페,34.6709025,135.4884952,,
喫茶さくら,,카페,34.674697,135.4767539,,
喫茶・軽食 スリム,,카페,34.6758787,135.4790879,,
喫茶初日,,카페,34.6749097,135.4760547,,
珈琲ケルン,,카페,34.6750196,135.475217,,
来夢,,카페,34.6670552,135.479346,,
ドトールコーヒーショップ,,카페,34.7091489,135.5110899,,
サンマルクカフェ,,카페,34.7045749,135.5112923,07:00-22:00,
上島珈琲店,,카페,34.6664129,135.5059324,,
喫茶鳳,,카페,34.7084977,135.5112203,,
円山珈琲倶楽部,,카페,34.6976989,135.5117969,,
三丁目の珈琲,,카페,34.699002,135.5111383,,
クラッシック,,카페,34.6985558,135.512937,,
カフェ・ド・クリエ,,카페,34.6933029,135.4866553,,
カフェテラス回転木馬,,카페,34.6785084,135.4768355,,
ルフラン,,카페,34.6972474,135.5121858,,
ワールドカフェ,,카페,34.697158,135.5124683,,
はなコーヒー,,카페,34.6986348,135.511593,,
ハニーミツバチ,,카페,34.6984876,135.5119657,,https://www.fujiofood.com/brand/honey/
友茶,,카페,34.6999946,135.5116596,,
モンブラン,,카페,34.6980772,135.5117786,,
坂井珈琲,,카페,34.6993772,135.511705,,
Cafe Di Espresso,,카페,34.6975145,135.514626,07:00-20:00,https://www.ufs.co.jp/shop-search/shop_id/263
タイガー珈琲,,카페,34.6832079,135.5170367,,
ケルン,,카페,34.6966858,135.5122939,,
漫画喫茶（２F),,카페,34.6983018,135.5118254,,
馬酔木,,카페,34.699745,135.5107563,,
エクセルシオール カフェ,,카페,34.669842,135.501425,,
Green bar,,카페,34.6708397,135.5012343,,
タリーズコーヒー,,카페,34.67483,135.502081,,
ベローチェ,,카페,34.684543,135.517571,,
JAKARAカフェ (JAKARA Cafe),,카페,34.7207072,135.4835074,,
RED RIVER,,카페,34.6888032,135.5175721,,
コメダ珈琲店,,카페,34.7087246,135.5110006,,https://www.komeda.co.jp/shop/detail.html?id=450
MOKU,,카페,34.707457,135.507015,,
まりも,,카페,34.7073381,135.5075197,,
Haiku Coffee Roasters,,카페,34.7101879,135.5074534,"Mo,Tu,Th 10:00-18:00; We off; Fr,Sa 10:00-22:00; Su 10:00-17:00",https://haikucoffee.thebase.in/
猫の時間,,카페,34.7074376,135.508693,,https://www.nekonojikan.com/
IMADOMA,,카페,34.708776,135.509224,,
モナミ,,카페,34.6989553,135.5063001,,
実身美,,카페,34.708221,135.500808,,
クレープ,,카페,34.7067641,135.5009318,,
椿珈琲,,카페,34.706509,135.500336,,
PALM Cafe & Creperie,,카페,34.7058273,135.50062,,https://palm-cafecreperie.business.site/
カフェ・ベローチェ,,카페,34.6630378,135.5045197,Mo-Su 07:00-21:00,
KARAKUŞ,,카페,34.6614435,135.5047988,,
BLUE BEANS CAFE,,카페,34.6614344,135.5057588,,
めいどりーみん,,카페,34.6601122,135.5047821,,
Mamerunrun,,카페,34.662737,135.499672,Tu-Su 08:00-18:00,
丸福,,카페,34.6676233,135.5041516,,
PELTO,,카페,34.6679165,135.5059639,,
タマイチ,,카페,34.6977159,135.4829801,,
ラテーム,,카페,34.694971,135.486049,,
天満プランタン,,카페,34.704786,135.511781,,
リラックス,,카페,34.7163663,135.5113412,,
マリンカ,,카페,34.7069968,135.5025094,,
santa cafe,,카페,34.7082161,135.5009711,,
くるる,,카페,34.713017,135.503732,,
オーシャーン,,카페,34.713896,135.504079,,
JUN,,카페,34.706667,135.511059,,
SORA,,카페,34.709435,135.509598,,
欅,,카페,34.7000126,135.5063558,,
西洋茶館,,카페,34.703169,135.511588,,
ブレッドファクトリー,,카페,34.7034913,135.5113797,,https://www.orangefields-teagarden.com/bakery.html
ビクター,,카페,34.7043245,135.5113428,,
ケニアの王様,,카페,34.666555,135.50098,,
シナモロールカフェ,,카페,34.667613,135.501428,,
イタリアントマト,,카페,34.666789,135.501999,,
digmeout ART&DINER,,카페,34.6802302,135.5035395,,
マイウェイ,,카페,34.665179,135.504419,,
バビロン,,카페,34.662782,135.507033,,
サンバード,,카페,34.663989,135.507031,,
カサブランカ,,카페,34.664673,135.506904,,
IBUKI,,카페,34.666172,135.507489,,
ホークス,,카페,34.661069,135.500274,,
純喫茶アメリカン,,카페,34.6684,135.503062,,https://www.junkissa-american.com
WIRED CAFE,,카페,34.7067888,135.4994118,,
UMEDA BOX CAFE＆SPACE,,카페,34.707796,135.499933,,
bliss,,카페,34.7092706,135.5056303,,
Alcyon,,카페,34.667398,135.50224,,
TONI ONE,,카페,34.668656,135.5063,,
kori-no,,카페,34.7192359,135.4791994,,
Jade Coffee,,카페,34.7194983,135.4801114,,https://jadecafe-juso.jp/
ajinoya,,카페,34.668058,135.500963,,
心斎橋ミツヤ,,카페,34.6697505,135.5014176,,
星乃珈琲店,,카페,34.6700103,135.5014898,,
珈琲カミン,,카페,34.670302,135.500861,,
英国屋,,카페,34.67181,135.502032,,
GENMAI Cafe,,카페,34.6790985,135.5013258,,
麗門,,카페,34.6950459,135.5117509,,
豆香,,카페,34.695376,135.5118907,,
伊吹珈琲,,카페,34.6954744,135.5117146,,
de sign de > cafe,,카페,34.6909062,135.4866744,,
沙羅,,카페,34.67118,135.503207,,
珈人,,카페,34.6720056,135.5065103,,
ハンプトンコート,,카페,34.702404,135.517069,,
珈琲館,,카페,34.702799,135.513615,,
ティダフルーツ,,카페,34.702785,135.513411,,
ＭＢＡ,,카페,34.711628,135.501133,,
mus,,카페,34.709395,135.499003,,
OOZ,,카페,34.710492,135.498082,,
カンテグランデ,,카페,34.713184,135.494983,,
コメダ珈琲,,카페,34.6632081,135.5026257,,
Holly's Cafe,,카페,34.683806,135.506096,"Mo-Fr 06:30-23:00; Sa,Su,PH 06:30-21:00",https://hollys-corp.jp/
ボップイン,,카페,34.683579,135.512898,,
ミオバル,,카페,34.692559,135.501759,,
KEN WEST,,카페,34.691628,135.503867,,
GOKAN,,카페,34.690735,135.5064423,"Mo-Sa 09:30-20:00,Su 09:30-19:00",http://www.patisserie-gokan.co.jp
TOWER’S CAFE,,카페,34.6619656,135.501303,,
01 ZERO ONE,,카페,34.7121603,135.4913801,,
きゅうり喫茶店,,카페,34.7101103,135.4939156,,
ムーミン,,카페,34.676832,135.503513,,
non non,,카페,34.675859,135.506159,,
R Baker inspired by court rosarian,,카페,34.679289,135.506222,,
10番,,카페,34.680884,135.504594,,
ノンノン,,카페,34.684509,135.504433,,
PRONTO,,카페,34.684305,135.501782,,
エクセシオールカフェ,,카페,34.6893409,135.5004209,,
珈琲館ジャクソン,,카페,34.68268,135.517028,,
Sancafe,,카페,34.7273991,135.5008979,,
coco,,카페,34.739633,135.483334,,
アメリカン,,카페,34.7397253,135.5183579,"07:00-19:00; We[2,3] off",
黄金の道,,카페,34.7405696,135.5189177,"Mo-Sa 11:30-14:30, 17:30-21:00; Su off; PH off",
Reicho L,,카페,34.6611055,135.5038211,,
せぴあ,,카페,34.6608419,135.5041346,,
VITA DOLCE,,카페,34.6981733,135.5050103,,
ランプ珈琲,,카페,34.6978107,135.5039102,,
Cafe Costa Mesa,,카페,34.661673,135.5020601,,
ココ,,카페,34.651401,135.515034,,
コーヒー館潤,,카페,34.6994757,135.5116782,,
癒ロイド,,카페,34.6626368,135.5044938,10:00-22:00,http://roid.ni-moe.com/
POP iD Cafe,,카페,34.6588686,135.5047861,,http://popid.jp/
DRUNK BEARS,,카페,34.706948,135.49897,,
里山カフェ,,카페,34.6924334,135.4956334,,
Anna Colors Coffee,,카페,34.6612893,135.5061204,,
丸福珈琲店,,카페,34.6890073,135.5059322,,
カフェ・ド・ポルテ,,카페,34.6600285,135.5052653,,
クラムカフェ,,카페,34.6599483,135.5047179,,
ホリーズカフェ,,카페,34.7353063,135.4931995,,
あゆ,,카페,34.7376841,135.5208684,,
ハワイアンカフェ ラ・オハナ 三国店,,카페,34.7347676,135.48252,,https://www.skylark.co.jp/la_ohana/
Coffee Shop,,카페,34.6532052,135.4945989,,
メリーモモ,,카페,34.7278318,135.4948679,,
ラグドール,,카페,34.6642428,135.5030845,,
カフェ ラ･サール,,카페,34.6734383,135.5015714,Mo-Su 11:00-19:30,https://www.ginso.co.jp/
珈琲ひまわり,,카페,34.663893,135.497705,,
common cafe,,카페,34.706981,135.504931,,
喫茶ミキヤ,,카페,34.7072728,135.5060051,,
うてな喫茶店,,카페,34.7079694,135.5035882,,
黄色い家,,카페,34.7088914,135.5041526,,
お花とカフェ mi-mu,,카페,34.7073288,135.5038729,,
昭和カフェ　彩珈楼,,카페,34.7076307,135.5051345,,
モノカフェワヲン,,카페,34.707855,135.5045415,,
サロンカフェ零,,카페,34.7078048,135.5043286,,
ごはんやカフェ kitchen,,카페,34.7081509,135.5049533,,
カヌトン,,카페,34.7079674,135.5052584,,
cafe clicquot!,,카페,34.7078665,135.5053878,,
Cafe Queen,,카페,34.7074669,135.5056853,,
Salon de AmanTo天人,,카페,34.7080618,135.5043734,Mo-Su 12:00-22:00,http://amanto.jp/japanese
Tina Lente,,카페,34.7081283,135.5046237,,
珈琲舎・書肆アラビク,,카페,34.7084064,135.504792,,http://arabiq.net/
オランダ,,카페,34.6628405,135.5047867,,
太陽ノ塔,,카페,34.7085236,135.5057961,Mo-Su 09:00-22:00,https://taiyounotou.com/cafe/honten/
薔薇の木,,카페,34.7369271,135.4989055,,
アズアン,,카페,34.6798624,135.4991583,Mo-Sa 11:00-19:00,https://asann.com/
寒灯舎,,카페,34.6987082,135.5147274,,
メディアカフェ ポパイ,,카페,34.7018466,135.501428,,
カフェミカサ,,카페,34.6954382,135.5125479,,
こまどり,,카페,34.6947125,135.5127188,,
梅乃助,,카페,34.6945644,135.5127133,,
ボナヌー,,카페,34.6944672,135.5127224,,
Koiki,,카페,34.738104,135.4993726,,
ベーグルベーグル,,카페,34.702463,135.490102,,
APPLEJAM,,카페,34.6764738,135.4994144,Mo-Fr 07:30-18:30; Sa 07:30-12:00,
フジオ珈琲,,카페,34.7013472,135.5130384,,
菊水,,카페,34.7016468,135.5115993,,
（株）ドトールコーヒー ＤＣＳ西日本本部,,카페,34.6782172,135.5007926,,
ドトールコーヒーショップ道修町店 (新芝川ビル1F),,카페,34.688701,135.5018626,,
cafe lunch Classe,,카페,34.6989161,135.5147322,,
珈琲家,,카페,34.684337,135.4856668,,
martha,,카페,34.6844998,135.4855628,,
カフェ メルカード,,카페,34.6852591,135.5156113,,
ウィン,,카페,34.7046092,135.5020631,,
カステイリョ,,카페,34.696814,135.5136714,,
浪漫屋,,카페,34.6954703,135.512044,,
パクレモカレー,,카페,34.6954342,135.5129624,,
ミンナカフェ,,카페,34.6503076,135.5029325,"Mo, Th-Sa 07:30-10:00; Mo-Th 10:00-14:30",
TOPAZ,,카페,34.6976691,135.5163999,,
クリームキッチン,,카페,34.7007492,135.5114881,,
ひまわり,,카페,34.7015823,135.5116048,,
ファインコーヒー,,카페,34.7022463,135.5114299,,
SOLALA,,카페,34.702521,135.5114302,,
やま,,카페,34.7020058,135.5106647,,
アスコット,,카페,34.7004212,135.5176553,,
.kitchen,,카페,34.7006923,135.5180632,,
なかむらコーヒー,,카페,34.6937337,135.5174055,,
卍（よろづ）屋,,카페,34.6946935,135.5151784,,
PRONT,,카페,34.6950023,135.4955727,"Mo-Fr 07:00-23:00; Sa-Su,PH 10:00-18:00",
山本珈琲,,카페,34.674225,135.477835,,
ディ エスプレッソ,,카페,34.6842077,135.4971746,,
NAKAZAKI CAFE,,카페,34.7082335,135.5041226,,
ホワレカフェ,,카페,34.7084444,135.5040559,,
ロメオ,,카페,34.6974274,135.4859485,,
WESTCOAST,,카페,34.6975941,135.4840994,,
89cafe,,카페,34.7079796,135.503873,,https://89cafe.com/
Silent Flow,,카페,34.7086109,135.5038553,,
バイパス,,카페,34.6980303,135.480371,,
リベラ,,카페,34.6980156,135.4807021,,
デリス タルト&カフェ,,카페,34.6926615,135.5116303,,
自習室,,카페,34.6955789,135.5115764,,
響珈琲,,카페,34.703424,135.5110066,"Tu-Fr 12:00-24:00; Sa 10:30-24:00; Su, PH 10:30-20:00",http://www.hibiki-coffee.com/
mouton otto,,카페,34.7045039,135.5100712,11:00-23:00,http://www.mouton.jp.net/
eve,,카페,34.6827261,135.5175428,,
サイド,,카페,34.6818782,135.5175171,,
Dreamカフェ,,카페,34.6877961,135.5181797,,
CAFE LAS PALMAS,,카페,34.6983409,135.5162755,,
ドトールコーヒーショップ天満駅前店,,카페,34.7056674,135.5112956,"Mo-Fr 07:15-21:00; Sa-Su,PH 08:00-21:00",
LAMP Coffee PLAZA,,카페,34.6702712,135.4983918,,
Westwood Bakers,,카페,34.6705035,135.4952472,,
gram cafe & pancakes,,카페,34.6718265,135.498699,,
TheDECK,,카페,34.683019,135.5062167,,https://thedeck.jp/
graf studio,,카페,34.6904417,135.4913417,Tu-Su 11:00-19:00,https://www.graf-d3.com/
LiLo Coffee Roasters,,카페,34.6740631,135.4982234,11:00-23:00,
Streamer Coffee Company,,카페,34.6736487,135.4979879,,
濱田屋珈琲,,카페,34.6837214,135.5095707,,http://www.hamadaya.ne.jp/
グッドスマイル×アニメイトカフェ,,카페,34.6607641,135.5052031,11:00-21:30,https://cafe.animate.co.jp/shop/nipponbashi/
Zeroku icecream parlor,,카페,34.6886241,135.504018,,
Qu'il fait bon,,카페,34.7044523,135.4949328,Mo-Su 10:00-21:00,
HARBS,,카페,34.6740282,135.5006756,,
ハーブス,,카페,34.7046482,135.4984168,,
癒やし空間亭,,카페,34.7069945,135.5042269,,
大阪茶会,,카페,34.6964688,135.5118458,,https://www.osakachakai.jp/
cafetrill（無添加ごパン）,,카페,34.6964467,135.5115609,,
カラオケ喫茶 ブルブル,,카페,34.6957769,135.5117138,,
天神橋,,카페,34.6957208,135.5117345,,
雪ノ下 梅田,,카페,34.7030844,135.5023893,,
マヅラ,,카페,34.6990021,135.4966263,Mo-Fr 09:00-21:00; Sa 09:00-18:00,
モトコーヒー,모토커피,카페,34.6920707,135.5064765,Mo-Su 12:00-19:00,https://www.shelf-keybridge.com/motocoffee.html
Antico Caffe Al Avis,,카페,34.6994726,135.4942529,"Su-Th 11:00-22:00,Fr-Sa 11:00-22:30",https://www.hakka-group.co.jp/?cmd=read&page=roll%20madu%20umeda
北浜レトロ,,카페,34.6917174,135.5074867,"Mo-Fr 11:00-21:30,Sa-Su 11:00-19:00",
タレトメッサ,,카페,34.665066,135.515708,,
薔薇屋,,카페,34.671475,135.516942,,
サンマリノ,,카페,34.673709,135.517181,,
柊,,카페,34.673671,135.513777,,
エッセン,,카페,34.649077,135.514536,,
Beans,,카페,34.6732027,135.5165351,,
サンセット,,카페,34.658991,135.513374,,
ゼー六,,카페,34.683339,135.5092786,,
ZiZi Bake,,카페,34.6845311,135.5118628,,
e-maid,,카페,34.6625479,135.5038063,"Mo-Fr 12:00-22:30; PH,Sa,Su 11:00-22:30",https://e-maid.net
コホロ,,카페,34.6905421,135.5035349,,
Mill Pour,,카페,34.6765851,135.5023266,Mo-Su 09:00-18:00,
TRAJA coffee,,카페,34.679751,135.5009004,,
OWL,,카페,34.687539,135.502741,,
るふらん,,카페,34.685975,135.5015984,,
Holly's café,,카페,34.7059414,135.5018254,,
RICH GARDEN,,카페,34.7057161,135.5025085,,
cafeゆう,,카페,34.7074795,135.4971847,,
WOCCA ROCCA curry and…,,카페,34.7074275,135.4997496,,
Robinson,,카페,34.6910894,135.506429,,
Da Ciucate,,카페,34.6770456,135.5061717,,
Days Coffee,,카페,34.6763978,135.506206,,
Carol,,카페,34.6626059,135.5049186,,
ミカサデコ&カフェ,,카페,34.6682978,135.494398,,
PABLO,,카페,34.6694965,135.5015898,Mo-Su 11:00-22:00,http://pablo3.com
Orquesta,,카페,34.6579131,135.5022624,,
憩,,카페,34.6487235,135.5196037,,
キャプテンテリーコーヒスタジアム,,카페,34.6658865,135.5034021,,
ニューMASA,,카페,34.7069091,135.5041644,,
いちご,,카페,34.7072385,135.5035537,,
ダイニング ドアーズ｜DINING DOORS,,카페,34.6785316,135.4995891,Mo-Su 11:00-20:00,http://urdoors.com
Rock Star,,카페,34.6611401,135.5038996,,
カフェ キスショット,,카페,34.6606491,135.5040917,,
Cafe Andante,,카페,34.660061,135.5066908,,
カフェドール,,카페,34.6562386,135.5063512,,https://cafedoll.com/
猫音 ～にゃおん〜,,카페,34.6569787,135.5072463,,
Sweet Tease,,카페,34.6578293,135.5053102,,
べるふぃーゆ,,카페,34.6589348,135.5047176,,
CCOちゃ,,카페,34.6625976,135.5046218,"Mo-Fr 15:00-21:30, Sa,Su 12:00-21:30; Tu[2-3] closed; PH open",
フロンティア,,카페,34.6622382,135.5080479,,
NOSTRA,,카페,34.693923,135.5109095,Mo-Sa 11:00-23:30,
森のくじら,,카페,34.699985,135.489726,Mo-Su 09:30-20:00,
喫茶Y,,카페,34.709744,135.5028718,,
ロイヤルエイト,,카페,34.6990651,135.4991005,Mo-Fr 11:00-20:30;Sa-Su 11:00-18:30,
モンシェリー,,카페,34.7058331,135.4956789,,
たねや茶屋,,카페,34.7031856,135.4987987,Mo-Su 10:00-21:00,
カルビープラス,,카페,34.6726654,135.5012745,,
カフェ・ド・ラ・ペ,,카페,34.666493,135.4999933,"Mo-Sa 10:00-22:00; Su,PH 10:00-20:00",
珈琲トーホー,,카페,34.7400757,135.5147222,,
Mercedes me DOWNSTAIRS COFFEE,,카페,34.7056656,135.4944636,,
バール・デルソーレ,,카페,34.7025783,135.4958761,,
ufotable Cafe × マチ★アソビ CAFE,,카페,34.6610785,135.5075142,,
AUX BACCHANALES,,카페,34.7045265,135.494369,,
Over The Century,,카페,34.7051664,135.4941738,,http://over-the-century.com
ダイヤメゾン,,카페,34.6715604,135.4854726,,
Biz Comfort Coworking + Cafe,,카페,34.6879904,135.4913619,,
エデン,,카페,34.6473643,135.4940783,,
TeeTa,,카페,34.6968658,135.5038476,,
パカラ堂,,카페,34.6675198,135.5137939,,
杏,,카페,34.6720173,135.5129403,,
ソビノワ,,카페,34.6872601,135.4941527,,
Cafe&Meal MUJI,,카페,34.7060408,135.4941025,,
dieci,,카페,34.6927617,135.5133284,,
ことり,,카페,34.6715673,135.4855335,,
珈厘,,카페,34.6729142,135.4854817,,
タニ,,카페,34.686792,135.4912801,,
カフェルーム・マダム,,카페,34.6886426,135.4923114,,
オフィシナデルカフェ,,카페,34.6905657,135.498932,,
オールドローズガーデン,,카페,34.6905401,135.4989009,,
コーヒーマイスターの食卓,,카페,34.6890833,135.4945533,,
cafe andre,,카페,34.6892526,135.4928461,,
パルク,,카페,34.6960304,135.4856608,,
LISCIO,,카페,34.6909135,135.5039762,,
狐狸庵,,카페,34.6833212,135.4977324,,
エミュリボン,,카페,34.6698581,135.4979599,Mo-Fr 18:00-23:00; Sa-Su 16:00-23:00,https://aimyouribbon.com/
Ek Chuah,,카페,34.6752378,135.5125868,,
cafe boo,,카페,34.6996955,135.4941996,,
Prana,,카페,34.6838017,135.4951192,,https://cafeprana.com/
Cafe Baraza,,카페,34.7214018,135.475587,,
グルメ＆ティー みやび,,카페,34.7053293,135.5231226,,
THe RITA COFFEE,,카페,34.6677857,135.4932448,,
ポプラ,,카페,34.7152686,135.5069747,,
エルマーズ グリーン カフェ,,카페,34.6890742,135.506828,,
カフェ kinmokusei,,카페,34.7071938,135.5027757,Th-Tu 12:00-19:00,
ロンドンティールーム,,카페,34.6975359,135.4952121,,
GRAM Shinsaibashi,,카페,34.6718766,135.5015148,,
元町一丁目カフェ,,카페,34.6659365,135.4966904,,
EVERY COFFEE,,카페,34.689945,135.4964289,,
花邑,,카페,34.6658516,135.492047,,
カフェ三番館,,카페,34.6651983,135.4954265,,
井尻珈琲焙煎所,,카페,34.6661583,135.4794242,,
喫茶憩,,카페,34.6578536,135.5042928,,
ACE OMNIBUS,,카페,34.6888415,135.4900795,,
mikuri,,카페,34.6872959,135.4869628,,
Cafe The Plant Room,,카페,34.6659,135.5008548,,
英國屋,,카페,34.6659021,135.5009355,,
Willchá,,카페,34.6673333,135.5024352,,
賽翁,,카페,34.706659,135.50668,,
CAFE CHALLENGER88,,카페,34.6851264,135.4957368,,
CAFE SIK,,카페,34.6862517,135.49354,,
RITZ,,카페,34.6869905,135.4953591,,
CAFÉ MADONNA,,카페,34.6897502,135.4950221,,
アドニス,,카페,34.6886015,135.4958798,,
ダブルドルチェアンドカフェ,,카페,34.6832311,135.4899142,,http://www.dbl-e.com/dogs/
ジョリー・コアン,,카페,34.6906659,135.4957339,,
ちろりん村,,카페,34.6906125,135.494915,,
CHASHITSU,,카페,34.6845899,135.4941927,,
Three Chimneys Co.,,카페,34.6853729,135.5027202,,
COFFEE STAND,,카페,34.6898912,135.4941246,,
58 COFFEE ROASTER,,카페,34.6889802,135.4914314,,
ビクトリー,,카페,34.6895954,135.4932291,,
カルチェラタン,,카페,34.6892037,135.4907479,,
80♪s エイティーズ,,카페,34.6898216,135.4936672,,
サミヂ,,카페,34.6881744,135.4955791,,
KAMON GARDENER,,카페,34.6883069,135.495408,,
PENNY LANE,,카페,34.6683089,135.5178986,,
トゥエニィ/トゥエニィ,,카페,34.6910324,135.4962435,,
GRAN PAPA,,카페,34.6905655,135.4942555,,
ゆるらかふぇ,,카페,34.7198932,135.4753184,,http://yurura.com/
GROVE piccola,,카페,34.6873475,135.4959106,,
フクロウカフェ,,카페,34.668875,135.5055504,,
喫茶去,,카페,34.6849758,135.4901169,,
Cafe Pechika,,카페,34.6850667,135.4903427,,
MONDIAL KAFFEE 328,,카페,34.6849279,135.4905807,,
マイ・サニー,,카페,34.6921249,135.5163612,,
チャンキー,,카페,34.6869211,135.4893108,,
Café MAXIM,,카페,34.6917846,135.4951237,,
香,,카페,34.6905381,135.4931533,,
TONTON,,카페,34.6825958,135.496251,,
Daily REPUBLIC,,카페,34.6829789,135.4956188,,
Holly's Café,,카페,34.6990056,135.4921695,,
public,,카페,34.6799387,135.4998283,,
HARZ,,카페,34.6791262,135.4991348,,
HACHI,,카페,34.6837101,135.4914075,,
あまでお,,카페,34.6974844,135.4935491,,
NITO,,카페,34.696952,135.4938163,,
Komin Cafe,,카페,34.7038096,135.4951836,,
BOGARTS,,카페,34.693938,135.489098,,
富亭カフェ,,카페,34.6687771,135.5136819,,
POMAIKAI,,카페,34.6878605,135.4931143,,
RUTSUBO KITCHEN,,카페,34.6914653,135.4970102,,
JTRRD cafe & Season0,,카페,34.6861556,135.4972583,,
クローネ,,카페,34.6900304,135.4988308,,
BOOKWORM CAFE,,카페,34.6881359,135.4969462,,
ANNY,,카페,34.6890538,135.4987045,,
ティールーム アート スペース,,카페,34.6874701,135.4975544,,
吉招,,카페,34.6702748,135.4937522,,
café de Pal,,카페,34.670479,135.4935984,,
ローストン,,카페,34.6729269,135.4940686,,
ワルン,,카페,34.6735336,135.4899158,,
ソレラ,,카페,34.6933436,135.4962455,,
mori café,,카페,34.6934429,135.4962182,,
ラッフィナート,,카페,34.6936577,135.4961817,,
Peak Roast Coffee,,카페,34.6883977,135.4980836,,
yaë,,카페,34.6872235,135.4955676,,
ニューYC,,카페,34.7038844,135.4983754,,
CoCo Fresh Tea & Juice,,카페,34.6879626,135.4983304,,
rest,,카페,34.6873111,135.4943715,,
W.Boléro,,카페,34.6859717,135.4982224,,
駱駝屋,,카페,34.6847847,135.489134,,
Table Top,,카페,34.6705233,135.5161549,"Mo-Sa 11:30-19:00; Tu, PH off; Su 11:30-17:00",
FLOU CAFE,,카페,34.683583,135.4957783,,
MUC COFFEE ROASTERS,,카페,34.6840428,135.4931467,,
South Swell,,카페,34.683054,135.4926878,,
Kaigen cafe,,카페,34.6840888,135.4925979,,
Sancho,,카페,34.7330618,135.4997895,,
タシロ コーヒー ロースターズ,,카페,34.7009543,135.4988185,,
コスメキッチンアダプテーション,,카페,34.7014499,135.4980591,,
喫茶館 英國屋倶楽部,,카페,34.7013393,135.4983058,,
カフェ モロゾフ,,카페,34.701382,135.4981385,,
ROOMS CAFE,,카페,34.6828057,135.4911414,,
talo coffee,,카페,34.6680085,135.5225869,,
ann,,카페,34.6799706,135.499168,,
うさぎカフェ,,카페,34.7093769,135.5034292,,https://usa-cafe.com/
KAYA cafe,,카페,34.7093447,135.5034335,,
ma-jo cafe,,카페,34.7092172,135.5034476,,https://ameblo.jp/ma-jocafe/
ててりあ,,카페,34.7076973,135.5039016,11:30-24:00,
FAT DOG STAND,,카페,34.6735556,135.5149708,,
コバヤシ,,카페,34.6956899,135.4941921,,
sourire,,카페,34.6904906,135.4955597,Th-Sa 11:30-16:30,
ワッテ,,카페,34.6834091,135.491003,"Su-Tu, Th 11:30-16:30; Fr 11:30-22:00",
梅田コーヒー院,,카페,34.6992183,135.4946249,,
Butter,,카페,34.706301,135.4995239,,
spectacle,,카페,34.6903508,135.5093337,,
Nuts Day,,카페,34.6963715,135.4963549,,
Eggs ‘n Things,,카페,34.7054956,135.4999819,Mo-Fr 09:00-20:00,
マイブレンド,,카페,34.7214875,135.483273,,
Cafe yutte,,카페,34.725377,135.4882807,Tu-Sa 10:00-18:00,https://www.instagram.com/cafe_yutte
Mior,,카페,34.7037939,135.4978279,,
Bell,,카페,34.7038259,135.4978529,,
Le Havre,,카페,34.6763859,135.5157651,,
幸せのパンケーキ,,카페,34.678825,135.5033112,,
珈琲苑,,카페,34.6774062,135.491553,,
べつばら,,카페,34.6774137,135.4915009,,
豆吉,,카페,34.7045323,135.5030716,"Mo-We,Fr-Sa 11:30-21:00; PH,Su 11:30-18:00; Th closed",
ミモザ,,카페,34.6849087,135.4899591,,
MUC,,카페,34.6871754,135.5144332,,
Jazz On Top,,카페,34.7045474,135.5032587,,https://jazzontop.info/
チュロカアーラ,,카페,34.6872098,135.4944392,,
こころひかる,,카페,34.6618082,135.5111975,,
フレッズカフェ,,카페,34.7049286,135.4988672,,
アントレ,,카페,34.7012497,135.4855415,,
フレンド,,카페,34.7025408,135.4856408,,
WARARA,,카페,34.7086824,135.5053871,,http://warara.net/
Hyakka,,카페,34.6545216,135.5138962,,
ジオラマ食堂てつどうかん,,카페,34.6492548,135.5240663,,https://www.railway-cats.com/
PETIT VERRE,,카페,34.6859826,135.4996017,,
しらたま,,카페,34.6643492,135.5030069,,
ドリヤード,,카페,34.7037161,135.4982981,,
Hapje,,카페,34.6741924,135.4969851,,https://www.hapje.jp/
リリー・オブ・ザ・バレー,,카페,34.686524,135.4921699,,
中津ぱぶり家,,카페,34.7110124,135.4930577,,
カナール,,카페,34.6732373,135.5052446,,
カフェ・ド・ココリコ,,카페,34.7040745,135.4991316,,
JTRRD Cafe,,카페,34.6927937,135.5153623,,
ROUGH LABO CAFE,,카페,34.6893913,135.4948105,,
NORTH SHORE,,카페,34.691464,135.4928202,Mo-Su 07:00-21:00,
TRIBECA,,카페,34.682811,135.5045999,,
cafe太陽ノ塔 GREEN WEST,,카페,34.70682,135.5020634,,
CAFE FLORIAN,,카페,34.6726564,135.4955485,,
Mole & Hosoi coffee,,카페,34.6890841,135.5018382,Mo-Fr 14:00-22:00; Sa-Su 10:00-19:00,http://mole-hosoicoffees.com
BOBBIN,,카페,34.6870059,135.4917031,Mo-Sa 11:00-18:00,http://cafebobbin.com
ルビー,,카페,34.6847318,135.5148154,,
クレヨン,,카페,34.6844887,135.5155642,,
goût,,카페,34.6835727,135.5161411,,
& jam,,카페,34.6628823,135.5036738,,
カンテ・グランデ,,카페,34.6630668,135.5019022,,
和風カフェ はらいそ,,카페,34.6780935,135.5022868,,
Lappland,,카페,34.6738518,135.5119694,,
SATITO'S TABLEWORKS,,카페,34.6897656,135.5141004,,http://satito.com/
Comeconoco Laboratory & Cafe,,카페,34.6888068,135.5132489,,
グリーンパーク,,카페,34.7262385,135.4989579,,
sandwiches,,카페,34.6760365,135.5103161,,
保護ねこカフェneu。,,카페,34.6747753,135.5136323,"Mo-Fr 13:00-21:00; Sa-Su,PH 12:00-20:00",https://neu-catcafe.com/
MAX CAFE,,카페,34.6760465,135.5061965,,
tidy cafe,,카페,34.6594994,135.5051753,,http://tidy-cafe.com
coffee553,,카페,34.6594658,135.5048672,,
made in HAND,,카페,34.6594487,135.5049084,,http://www.madeinhandosaka.com
ノンシャラマンカフェ,,카페,34.6849037,135.508396,"Mo-Fr 10:00-19:00; Sa, Su, PH 12:00-19:00",
5 penny,,카페,34.6812854,135.5073764,,
chai-ya,,카페,34.6850244,135.4968173,,
すみれカフェ,,카페,34.6818377,135.4896272,,
風車,,카페,34.7400121,135.5160758,Fr-We 09:00-20:30,
ロン,,카페,34.6856314,135.5141637,,
CIAO PRESSO,,카페,34.6905623,135.502493,,
Cafe R,,카페,34.6971815,135.5038082,Mo - Fr 10:00 - 17:00,https://cafe-r.coffee/
閑花,,카페,34.6962241,135.5141722,,
rion cafe,,카페,34.6597866,135.4950514,Mo-Fr 11:30-14:00,http://rioncafe.com
FRENCH BAGUETTE CAFÉ,,카페,34.687094,135.5010711,,
アン,,카페,34.6568839,135.4880373,,
ザ シティ ベーカリー,,카페,34.7065904,135.4984268,Mo-Su 08:00-20:00,https://thecitybakery.jp/shop/chayamachi.html
LIFE's,,카페,34.6728888,135.4912098,,
喫茶苑,,카페,34.6988652,135.5075628,,
喫茶BC,,카페,34.6983087,135.5072967,,
CP's CAFE,,카페,34.6871992,135.4996497,,
カフェナイン,,카페,34.6550715,135.4954517,,
べティービィ,,카페,34.663199,135.4800817,,
喫茶 軽食 定食 チャオ,,카페,34.6605129,135.4905935,,
デリカフェ・キッチン,,카페,34.7031153,135.4973499,07:00-22:00,
DELI,,카페,34.6801544,135.4938,,
錢屋カフヱー,,카페,34.664438,135.5220504,,
Greenberry's COFFEE CO.,,카페,34.6854545,135.5176605,,
YARD,,카페,34.6518211,135.5131422,"We-Mo,PH 10:00-18:00",
ナナズ・グリーンティー,,카페,34.6657407,135.5010393,,
VIDYA CAFE,,카페,34.7054516,135.5019321,,
Cafe Annon,,카페,34.6642496,135.5041215,Mo-Su 08:00-22:45,
ティーシーカフェ,,카페,34.6710355,135.4942264,Mo-Su 11:00-20:00,https://timelesscomfort.com/shop/tc-cafe-4.html
Sweets Paradise,,카페,34.703842,135.5006001,,
クルマル,,카페,34.6857971,135.515791,,
SÖT COFFEE,,카페,34.6858813,135.5150117,08:00-19:00,https://www.sotcoffee.com/en/pages/shop-osaka
PASTA FUL CAFFE MARIAN,,카페,34.6886855,135.5149215,,
The Bottle Oven,,카페,34.6867754,135.5130466,,https://thebottleoven.com/
WING,,카페,34.6864606,135.5162235,,
エフワン,,카페,34.6898222,135.5133764,,
和 cafe なが岡,,카페,34.6747003,135.4922935,,
猫庵,,카페,34.6745845,135.4920455,,
CAFE DE Popeye,,카페,34.6885466,135.5159528,Mo-Fr 07:00-16:00; Sa 07:00-14:00; Su off,
カフェテントウムシ,,카페,34.687588,135.5135496,,
Tiffany,,카페,34.673563,135.516447,,
AKAI TORI,,카페,34.673564,135.51633,,
十六夜珈琲,,카페,34.6579075,135.5143332,,
ケーキ＆カフェダイニング　ボナボン,,카페,34.717966,135.4853826,"09:00-21:00; Fr,Sa,PH -1 day 09:00-23:00",http://www.bonandbon.jp
バンブー,,카페,34.7195072,135.4855221,,
ポケモンカフェ,,카페,34.6731251,135.5007617,Mo-Su 10:00-20:00,https://www.pokemon-cafe.jp/en/cafe/
＠ほぉ～むカフェ,,카페,34.6602628,135.5060541,,https://www.cafe-athome.com
ワイヤードカフェ,,카페,34.7030155,135.4958066,,
Blue Bottle Coffee,,카페,34.7077414,135.4981894,Mo-Su 08:00-21:00,https://store.bluebottlecoffee.jp/pages/umeda-chayamachi
天王寺 MOONdSON,,카페,34.6488354,135.5093421,,
ガーデナーズ テンノウジ,,카페,34.6485784,135.5098081,,
The Pie Shop,,카페,34.6739823,135.4991045,,
ドット カフェ,,카페,34.6842029,135.4950961,Mo-Su 11:00-19:00,
sis mae pars,,카페,34.6626343,135.504546,,
IDOL meets,,카페,34.6625795,135.5045398,"Mo-Fr 18:00-23:00; Sa, Su 15:00-23:00",http://idolmeets.jpn.org
Kleinpalast,,카페,34.6624903,135.5046092,Mo-Fr 17:00-23:00; Sa 14:00-23:00,
mine,,카페,34.6624406,135.5045472,"Sa, Su 12:00-22:00; Mo-Fr 17:00-22:00",
&Doll,,카페,34.662049,135.5050685,Mo-Su 12:00-22:00,
フツウニフルウツ,,카페,34.6910525,135.4934294,,
りきゅう,,카페,34.6589116,135.5049783,Mo-Su 13:00-22:00,
APPLE HOUSE,,카페,34.7398307,135.4989756,Mo-Sa 07:00-20:00; Su 07:00-18:30,
珈琲館　きのう・今日・あす,,카페,34.7378424,135.5154079,,
ハートコーヒー,,카페,34.7396217,135.5182772,,
書肆喫茶 mori,,카페,34.6740185,135.5148782,,
喫茶はら,,카페,34.7401859,135.5160704,,
ピノキオ,,카페,34.7398256,135.5163246,,
プペ,,카페,34.7345504,135.5037551,,
カラオケ喫茶 りき,,카페,34.7389065,135.5072808,,
Cafe SEVEN,,카페,34.7370268,135.5172265,,
ここち珈琲店,,카페,34.7366301,135.5168033,,
ネットカフェ NEWNEW,,카페,34.7195349,135.4807203,,
ラヴニール,,카페,34.7334381,135.4945071,,
おやこカフェ Babyleaf,,카페,34.7087656,135.5086689,,https://babyleaf.cafe/
ゴンチャ 梅田茶屋町店,,카페,34.7068864,135.4986122,10:00-22:00,https://www.gongcha.co.jp/store/
めがね製作所 カフェ 藍丸,,카페,34.7078566,135.5044896,11:00-19:00,https://aimaru-megane-cafe.com/
La Granda Familio,,카페,34.7070237,135.504145,Mo-Sa 10:30-19:00; Tu 09:15-12:45; Su 10:30-18:00,http://www.grandafamilio.com/
WHY KNOT,,카페,34.7073942,135.5051752,,https://whyknotosaka.stores.jp/
dtd cafe,,카페,34.7192135,135.4767378,,https://hibidtdcafe.studio.site/
保護猫カフェ ねこの木,,카페,34.7194373,135.4797258,,
珈琲の泉,,카페,34.719563,135.479691,,https://juso-honmachi.com/shop/414/
ワンズ・ハウス,,카페,34.6784625,135.4965522,,
CAFE CYANT,,카페,34.6613259,135.5160248,,
Kichin cube,,카페,34.7172244,135.480224,,
ミツバチ堂,,카페,34.6963604,135.502533,,
珈琲館 男爵,,카페,34.7311588,135.4980047,,
CAFE! OLE!,,카페,34.7304122,135.4967561,,
DIY Cafe,,카페,34.7084719,135.5037792,,https://diycafe.owst.jp/
幸せのフクロウカフェ Chouette,,카페,34.6746732,135.504823,,
騒豆花,,카페,34.7020969,135.501359,,
風味堂,,카페,34.674175,135.5137204,,
Bee’s,,카페,34.7092292,135.5017069,,
maiyan.coco,,카페,34.6782266,135.5182607,,
FIELD COFFEE,,카페,34.6639415,135.5177163,,
AKASH CAFE,,카페,34.6812647,135.5025985,,
FUN,,카페,34.6870271,135.514163,,
cafe muni,,카페,34.7090072,135.5037693,,
Cafe URIEL,,카페,34.7089788,135.5041157,,
ギャムドカフェ,,카페,34.6704311,135.5060499,Mo-Sa 00:00-24:00,https://tabelog.com/osaka/A2701/A270202/27090360/
よつばの秘密基地,,카페,34.6632741,135.5050933,,
このは,,카페,34.6608017,135.5056829,,
Ring,,카페,34.6621654,135.5052651,,
和レ和レ和,,카페,34.6811311,135.5025795,,
十五番,,카페,34.6736695,135.5135802,,
Dining&Cafe mikuri,,카페,34.7091339,135.4899532,,
ICHIBULU,,카페,34.678034,135.4922891,,
いちりん,,카페,34.6933721,135.5088608,,
フルリール,,카페,34.7037877,135.4900606,,
アカリマチ,,카페,34.7049829,135.5046824,,
fiveran Osaka Coffee BASE,,카페,34.7018121,135.4954751,,
OIC CAFE,,카페,34.6894774,135.4863227,,
田崎珈琲,,카페,34.7142284,135.5104051,,
ASSEMBLE,,카페,34.712979,135.5111098,,
アプリコット,,카페,34.6585298,135.5177146,,
ディーン＆デルーカ カフェ,,카페,34.6751772,135.500525,,
キーフェルコーヒー,,카페,34.6750454,135.5057828,,
自家焙煎珈琲人,,카페,34.7110471,135.4928499,,
ねこ田さん家,,카페,34.7067212,135.508369,Sa-Su 10:00-18:00,
蜜香屋,,카페,34.7073667,135.5070199,,
DRAGON COFFEE,,카페,34.6526932,135.5052136,,https://dragoncoffee.thebase.in/
僕のバインミーと芥川珈琲,,카페,34.652638,135.5054389,,
フーケ,,카페,34.6525718,135.5056843,,
マーサー,,카페,34.6524968,135.5054952,,
喫茶ブラザー,,카페,34.6538625,135.5058659,,
いづみ,,카페,34.6540452,135.5058125,,
ブルグ,,카페,34.684531,135.5054509,,
フルーツ,,카페,34.7014097,135.4982624,,
マザームーンカフェ,,카페,34.70136,135.4984104,,
アフタヌーンティー・ティールーム,,카페,34.70113,135.4973379,,
TSUMIKI COFFEE,,카페,34.6693231,135.4889601,,
KROOME COFFEE,,카페,34.6695364,135.4885335,,
画廊喫茶イーゼル,,카페,34.6961138,135.50489,,
アンティーク,,카페,34.7036776,135.5031905,,
Mamezo&Cafe中之島店,,카페,34.6945544,135.4893349,,
good siphon coffee,,카페,34.6945259,135.4896146,,
CAFE シルクロード,,카페,34.739412,135.5182914,,
Grand tour,,카페,34.6649461,135.5166458,,
珈琲専門店 MAC,,카페,34.6970268,135.5036612,,
つばめ通り珈琲店,,카페,34.7232191,135.4862034,,https://tsubamedoricoffee.stores.jp/
松竹,,카페,34.6621846,135.5055534,,https://www.matsutake-cafe.com
LINO＆AIA,,카페,34.7232095,135.4876175,,https://linoandaia.handcrafted.jp/
Scoop,,카페,34.6860619,135.5114999,,
のの屋,,카페,34.7210974,135.4845467,,
アサクラコーヒー,,카페,34.7100918,135.4977174,,
COCODOCO,,카페,34.708816,135.4966905,Mo-Th 11:00-24:00; Fr-Sa 11:00-01:00; PH 12:00-23:00; Su 12:00-23:00,http://cocodoco.boo.jp
ドレミ,,카페,34.6524993,135.5060899,,
馬車の扉,,카페,34.6869327,135.5150121,,
ピノキオ hara cafe,,카페,34.6871784,135.5169859,,
Cafe Miel,,카페,34.6712405,135.5114955,,
珈琲空間,,카페,34.719224,135.4831953,,https://5071-qkan.amebaownd.com/
マローネ,,카페,34.7074002,135.5038526,,
タビノネ,,카페,34.7073627,135.5038201,,
ハライソ,,카페,34.708703,135.5033125,,https://haraiso4345.com/
果テ,,카페,34.7077607,135.5059511,,
にじゆら,,카페,34.6764938,135.5148137,,
アリサ,,카페,34.706495,135.4981104,,
北,,카페,34.7064835,135.4980232,,
ミオール,,카페,34.705822,135.4986615,,
キーフェル,,카페,34.7047217,135.498915,,
cafenne,,카페,34.7067602,135.4961121,,
リロコーヒー喫茶,,카페,34.6710513,135.5010541,,https://coffee.liloinveve.com/
Brooklyn Roasting Company,,카페,34.6738057,135.500983,,http://brooklynroasting.jp/
グリッチコーヒー&ロースターズ,,카페,34.6936643,135.4955293,,
テラス,,카페,34.7279019,135.4894311,,
こねこ文庫,,카페,34.7233002,135.4869525,,
茶淹,,카페,34.7188979,135.4751772,Tu-Sa 13:00-19:00,https://chaenjin.jimdofree.com/
米かふぇ,,카페,34.7195612,135.4759446,,
GARB MONAQUE,,카페,34.703876,135.4946847,07:30-00:30,
赤トンボ,,카페,34.7188743,135.4783252,,
短足home,,카페,34.7193543,135.4801418,,
カフェテラス ロイ,,카페,34.6641878,135.5186476,,
MONDIAL KAFFEE 328 Gold Rush,,카페,34.6952637,135.4868974,,
喫茶あおい,,카페,34.7400123,135.5060998,"Mo,We-Su 11:00-20:00",https://kissaaoiclub.com/
シアトルズベストコーヒー天満橋OMM,,카페,34.6901115,135.5180435,,
Chai&Tea Stand mani,,카페,34.6775922,135.492134,11:30-19:00,
茶庭,,카페,34.6717652,135.4945363,,
Hue Coffee Roaster,,카페,34.6803448,135.5180718,,
仏蘭西,,카페,34.6777825,135.5207841,,
café 婆沙羅 うさぎ堂,,카페,34.6734792,135.5175932,,
ミエ,,카페,34.7298169,135.508273,"Mo-Fr 09:00-14:00,17:00-23:30",
CAFE LEXCEL,,카페,34.6898349,135.5012273,,
上海ロンタン,,카페,34.6731527,135.5133487,,
ロダン,,카페,34.67214,135.5133235,,
hinata coffee,,카페,34.6733014,135.4834376,,
がるる氷,,카페,34.7074521,135.5086265,,
HOLY LAND,,카페,34.7074444,135.5087446,,
キッシュ,,카페,34.7291231,135.4981131,Mo-Sa 07:45-21:00,
茄子の花,,카페,34.7392206,135.5123866,"Tu-Sa 13:00-17:00,19:00-22:00",
RAHAT,,카페,34.7409323,135.51226,,
Sway,,카페,34.6853086,135.515792,,
Garden Cafe,,카페,34.7075922,135.5116515,,
珈琲倶楽部 かるがも,,카페,34.7102726,135.5111103,,
アングル,,카페,34.7077894,135.5112308,,
喫茶オリオン,,카페,34.7050772,135.5115334,,
横浜珈琲,,카페,34.7021552,135.5115906,,
喫茶グリル ピノキオ,,카페,34.6990926,135.5115469,,https://cafe-pinokio.com/
日本橋珈琲店,,카페,34.6673186,135.5058985,Mo-Su 07:00-19:00,
みらぼうばし,,카페,34.7288735,135.4968666,,
One Room Cafe & Coffee Roastery,,카페,34.7288286,135.496319,,
ANTICA,,카페,34.7312329,135.5036027,Mo-Su 08:00-19:00,
Pond Cafe,,카페,34.732781,135.5033808,,
たかうち珈琲店,,카페,34.7324992,135.5032076,,
Drip-X-Cafe,,카페,34.7060293,135.495287,,
mipig cafe,,카페,34.6717408,135.4988188,,https://mipig.cafe/
NOA,,카페,34.7375745,135.5039741,,
うたまくら,,카페,34.7405896,135.5159691,,
Cafe Blue NYC,,카페,34.7073456,135.5024998,,https://www.aurajapon.com/
neel中崎町,,카페,34.7087876,135.5034419,Mo-Su 10:00-20:30,https://neel.coffee/
The Gut's Coffee,,카페,34.7083097,135.5056018,,
Dolce & Espresso Crema,,카페,34.7083566,135.5055877,,
cou cou amand,,카페,34.7086261,135.504948,,
べーかりーかふぇ伊勢屋,,카페,34.7087438,135.5045735,,
Cafe Fu plus,,카페,34.7087444,135.5045282,,http://fu-plus.jp/
cafe färben,,카페,34.7087165,135.5040541,,
MeiZ store:,,카페,34.7092545,135.5034399,,
SPOT,,카페,34.7083285,135.5041822,,
C.cafe,,카페,34.7086697,135.5094219,,https://www.ccafe2018.com/
Cat Space,,카페,34.7069278,135.5095533,,https://cat-space.com/
Tea House 茶摩,,카페,34.7076923,135.5098702,,http://chamatea.com/
たんぽぽ,,카페,34.7041444,135.5214961,,
てるてる坊主,,카페,34.6611061,135.4760633,,
森のねこ舎,,카페,34.7404902,135.5130645,"Mo,We-Fr 13:00-20:00; Tu off; Sa-Su,PH 11:00-20:00",
はらドーナッツ,,카페,34.7027069,135.5117144,,
サーカス サーカス,,카페,34.7400319,135.5025495,Mo-Fr 07:30-18:30,
Cha Cha Mountain,,카페,34.6960693,135.5165862,,
ふさふさバーコード,,카페,34.7207805,135.4829981,,https://www.fusafusabarcode.com/
Tobari no tonari,,카페,34.6522562,135.5060496,,
喫茶チロリン,,카페,34.7189074,135.4772676,,
空理庵,,카페,34.7249769,135.4898954,,
neji,,카페,34.6870839,135.4956534,,http://neji-kyomachibori.jp/
ブラックカットメープルカフェ,,카페,34.7096147,135.504456,,https://www.blackcatmaple.com/
栄留座,,카페,34.7389257,135.5074317,,
みきや,,카페,34.7087094,135.5234126,,
SOi,,카페,34.6994881,135.5006859,,
Billie Jean,,카페,34.6645137,135.5214558,,
Cafe Tales,,카페,34.6810334,135.5036361,,
M&N COFFEE,,카페,34.673498,135.4959996,,
ラーク,,카페,34.7197033,135.4860711,,
Maison Sel,,카페,34.6832564,135.4916995,,
カモン,,카페,34.6668423,135.5227184,,
たまごのたまこ,,카페,34.673772,135.5152132,,
かふぇ ぷりんす,,카페,34.7038049,135.5005351,,
にしむら珈琲店,,카페,34.7018374,135.5008026,,
喫茶ラヴ,,카페,34.6800627,135.5017892,,
フジコ珈琲,,카페,34.6651315,135.4802122,"Mo-We,Fr-Sa 09:30-18:00; Th,Su,PH off",
Butter Museum Osaka,,카페,34.6708046,135.4919527,,
cafe Weg,,카페,34.6724805,135.4904037,,http://cafe-weg.com/
Arcadia,,카페,34.6562595,135.5063517,,
CRAFT CAFE,,카페,34.6753745,135.5094792,,
和果,,카페,34.6751513,135.5212794,"Mo-We,Fr-Su 10:00-18:00; Th off",
VIP,,카페,34.6782592,135.5094185,,
alto,,카페,34.679832,135.5085095,,
NORTHSHORE 北浜店,,카페,34.6917999,135.507192,,https://northshore.jp/
ETOILE,,카페,34.6768431,135.5104338,,
cafe Again,,카페,34.6776361,135.5093971,,
BooBoo･Pink,,카페,34.6760396,135.5071648,,
Melbourne Coffee,,카페,34.6777375,135.5020841,09:00-14:00,https://www.melbournecoffee.jp/
リヴォリ,,카페,34.6877351,135.5074384,,
ねことカフェ大阪天王寺店,,카페,34.6580423,135.5203793,,https://cat-cafe.org/
OSARU COFFEE,,카페,34.6635651,135.4954824,,
つむぎカフェ,,카페,34.7324909,135.5105921,"Mo-Fr 11:00-16:00; Sa-Su,PH off",
CHAKO,,카페,34.731719,135.5099327,,
ぴっころ,,카페,34.731538,135.5094081,,
MARBLE,,카페,34.6589274,135.5140122,,
Anela moe,,카페,34.7291392,135.5081739,,
喫茶キャメル,,카페,34.6486773,135.5036921,,
Honey Drippers Cafe,,카페,34.7393982,135.4941234,,
cafe HORANG-I,,카페,34.7398947,135.4936472,"Mo,Su,PH off; Tu-Fr 11:00-19:00; Sa 11:00-18:00",
カフェレスト,,카페,34.7251892,135.4842546,,
Sub Jazz Cafe,,카페,34.6667521,135.5168554,"Su-Mo, We-Th 15:00-23:00; Fr 11:00-23:00; Sa 13:30-23:00",https://www.subjazzcafe.com/
Osaru Coffee,,카페,34.6637102,135.4954519,,
おかんの喫茶 運命の灯台,,카페,34.7328142,135.5046385,"Th,Su off",
大阪黒船屋,,카페,34.7401806,135.5154944,09:00-21:00,
Mammy’s Shokudo,,카페,34.7363487,135.5012945,"Mo-Fr 06:30-09:30,19:00-22:00; Sa-Su,PH off",
MOKARI CAFE,,카페,34.7280762,135.5051414,,
リアン,,카페,34.7301523,135.5028203,,
清浄カフェ,,카페,34.7085481,135.5043001,Mo-Su 11:00-18:00,
SOLARIA CAFE,,카페,34.7193607,135.4774502,,https://solariacafe.com/
喫茶ニュータイガー,,카페,34.7215402,135.4863114,,
ONE-UP,,카페,34.7205988,135.481769,,
Cafe Morning Box,,카페,34.6748752,135.5051488,Mo-Su 08:00-18:00,
スパーク女学園,,카페,34.6679281,135.5079789,,https://spark-school.com
無料案内所,,카페,34.6692961,135.5043821,,
Morozoff,,카페,34.6648955,135.5194538,,
ASSIST阪急三国駅前店,,카페,34.7384232,135.4833331,,
ちょっと,,카페,34.6641978,135.5164896,,
CAPRA,,카페,34.6640475,135.5178464,,
Nable Cafe,,카페,34.7079557,135.4991454,,
Metro cafe KARATO,,카페,34.7111557,135.4984988,,
HOTEL Chocolat,,카페,34.7073302,135.4994302,,
Chillpple,,카페,34.7037134,135.4916337,,
きみといちご,,카페,34.6664887,135.5037257,,https://guesthousejp.com/osaka/
Nakanoshima Qross Cafe,,카페,34.7038672,135.4932475,Mo-Su 10:00-17:00,
@JP Cafe,,카페,34.7008705,135.494174,,
あのん CAFE,,카페,34.7008138,135.4946789,,
トラジャコーヒー 富国生命ビル店,,카페,34.7022779,135.4998976,,
NICO AND ... COFFEE,,카페,34.7043773,135.500764,,
外国船,,카페,34.7198302,135.4833134,,
カフェ・ド・ココ,,카페,34.6570141,135.5070481,,
CREDIS COFFEE,,카페,34.689121,135.4750857,"Mo-Sa 07:00-21:00; Su,PH 07:00-19:45",
GREEN CAB,,카페,34.6751081,135.4867606,,
Conner Coffee,,카페,34.6551194,135.4972987,,
キジムナー,,카페,34.6522814,135.4974304,,https://kyodoweb.sakura.ne.jp/?p=3801101
Serica,,카페,34.6875184,135.5089183,,
Clifford,,카페,34.6867327,135.5085646,,
"Bread, Espresso & Roastery",,카페,34.6988061,135.508928,,
グリーンピース,,카페,34.6969354,135.4986854,,
トルファン,,카페,34.6828303,135.5159225,,
Shandian,,카페,34.7117376,135.5085027,,
サンシャイン,,카페,34.7003378,135.5001283,,
チャンアン,,카페,34.7033796,135.4991643,,
凪,,카페,34.7037508,135.5214741,,
Mauruuru piti,,카페,34.7089515,135.5249864,,
Dart Coffee,,카페,34.669413,135.4992367,Mo-Su 06:30-18:00,
レインボー,,카페,34.707116,135.5060093,,
The Alley,,카페,34.7052064,135.5010645,,
ファイナルファンタジー エオルゼアカフェ in OSAKA,,카페,34.6685237,135.5040978,,https://www.pasela.co.jp/paselabo_shop/ff_eorzea/
とれぽ珈琲,,카페,34.68747,135.4780501,"Mo, We, Sa 13:00-19:00",
Seven Summits,,카페,34.6904432,135.4767828,,
観音屋,,카페,34.7008446,135.4942292,,https://kannonya.co.jp/
Barista Map,,카페,34.6672417,135.5080064,,
KOKO HEAD CAFE,,카페,34.7057784,135.4930642,,
OSA Coffee Parks,,카페,34.6827938,135.5216856,"Mo-Fr 08:00-19:00; Sa,Su 08:00-20:00",
OK Coffee,,카페,34.6695665,135.4975918,Mo-Su 11:00-20:00,
The tea SUPPORTED BY MLESNA,,카페,34.6989267,135.4934024,,
Tip Toe Cafe and Bar,,카페,34.6822858,135.4996826,,https://tiptoe-honmachi.com
Party & Buffet Garden,,카페,34.6826425,135.498538,06:30-10:00;11:30-15:00,https://www.marriott.com/ja/dining/restaurant-bar/osamu-four-points-flex-osaka-honmachi/7185809-party-buffet-garden.mi
クノップ,,카페,34.6766691,135.5079212,,
For You,,카페,34.674145,135.49576,,
Castle Combe,,카페,34.7199353,135.4816034,,
周,,카페,34.6878895,135.4983752,,
Micasadeco the Park,,카페,34.6820591,135.5219653,,
本宮的茶 大阪｜タピオカミルクティー専門店｜BEN GONG’S TEA Osaka｜Boba & Chinese Style Tea｜ベンゴンズティー 大阪,,카페,34.6734831,135.5070623,11:00-22:30,https://www.bengongstea-osaka.app/BenGongsTea
茶庭 仁 | Chatei Jin,,카페,34.6570166,135.5058496,,https://www.instagram.com/chatei_jin/
ASUKA CAFE･BAR,,카페,34.7087132,135.5234515,,
FEEDS CAFE,,카페,34.7204409,135.4822269,,
PIAS Gallery Art Cafe,,카페,34.7095562,135.4973545,,
喫茶 〜帆〜,,카페,34.6661018,135.5163736,,
手話カフェ 2U,,카페,34.7387698,135.4855073,,
Space 106,,카페,34.7232447,135.486288,,
らてめいと,,카페,34.6635603,135.5069985,,
LR GRAND BLEU,,카페,34.6566125,135.4981358,,
MYPLACE Cafe & Bar,,카페,34.6997571,135.4960062,,https://osaka.hiltonjapan.co.jp/restaurants/myplace
Antico Caffè,,카페,34.6992417,135.4981451,,
marina,,카페,34.6930181,135.4752542,,
麝香 ジャコー,,카페,34.6930691,135.4752351,,
BASTA Cafe,,카페,34.6901616,135.4761384,,
レコード喫茶 グラフィティ,,카페,34.6659396,135.5012292,,
mog,,카페,34.6658849,135.5010599,,
珈琲館 亜羅毘加（アラビカ）,,카페,34.6805148,135.5013858,,
LOHE,,카페,34.7051726,135.4933459,,
於巣路,,카페,34.6654489,135.5187028,"Mo-Su,PH 08:30-20:30",https://www.hihitown.com/shop.php?id=67
大石珈琲,,카페,34.7220483,135.4860488,"Mo-Fr 07:30-09:30,12:00-19:30; Sa 12:00-19:30; Su,PH off",
CABIN,,카페,34.6806124,135.4933571,,
Sanwa Coffee Works TENMA Main Shop,,카페,34.7082518,135.5124233,Mo-Su 09:00-18:00,
Okame,,카페,34.719741,135.4841753,,
MARK COFFEE ROASTERS,,카페,34.7087463,135.5047254,,
スパニョラ,,카페,34.6991277,135.4991545,,
Patisserie à la campagne,,카페,34.7074759,135.4986274,,
MN COFFEE OKINAWA OSAKA,,카페,34.7399072,135.5017932,,
Period,,카페,34.6758739,135.5018242,,https://www.instagram.com/cafeperiod2025/
PREFAM もふもふのひととき,,카페,34.6831249,135.4923047,,https://prefam.jp/
Aun Coffee,,카페,34.6547278,135.5185879,,
Basement Coffee & Sandwiches,,카페,34.6724407,135.4988637,,
main Night&Day,,카페,34.7065164,135.5078659,,
ショッピングプラザコーヒー,,카페,34.7403467,135.4997639,,
Pulse,,카페,34.708147,135.5037962,,
MOON+CAFE,,카페,34.7070775,135.5016977,,
WILLOW COFFEE STAND,,카페,34.6866395,135.5149519,,
四葉カフェ,,카페,34.6675006,135.5217105,,
uneカフェ,,카페,34.7024498,135.5220768,,
Alice in Fantasy Land,,카페,34.707201,135.4974328,,
ENFUSE,,카페,34.6500343,135.5107124,,
Cafe Age,,카페,34.6877812,135.5093319,Mo-Su 11:30-14:00,
KAMAKURA,,카페,34.6801638,135.5015825,,
AUN COFFEE,,카페,34.6611137,135.4962367,,
HIMIKO CAFE,,카페,34.7207851,135.4827695,,
自家焙煎珈琲M,,카페,34.7219167,135.4834061,,
belle-ville,,카페,34.6737386,135.4997879,07:30-20:50,
HAVA A GOOD DAY COFFEE,,카페,34.6638293,135.5035062,,
OSORA CAFE,,카페,34.7263941,135.4989737,,
三裕の館,,카페,34.7264522,135.4974244,,
猿田彦珈琲,,카페,34.6923257,135.5015657,,
カフェドパリ,,카페,34.730511,135.4999524,,
Yatt,,카페,34.7086448,135.5042681,,
ima coffee stand,,카페,34.7298825,135.499828,,
Enerie,,카페,34.7406565,135.5163971,Mo-Tu 11:30-15:00; We-Su off,
あぼがどや,,카페,34.7108233,135.4924844,,
囲茶菓家 MAR,,카페,34.710346,135.4922591,,
WILLchá,,카페,34.6613678,135.5003841,Mo-Su 11:00-23:00,
Shinsaibashi Mocha Cat Cafe,,카페,34.6736907,135.5030183,,
黒船屋,,카페,34.7398398,135.5024441,,
FRUIT GARDEN 山口果物,,카페,34.6734604,135.5203085,,
niCafe,,카페,34.6918337,135.4787217,,
ティールーム コンパス,,카페,34.6810307,135.4835077,,
Fruits Candy Shop,,카페,34.6517484,135.5060871,,
Cafe Fate,,카페,34.7122187,135.5102145,,
喫茶水鯨,,카페,34.6821919,135.4825254,,
NOTEQUAL COFFEE,,카페,34.680898,135.5035986,,
Coo's Conservo,,카페,34.7374226,135.4833657,,
ドリカ珈琲,,카페,34.738707,135.486308,,
菜の花,,카페,34.7384325,135.4854148,,
ワナカ,,카페,34.6662921,135.5050406,,
Leo cafe&Studio,,카페,34.740788,135.4934899,,
青鳥ノ間,,카페,34.6655977,135.5157875,,
∞end,,카페,34.7388389,135.4864703,,
からふね屋珈琲店,,카페,34.7336303,135.5016487,,
KIEFEL COFFEE,,카페,34.6979918,135.4954254,Mo-Fr 07:30-17:00; Sa 11:30-16:30,
CAFÉ ONthe,,카페,34.6959897,135.4954602,"Mo-Fr 08:30-21:00; Sa-Su,PH 08:30-19:00",
BREAK,,카페,34.7017342,135.4989821,,
2417 Cafè apartment,,카페,34.7033137,135.4944241,,
TITUS,,카페,34.7157099,135.4806539,,
かふぇaibou,,카페,34.7214913,135.4812663,,
珈琲は僕の人生,,카페,34.7215652,135.4808172,,
DOOR laugh&coffee,,카페,34.7171108,135.4802447,,
MIXup,,카페,34.6777207,135.5000998,,
フルーツカフェ ひかり,,카페,34.6867445,135.5004028,08:00-22:00,https://hikari-cafe.com
貢茶,,카페,34.70446,135.4968259,,
コロンボ,,카페,34.7094546,135.511338,,
The Coffee Party,,카페,34.697401,135.4972363,,
STUDIO Jin,,카페,34.7095321,135.5110468,,
CAFE BREAK,,카페,34.6669652,135.5012004,,
TEA18,,카페,34.6992382,135.49829,11:00-22:00,
TO THE HERBS,,카페,34.699367,135.4985368,,
musi-vege+cafe,,카페,34.6995234,135.4984226,,
Lamptira,,카페,34.7228872,135.4914471,,
かっこう,,카페,34.7211754,135.4879059,,
Virgo,,카페,34.6943589,135.4756596,,
Chapme,,카페,34.7262632,135.4977228,,
からふね屋CAFE,,카페,34.702633,135.4965239,,
A Happy Pancake,,카페,34.671764,135.4988254,,
favecoffee,,카페,34.6723237,135.4976436,,
a.nap cafe.:zzz,,카페,34.708759,135.5046075,,
hibinomane,,카페,34.7087477,135.5048598,,
cafe mizuiro,,카페,34.7088381,135.504703,,
cafe Libre,,카페,34.7085441,135.5042749,,
CREPe&ESPRESSO,,카페,34.7087681,135.5052952,,
PAUHANA COFFE,,카페,34.7086822,135.5051914,,
Charming,,카페,34.7071533,135.5052931,,
nichinichibake,,카페,34.7077435,135.5066596,,
cafe de Clever,,카페,34.7021406,135.4966733,07:00-22:00,
日本茶バー 結音茶舗,,카페,34.6740902,135.5147001,,https://yui-on.jp/
喫茶モクバ,,카페,34.6988151,135.4970543,"Mo-Th 09:00-22:00; Fr-Su,PH, PH day -1 09:00-23:00",
カフェギャラリーきのね,,카페,34.70838456,135.50486918000001,,
MORDEN,,카페,34.70643655714286,135.5114851142857,,
タイムリー,,카페,34.71137522,135.5111175,,
TokiToki 道頓堀店,,카페,34.66858344,135.50287545999998,12:00-20:00,https://tokitokiescape.com/
42195 COFFEE,,카페,34.71237514,135.49374364,"Mo-We,Fr 08:00-18:00; Sa-Su,PH 10:00-18:00",https://42195coffee.wixsite.com/toppage
珈琲人,,카페,34.712145940000006,135.49214022,,
こちかぜ,,카페,34.67297645,135.52485556666667,"11:30-13:30 open ""ランチ"",17:30-21:30 open ""ディナー"" || ""不定休""",www.kotikaze.com
あとりえ カフェ ...With me,,카페,34.686913759999996,135.47989244000001,,
ラ・ヴィド・クロワッサン,,카페,34.680070380000004,135.50662544,,
SALOO,,카페,34.67336934,135.48825248,,
珈琲の泉 バンブー,,카페,34.71958615555556,135.48546423333335,,
kuromaru,,식사,34.7359423,135.4821038,,
流れ鮨,,식사,34.7355804,135.4816762,,
釜たけうどん,,식사,34.6641654,135.5039801,,
杵屋,키네야,식사,34.6686572,135.4756031,,
時屋,,식사,34.7282966,135.5012526,,
やよい軒天六店,,식사,34.711127,135.510946,,
やよい軒,,식사,34.6744805,135.4774281,,
餃子の王将,,식사,34.6749826,135.4758148,,
小川下,,식사,34.6743506,135.4762571,,
ガスト,,식사,34.737429,135.48307,,
加藤屋 大阪にぼ次郎,,식사,34.7291751,135.5008297,,
LOGIC,,식사,34.6687875,135.4946077,,
かに道楽,카니도라쿠,식사,34.6688634,135.5015017,Mo-Su 11:00-23:00,https://douraku.co.jp/
馳走庵,,식사,34.6828534,135.4986691,,https://www.chisouan.com/honmachi.html
天下一品,,식사,34.6980388,135.4988637,"Mo-Th,Sa 11:00-03:30; Fr 11:00-04:30; Su 11:00-23:30",
がばちょ,,식사,34.6683052,135.4870516,,
北京,,식사,34.6682892,135.4875947,,
紀州屋,,식사,34.6682719,135.4877665,,
更科,,식사,34.7105626,135.5094373,,
総大醤,,식사,34.710236,135.507619,,
かどや,,식사,34.6751259,135.4754274,,
つばき,,식사,34.6740242,135.4770357,,
ご馳走屋惣兵衛,,식사,34.6736692,135.478642,,
九条アジヨシ,,식사,34.6747763,135.4782706,,
九条亭,,식사,34.6745574,135.4781287,,
吉林菜館,,식사,34.6741645,135.4781888,,
味わい処 お多福,,식사,34.6748809,135.4761561,,
天洋,,식사,34.6744934,135.4780852,,
宮本むなし,,식사,34.6659637,135.4783192,24/7,
つるまる,,식사,34.6620127,135.4981737,,
がんこ寿司,,식사,34.6685903,135.5019452,,https://www.gankofood.co.jp/
がんこ梅田本店,,식사,34.706539,135.4975976,,https://www.gankofood.co.jp/shop/search?keywords=%E6%A2%85%E7%94%B0%E6%9C%AC%E5%BA%97
中華食堂十八番,,식사,34.7111461,135.5111195,,
かごの屋,,식사,34.7334057,135.4857884,,
サイゼリヤ,,식사,34.7340159,135.4913311,11:00-02:00,https://www.saizeriya.co.jp/restaurant/shop_detail.php?cd=1031
喫茶珈琲店ピノキオ,,식사,34.7340357,135.4918338,,
豊崎飯店,,식사,34.711716,135.5035333,,
がんこ,,식사,34.7026575,135.5007397,,https://www.gankofood.co.jp/shop/detail/wa-hankyuhigashidori
浪花寿司,,식사,34.712054,135.505011,,
琥珀,,식사,34.7082085,135.5094627,,
尾道ラーメン 月光仮面,,식사,34.6663994,135.5056651,,
スエヒロ,,식사,34.709628,135.510981,,
正宗屋,,식사,34.6661463,135.5031404,,
三田製麺所,,식사,34.6661855,135.5031402,,
金龍ラーメン,,식사,34.6652567,135.5033931,,
源ぺい,,식사,34.7339205,135.4899775,,
すし処音羽,,식사,34.6976139,135.4994105,,http://sushidokoro.otowa.ne.jp/contents/shop.html
食道園,,식사,34.6973032,135.4989084,,
うどんの前田,,식사,34.6522454,135.5133855,,
INDIA CURRY CLUB,,식사,34.7175765,135.480523,,
ふくちあんラーメン,,식사,34.7162005,135.4751992,,
大阪王将,,식사,34.7174736,135.4796513,,
手作り餃子 橋郷館,,식사,34.7226839,135.4903404,,https://www.morymoryliu.com/
てんま,,식사,34.7000277,135.5096531,,https://osaka-udon-soba-tenma.com/
焼肉 五苑,,식사,34.7386555,135.5239908,,
パーティェ(2F),,식사,34.6982039,135.5118384,,
主税寿司,,식사,34.6985416,135.5114356,,
大和路,,식사,34.698533,135.5115864,,
Trattria nico,,식사,34.6985408,135.5107978,,
Buｆｆ,,식사,34.6998195,135.5111005,,
お好み・鉄板焼 南森このむ,,식사,34.6985745,135.5107951,,
ステーキファイブ,,식사,34.6984577,135.5117417,,
千里しゃぶ亭,,식사,34.699328,135.5117123,,https://shabu-shabu-restaurant-157.business.site/
焼肉泰山,,식사,34.6983088,135.5108047,,
野菜屋,,식사,34.6984391,135.5108179,,
堂島グラッチェ,,식사,34.6983727,135.5131833,,
彩月,,식사,34.691191,135.4849691,,
はなまるうどん,,식사,34.7003851,135.5115054,,
錦華園,,식사,34.7000189,135.5115222,,
塩ラーメン,,식사,34.6995342,135.5115634,,
天神寿司,,식사,34.6965566,135.5116918,,https://restaurant-94025.business.site/
まいどおおきに食堂,,식사,34.6964437,135.5112394,,
王将,,식사,34.6971846,135.5118096,,
お好み焼き朝日,,식사,34.6972168,135.5126529,,
そばよし,,식사,34.6971366,135.5124648,,
ロマンチック食堂,,식사,34.6998295,135.5124963,,
大龍ラーメン,,식사,34.6972052,135.5123557,,
フジオ軒,,식사,34.6968732,135.5118423,,
ゆかり,,식사,34.6989932,135.5117106,,https://www.yukarichan.co.jp/shop/tensan.html
チャオチャオ餃子,,식사,34.6971452,135.5118084,,
万両,,식사,34.6987802,135.5117239,,https://yakiniku-manryo-tenjinbashi.com/
大陸風,,식사,34.6978831,135.5117688,,https://www.dalufeng.jp/
ひろ川,,식사,34.7005519,135.5116565,,
リンガーハット,,식사,34.6632692,135.5036546,,
ALLOLO,,식사,34.6994594,135.5137571,,
DELICAPIZZA,,식사,34.7013617,135.5110493,,
ウェルデュール,,식사,34.7005423,135.5113643,,
ラーメン一歩,,식사,34.7005374,135.511298,,
大阪めん坊,,식사,34.6996994,135.5146615,,
焼肉櫂,,식사,34.7006996,135.5119021,,
復刻西洋食堂 紅梅ダイナー,,식사,34.6992824,135.5137534,,
ビビンバ亭,,식사,34.6967331,135.5122018,,
樹林亭,,식사,34.6967126,135.5123459,,
おむらいす,,식사,34.6986034,135.5122882,,
焼肉米牛,,식사,34.6998669,135.5107553,,
梅香,,식사,34.6979851,135.5147699,Mo-Sa 17:30-24:00,
"Vario, Ristrante & Bar",,식사,34.7196677,135.4834967,,
くしちゅう,,식사,34.7198271,135.4838263,,
ホルモン 桃ちゃん,,식사,34.7197792,135.4843916,,
十三串焼酒場マルトモ,,식사,34.7197307,135.484073,,
釜揚げうどん (Kamaage Udon noodle),,식사,34.7196271,135.4840831,,
季節料理 山もと,,식사,34.7199657,135.4840162,,
希望軒,,식사,34.674836,135.504495,,
カレーハウス Coco 壱番屋,,식사,34.684946,135.517598,,
焼肉ライク,,식사,34.686063,135.517584,,
ル・クロ・ド・マリアージュ,,식사,34.686532,135.517574,,
鶴丸饂飩本舗,,식사,34.6876361,135.517038,,
ラーメン 四天王,,식사,34.6859801,135.5170278,,
狸狸亭,,식사,34.684686,135.5170976,,
上等カレー,,식사,34.686087,135.517067,,
一花すし,,식사,34.7205632,135.4829628,,
LA TEPPARNYA,,식사,34.7205982,135.4829663,,
得正,,식사,34.688393,135.518162,,
東京チカラめし,,식사,34.6628942,135.5062005,,
一隆,,식사,34.685064,135.508264,,
鶴橋アジヨシ,,식사,34.6674166,135.5032478,,
カジュアル割烹 春夏冬,,식사,34.709877,135.511997,,
カルダモン,,식사,34.7088573,135.5114797,"Mo-Fr 11:30-15:00,17:30-20:30; Sa,Su,PH 11:30-16:00",
丸八寿司,,식사,34.710964,135.51193,,
阿鳥,,식사,34.711365,135.511898,,
鉄板や かんろ,,식사,34.711275,135.511984,,
炭火焼ダイニング 口八町,,식사,34.711803,135.511076,,
ホルモンれんがや,,식사,34.709956,135.512943,,
炭火焼ダイニングどうも,,식사,34.709687,135.512814,,
鉄板焼 韓国料理 コキリ,,식사,34.708957,135.512528,,
七与すし,,식사,34.708277,135.512265,,
ひしめき屋,,식사,34.708127,135.512402,,
大萊軒,,식사,34.707541,135.511955,,
マドラス5,,식사,34.7075585,135.5134244,,
すし政,,식사,34.707678,135.511881,,
海鮮イタリアンバルBARMAN,,식사,34.710193,135.513702,,
フグ料理大政,,식사,34.6659135,135.5063007,,
HARU,,식사,34.71479,135.507538,"Mo-Su,PH 17:00-23:00",
ダイワ食堂,,식사,34.7142992,135.5114395,,
お好み焼あべちゃん,,식사,34.712572,135.51178,,
火の国料理でこぽん,,식사,34.711425,135.513878,,
美々卯,,식사,34.6849135,135.4990086,,
中崎とり天,,식사,34.70843,135.507008,,
海鮮屋台おくまん,,식사,34.7073653,135.5064373,,
けなり,,식사,34.707341,135.507705,,
SCARPINO,,식사,34.707648,135.509392,,
すし政 西店,,식사,34.7076409,135.5095098,,
花れんこん,,식사,34.707558,135.509907,,
dankichi,,식사,34.7120894,135.5057182,,
麦と麺助,,식사,34.7113267,135.499994,"Mo,We-Fr 11:00-15:30; Sa-Su 11:00-16:00",
ちょいワルおやじ,,식사,34.7144954,135.5064149,,
なんば一番,,식사,34.7144687,135.5064148,,
みや,,식사,34.7121035,135.5058186,,
ラーメン魂,,식사,34.6821958,135.5116508,,
福島上等カレー,,식사,34.7025201,135.5061583,,
CoCo壱番屋,,식사,34.6728527,135.5170685,,
かん菜,,식사,34.706653,135.500306,,
だりぴん,,식사,34.7054653,135.4959045,,
鶴橋風月,,식사,34.7018234,135.5005174,Mo-Su 11:00-23:15,
丸まん寿司,,식사,34.700866,135.501262,,
牛角,,식사,34.70092,135.5011514,,
寿司と天ぷら おやじ,,식사,34.7008496,135.5003498,,
一真道,,식사,34.6593832,135.5044798,,
つるまるうどん,,식사,34.6576663,135.505935,,
らーめん喜六,,식사,34.6582518,135.5055497,,
極厚焼豚らーめん,,식사,34.660532,135.505724,,
麺ノ國＋,,식사,34.6632428,135.5048276,,https://www.kunimaru.net
海老丸本舗,,식사,34.6615611,135.5050064,,
福来亭,,식사,34.6639729,135.5058633,,
萬牛,,식사,34.6649533,135.5058958,,
魂心家,,식사,34.6624618,135.5048895,,
とん八,,식사,34.6775398,135.5169004,,
ケサリ,,식사,34.6713281,135.5163733,,
ハンブルグ,,식사,34.6683044,135.5158165,,
バール エノテカ,,식사,34.6781292,135.5169165,,
愛宕屋,,식사,34.6746917,135.5167088,,
有八らーめん,,식사,34.6671048,135.5105058,,
麺や 天啓,,식사,34.6671175,135.5102353,,
大起水産,,식사,34.663246,135.502134,,
お食事処おくむら,,식사,34.662258,135.500764,,
中華料理大福,,식사,34.662479,135.499772,,
宮,,식사,34.661757,135.498654,,
たちばな,,식사,34.661443,135.498715,,
お食事処どうも,,식사,34.6607616,135.4975396,,
元町食堂,,식사,34.6629311,135.4976203,,
一風堂,,식사,34.662819,135.500499,,
Kyushu Ramen Kio Namba-NGKmae,,식사,34.664583,135.503623,Mo-Su 11:00-23:30,
焼肉ホルモン宝,야키니쿠 호르몬 타카라,식사,34.6654187,135.5040801,,
ふぐ青柳,,식사,34.665802,135.506283,,
元禄寿司,,식사,34.6660779,135.5031401,,
磯丸水産,,식사,34.6996382,135.5006587,24/7,https://isomaru.jp/
牛次郎,,식사,34.699509,135.501139,,
ぼん蔵,,식사,34.699466,135.501302,,
てけてけ,,식사,34.6996522,135.5009346,,
しゃぶ亭,,식사,34.664289,135.502957,,
ポポラマーマ,,식사,34.6628985,135.503194,,
あじと,,식사,34.6642993,135.5041115,,
洋食屋カトリーナ,카트리나,식사,34.664621,135.503933,,
鳥よし本店,,식사,34.6660992,135.504308,,
大政,,식사,34.6661786,135.5043348,,
焼肉櫻,,식사,34.666601,135.504291,,
昭和ホルモン,,식사,34.666797,135.504407,,
炭火焼肉肉八,,식사,34.667697,135.504369,,
ふぐくじら,,식사,34.667904,135.504632,,
味宝楼,,식사,34.6679003,135.5048925,,
しんぱち食堂,,식사,34.667515,135.506311,,
うおまん,,식사,34.6613392,135.5021077,,
縁,,식사,34.663663,135.505225,,
おり,,식사,34.663767,135.50521,,
ピンツォクワルト,,식사,34.664411,135.505549,,
caffurio,,식사,34.666079,135.505269,,
壺心,,식사,34.6666356,135.5055038,,
街かど屋,,식사,34.6964752,135.486917,"Mo-Su,PH 07:00-23:00",
タケル,,식사,34.696402,135.487355,,
串カツBANZAI,,식사,34.697303,135.485785,,
お福ちゃん（お好み焼き）,,식사,34.6973006,135.4855462,,
福島 あじ平,,식사,34.6975038,135.4851399,,
お好み焼はっちゃん,,식사,34.697655,135.483747,,
炭火焼鳥はれるや,,식사,34.6976621,135.4834655,,
手料理右近,,식사,34.697554,135.4834642,,
串カツ揚げ聖天堂,,식사,34.697713,135.483271,,
ふくみ屋,,식사,34.697616,135.482918,,
旨味食堂,,식사,34.6977696,135.4827698,,
洋食屋IWANAGA,,식사,34.697937,135.482091,,
お好み焼なかの,,식사,34.698042,135.481663,,
MIO,,식사,34.6980685,135.48141,,
マルイチ,,식사,34.6980872,135.4810699,,
おかめ,,식사,34.6980059,135.4806636,,
焼肉新羅,,식사,34.696909,135.480113,,
鉄板焼大福,,식사,34.694625,135.480448,,
七つ星,,식사,34.695404,135.485846,,
特正,,식사,34.697648,135.49208,,
梨花食堂,,식사,34.7046,135.511646,,
輔,,식사,34.704601,135.511705,,
焼肉どうらく,,식사,34.7049,135.511304,,
ふくすけ亭,,식사,34.7049707,135.5114723,,
bb.qオリーブチキンcafe,,식사,34.7051663,135.5114659,,https://bbq-olivechickencafe.jp/shop/jrtenmaekimae/
春駒,,식사,34.7067171,135.5113884,,
まるまん寿司,,식사,34.7072112,135.5112628,,
精養軒,,식사,34.7076893,135.5114784,,
てっちり福好,,식사,34.70905,135.511871,,
らく笑,,식사,34.709819,135.512074,,
淋蘭,,식사,34.712955,135.506699,,
とんかつ割烹,,식사,34.713591,135.506638,,
李苑,,식사,34.714877,135.51337,,
とんかつ濱伸,,식사,34.716157,135.514952,,
ふぐの神,,식사,34.71431,135.516016,,
韓国家庭料理 水原,,식사,34.709885,135.515231,,
街かど屋 千日前店（ザめしや24）,,식사,34.6663712,135.5029087,,
焼肉五苑,,식사,34.6662936,135.504865,,
回転すし日本一,,식사,34.666309,135.502313,,
どうとんぼり神座,,식사,34.666294,135.501527,,
治兵衛,,식사,34.665453,135.502264,,
焼肉一丁,,식사,34.665894,135.502241,,
岩崎塾,,식사,34.665998,135.502232,,
三間堂,,식사,34.666058,135.502218,,
六角鶏,,식사,34.704814,135.502414,,
炭火焼肉かんて,,식사,34.7042997,135.5024303,,
とり友,,식사,34.703935,135.502493,,
弁天別館,,식사,34.7029563,135.5027717,"Mo-Fr 11:30-14:30,16:30-23:30, Sa 16:00-23:30; PH,Su 16:00-23:00",
にぎりののぶちゃん,,식사,34.702847,135.502807,,
中村屋,,식사,34.70279,135.502383,,
弁天本店,,식사,34.702671,135.502423,,
焼肉,,식사,34.702867,135.502079,,
横綱,,식사,34.7035765,135.5014126,24/7,
もんじゃ焼き 西屋,,식사,34.704286,135.502332,,
お魚くわえたどら猫,,식사,34.7044783,135.5026,,
龍華楼,,식사,34.7072532,135.5025738,,
はな福,,식사,34.711607,135.501081,,
お好み焼つや,,식사,34.71045,135.502029,,
GARDEN,,식사,34.711741,135.503789,,
麻拉麺 揚揚,,식사,34.7098206,135.511169,,
新天閣,,식사,34.708552,135.50779,,
情熱ホルモン,,식사,34.7079503,135.5110412,,
厳島,,식사,34.7069686,135.5106546,,
家庭料理だっぴ,,식사,34.706879,135.511038,,
天満のとらやん,,식사,34.706829,135.511081,,
炭火焼肉精龍,,식사,34.7063787,135.5106045,,
双龍居,,식사,34.7061479,135.5106151,,
とり坊,,식사,34.705559,135.511014,,
北の洞窟,,식사,34.705816,135.510301,,
HANAAKARI,,식사,34.705793,135.509555,,
ペシェドーロ,,식사,34.705911,135.50964,,
コアラ食堂,,식사,34.7087744,135.5094094,,
馬力,,식사,34.709635,135.510027,,
焼肉みかく屋,,식사,34.709587,135.510511,,
香港飲茶 柏林苑,,식사,34.688944,135.5064265,,https://kb6n104.gorp.jp/
ラ グリシーヌ,,식사,34.688264,135.507977,,
北京飯店,,식사,34.689781,135.508093,,
あらか,,식사,34.689838,135.507731,,
軍鶏十番,,식사,34.690139,135.507042,,
ポンテベッキオ,,식사,34.691464,135.507081,,
スカーラ,,식사,34.69189,135.506919,,
中華料理 杏,,식사,34.692549,135.512202,,
井上,,식사,34.695301,135.50725,,
梅が枝食堂,,식사,34.698712,135.50593,,
CielBleu,,식사,34.701003,135.505676,,
てぃーあんだ,,식사,34.702394,135.510506,,
繁昌そば,,식사,34.701785,135.511434,,
らんぷ亭,,식사,34.7032789,135.5115528,,
ビフテキのHibio,,식사,34.7035087,135.5115396,,https://bifuteki-hibio.com/
喜陽亭,,식사,34.704255,135.511215,,
串泰,,식사,34.70411,135.511546,,
さち,,식사,34.705183,135.51217,,
七福神 天満駅前店,,식사,34.705483,135.511921,,
新随園,,식사,34.705563,135.511955,,
ひろや,,식사,34.706475,135.512302,,
とりいし,,식사,34.706445,135.51197,,
バッテンよかとお,,식사,34.706505,135.511759,,
壺天,,식사,34.706512,135.511927,,
マッスルホルモン,,식사,34.706352,135.511814,,
つる家,,식사,34.706299,135.511705,,
武福,,식사,34.706071,135.5118,,
焼肉五六八,,식사,34.706635,135.51188,,
RICCO,,식사,34.706727,135.511911,,
炭火焼鳥 わっちょい,,식사,34.707122,135.51183,,
ホルモンすすむ,,식사,34.707503,135.511744,,
鮮,,식사,34.70811,135.511705,,
お好み焼なごみ,,식사,34.708434,135.511884,,
specialist,,식사,34.708905,135.511748,,
おざわ,,식사,34.66654,135.501083,,
ひゃくばん,,식사,34.666867,135.501147,,
コッテジ,,식사,34.666856,135.501477,,
友の,,식사,34.667938,135.50156,,
フェローズ,,식사,34.667708,135.50183,,
ひろの一本釣り,,식사,34.667751,135.501996,,
新世界いっとく,,식사,34.667934,135.502144,,
夫婦善哉,,식사,34.667785,135.502398,Mo-Su 10:00-22:00,https://sato-res.com/store/0662116455
無限ラーメン,,식사,34.667839,135.50309,,
市場ずし,,식사,34.667777,135.503243,,
パステリア バンブ,,식사,34.667725,135.503469,,
たらふく,,식사,34.697992,135.498701,,
AMANTE,,식사,34.697876,135.498259,,
ぬのや,,식사,34.697592,135.497881,,
音羽別館,,식사,34.697362,135.497847,,
おらんく家,,식사,34.697596,135.497626,,
こてっぱん,,식사,34.69773,135.49707,,
逢坂,,식사,34.6976102,135.4967473,,
木曽路,,식사,34.6976812,135.4964444,,
割烹松本,,식사,34.697844,135.496578,,
焼肉鶴兆,,식사,34.6978868,135.4967885,,
山賊,,식사,34.6652278,135.4990653,,
とり一番本舗,,식사,34.665312,135.49862,,
楽楽座,,식사,34.666187,135.498955,,
たかせ,,식사,34.666235,135.498933,,
たまき,,식사,34.666203,135.499112,,
ニ楽,,식사,34.666072,135.499297,,
中央軒,,식사,34.66634,135.499516,,
えんや,,식사,34.666272,135.499354,,
kyonkyon,,식사,34.666116,135.499641,,
七福,,식사,34.666226,135.499702,,
つけ麺球児,,식사,34.666235,135.499745,,
ささき,,식사,34.6662576,135.4998183,,
ぼてじゅう,,식사,34.666194,135.500795,,
串皇,,식사,34.666224,135.501026,,
まこ家,,식사,34.666427,135.501622,,
南一園,,식사,34.6664486,135.5020353,,
シャンデリアテーブル,,식사,34.7024635,135.4989523,,
Hard Rock Cafe,,식사,34.682457,135.500937,,
利八,,식사,34.665305,135.505353,,
新鮮ホルモン こいろり,,식사,34.665367,135.504598,,
天秤棒,,식사,34.665433,135.504287,,
純ちゃん家の手作り餃子,,식사,34.6654003,135.504407,,
三佳屋,,식사,34.664363,135.503771,,
MARIO,카레우동,식사,34.6638978,135.5032316,,
いわま,,식사,34.6642732,135.5035094,,
梁亜楼,,식사,34.66415,135.502997,,
海援隊沖縄 肝どん,,식사,34.6634288,135.5032721,,
くしよし本舗,,식사,34.663483,135.503365,,
アーリオオージオ,,식사,34.663445,135.504744,,
けむり屋,,식사,34.663369,135.504833,,
サロックながた,,식사,34.663181,135.506733,,
浪速屋,,식사,34.663726,135.506861,,
ニューダルニー,,식사,34.663825,135.507017,,
黒門豚美人,,식사,34.664042,135.506896,,
さくら,,식사,34.66427,135.506878,,
やまと屋,,식사,34.66431,135.506875,,
焼肉神戸屋,,식사,34.664789,135.507175,,
黒門さぬき市場,,식사,34.664863,135.507092,,
浜藤,,식사,34.665512,135.506878,,
玄品ふぐ,,식사,34.665792,135.506926,Mo-Su 12:00-22:30,
黒門寿司,구로몬 시장,식사,34.666157,135.507419,,
吉鳥,,식사,34.665448,135.49941,,
寺尾,,식사,34.698475,135.494363,,
和牛の郷,,식사,34.697639,135.492023,,
晴屋,,식사,34.667508,135.501065,,
割烹かわせ,,식사,34.668043,135.50175,,
割烹錦水,,식사,34.668085,135.502075,,
づぼらや,,식사,34.668847,135.5022648,,
たよし,,식사,34.6687886,135.5026345,,
焼肉いろりや,,식사,34.668785,135.502689,,
廻る元禄寿司,,식사,34.668829,135.502552,,
ぎふや,,식사,34.668529,135.503053,,
きりん寺 千日前店,,식사,34.6683351,135.5032356,,
就章魚燒整隻的!!500日,,식사,34.668258,135.503084,,
大阪ステーキ,,식사,34.6678921,135.5033089,,
水魚の喜,,식사,34.668029,135.503487,,
八苑,,식사,34.667876,135.503383,,
花心,,식사,34.66804,135.503627,,
Rucola,,식사,34.668034,135.503811,,
常の山,,식사,34.66733,135.505459,,
旅籠,,식사,34.7067001,135.4990193,Mo-Su 17:00-23:15,https://www.rikimaru-group.com/sphone/
Doors,,식사,34.707726,135.499379,,
炉端長屋一一,,식사,34.707612,135.498676,,
ヤマハチ商店,,식사,34.707618,135.498526,,
口八丁,,식사,34.707598,135.498471,,
より道,,식사,34.708752,135.504904,,https://kdr3900.gorp.jp/
まんしゅう,,식사,34.7087009,135.5054912,,
とり達,,식사,34.708879,135.505471,,
Buzz,,식사,34.7024099,135.5000865,,
しのぶ庵,,식사,34.70242,135.5002494,,
カンパーニュ,,식사,34.7025044,135.5006785,,
珍竹林,,식사,34.70266,135.500989,,https://www.instagram.com/chinchikurin_h/
BeeRUSH,,식사,34.7027843,135.5014369,,
横綱ガーデン,,식사,34.7031147,135.501393,,
中納言,,식사,34.6673756,135.5020209,,
串の坊,,식사,34.667531,135.502105,,
銀◯,,식사,34.667731,135.502184,,
割烹浅草,,식사,34.667817,135.502473,,
えび家,,식사,34.668138,135.502393,,
松坂牛焼肉,,식사,34.668118,135.502547,,
然ちゃん,,식사,34.668119,135.502613,,
銀家,,식사,34.668123,135.502702,,
お好み焼三平,,식사,34.66823,135.502693,,
コスコス,,식사,34.668116,135.502775,,
吟音,,식사,34.66822,135.502817,,
水かけ茶屋,,식사,34.668126,135.50292,,
ほてい,,식사,34.668119,135.502985,,
二和鳥,,식사,34.668234,135.502961,,
美加佐,,식사,34.668059,135.503006,,
みつる,,식사,34.6688791,135.5035153,,
一休,,식사,34.6688268,135.5035859,,
昌慶苑,,식사,34.6688334,135.5036689,,
わらい,,식사,34.6688293,135.5037611,,
千房,,식사,34.6688364,135.5039025,,https://www.chibo.com/
けー坊,,식사,34.668832,135.504657,,
カレーハウス T&A,,식사,34.668616,135.505073,,
奴茶屋,,식사,34.668862,135.505137,,
すし翔,,식사,34.668864,135.505076,,
焼肉福家,,식사,34.668634,135.505136,,
刀削麺,,식사,34.668845,135.505351,,
年年歳歳,,식사,34.668844,135.505425,,
香港楼,,식사,34.66732,135.505787,,
ふく伝,,식사,34.668088,135.506311,,
日本橋食堂,,식사,34.666733,135.506908,,
いずみカリー,,식사,34.667318,135.507979,,
古里庵,,식사,34.6676695,135.5069708,,
昭和大衆ホルモン　十三店,,식사,34.7196994,135.4822386,,
麺匠はなみち,,식사,34.7196167,135.48217,"Mo-Su 11:00-15:30,18:00-24:00",https://menshohanamichi.jp/free/jyusou
本陣,,식사,34.7195099,135.4822337,,
シエテ,,식사,34.719446,135.4823193,,https://c677001.gorp.jp/
つる居,,식사,34.7191645,135.4822715,,
鳥伝,,식사,34.719189,135.4822536,,
三豊麺,,식사,34.7196876,135.4820193,,
らーめん亀王,,식사,34.7198674,135.4815856,Mo-Su 11:00-02:00,
梅田明月館,,식사,34.7200316,135.4806783,,
がんこ豆腐,,식사,34.719242,135.480015,,
がんこ総本店,,식사,34.7191604,135.4800561,,https://www.gankofood.co.jp/shop/detail/wa-jyuso
そば処 松風,,식사,34.7188533,135.4796123,,
明洞カルビ,,식사,34.718178,135.478433,,
そば すし 深川,,식사,34.7194241,135.4785447,,
松のや,,식사,34.71917,135.481964,05:00-02:00,
ライオンカレー,,식사,34.7190712,135.4814235,,
ぷちローザ,,식사,34.668068,135.500701,,
味乃家,,식사,34.668081,135.501029,,
月光仮面,,식사,34.668066,135.501131,,
情熱 ホルモン,,식사,34.668812,135.500699,,
はり重うどん,,식사,34.668593,135.500678,,https://www.harijyu.co.jp/
燒肉一丁,,식사,34.670475,135.500938,Mo-Su 17:00-23:00,
わら屋,,식사,34.670445,135.501042,,
えびす,,식사,34.670441,135.500998,,
大山,,식사,34.6710301,135.5015944,,
パスタリアーノ,,식사,34.671309,135.501097,,
紅虎軒,,식사,34.671796,135.501055,,
Pranzo,,식사,34.672013,135.500922,,
串カツだるま,,식사,34.6720613,135.5014439,,
colors,,식사,34.672099,135.501185,,
神座,,식사,34.674775,135.501194,,
中華九,,식사,34.675394,135.501311,,
和楽,,식사,34.675753,135.501563,,
とんかつがんこ,,식사,34.676673,135.501285,,
つけ麺 つじ田,,식사,34.6776637,135.5013355,,
せんば食堂,,식사,34.678039,135.501206,,
La Pausa,,식사,34.678362,135.501353,,
梅の花,,식사,34.67862,135.501194,,
鉄なべ,,식사,34.680583,135.501603,,
イルカミネット,,식사,34.697105,135.514601,,
得得,,식사,34.69707,135.514755,,
華食堂,,식사,34.697374,135.516578,,
うどんの極心,,식사,34.696413,135.515002,,
明陽軒,,식사,34.669318,135.503447,,
すたんど割烹にほん,,식사,34.669619,135.503998,,
しゃぶ舞,,식사,34.669508,135.50414,,
車鮨,,식사,34.669325,135.504597,,
いそふく,,식사,34.669327,135.50498,,
まんぷく市場,,식사,34.669512,135.50534,,
四川牛肉麺,,식사,34.669256,135.505161,,
つるとんたん,,식사,34.66927,135.505964,Mo-Su 11:00-08:00,
山内農場,,식사,34.672255,135.506441,,
船場カリー,,식사,34.672953,135.506109,,
夜あけ寿司,,식사,34.670411,135.5023989,,https://daiki-planning.co.jp/shop-yoakesushi/
jyujyu,,식사,34.670418,135.503048,,
さかえすし,,식사,34.670241,135.504379,,
カルビ家,,식사,34.67037,135.504475,,
炭火家神楽,,식사,34.670208,135.504736,,
すしはな,,식사,34.670372,135.505315,,
長黎徳,,식사,34.670345,135.505835,,
一雅,,식사,34.669619,135.50589,,
MADEYA,,식사,34.667897,135.504117,,
EL PONIENTE,,식사,34.69223,135.504144,,
志津可,,식사,34.69442,135.505655,,
カレーハウス,,식사,34.694868,135.510867,,
からみつ屋,,식사,34.6943663,135.5117815,,
くろうど,,식사,34.6945225,135.5117724,,
Tonkotsu Gyokai Ramen Kozou Mata Omaeka,,식사,34.694846,135.5119062,,https://kozou53.jp/kozou-mata-omaeka/
天一更科,,식사,34.6951048,135.5117558,,
たから,,식사,34.6954653,135.5118761,,
鮨処利久,,식사,34.6957371,135.5117218,,
一富士,,식사,34.6959027,135.5117006,,http://ichifuji-tenma.jp/
宇奈とと,,식사,34.6968566,135.5116562,Mo-Su 11:00-22:30,http://unatoto.com
鳥造,,식사,34.665115,135.518226,,
味むそう,,식사,34.665148,135.518041,,
上六食堂,,식사,34.6666392,135.5177557,,
韓八亭,,식사,34.666227,135.51684,,
蘭亭,,식사,34.666236,135.51651,,
ラー麺ずんどう屋,,식사,34.667969,135.501758,,
松阪牛焼肉M,,식사,34.66777,135.502073,,
道頓堀つぼみ,,식사,34.668382,135.50531,,
鉄くん,,식사,34.6679379,135.5052678,,
アリーズキッチン,,식사,34.674781,135.500957,,
イルキャンティ,,식사,34.674822,135.500993,,
SAINT-LOUIS AMUSE,,식사,34.6906767,135.4864497,,
しゃぶKAZZ,,식사,34.670286,135.502067,,
牛吾,,식사,34.6704766,135.501756,,
串処最上,,식사,34.670537,135.502227,,https://mogami-shinsaibashi.gorp.jp/
神代,,식사,34.6708019,135.5024326,,http://www.kamiyo.co.jp/
田門,,식사,34.670936,135.502672,,
吉しや,,식사,34.671359,135.504249,,
デジカルビ,,식사,34.67204,135.50502,,
NAGAO,,식사,34.671828,135.505516,,
焼肉マル,마루 와규,식사,34.671831,135.505874,,
ひょうたん,,식사,34.672804,135.505374,,
かむろ,,식사,34.6732364,135.5054391,,
ベジテジヤ,,식사,34.6736,135.505404,,
燦々亭,,식사,34.697075,135.514672,,
天府一品,,식사,34.696772,135.517655,,
薩摩っ子,,식사,34.6967948,135.5183928,,
中房,,식사,34.698032,135.518282,,
どんどん,,식사,34.698295,135.517935,,
らーめん 魔法堂,,식사,34.6987134,135.5183017,,
鉄板ステーキ ピュール,,식사,34.699364,135.517978,,
カレー,,식사,34.699868,135.518037,,
うっちー,,식사,34.699971,135.518038,,
とり庵,,식사,34.70145,135.517832,,
漫奈無,,식사,34.701617,135.517413,,
門,,식사,34.702724,135.517849,,
インドタイガー,,식사,34.702735,135.515119,,
sfida,,식사,34.702484,135.514906,,
たけ家,,식사,34.702557,135.514117,,
アレグロ,,식사,34.7025377,135.5138545,"11:00-15:30,17:30-23:00",
ワイン食堂,,식사,34.702836,135.513448,,
USHINABE,,식사,34.702784,135.513297,,
はなれ,,식사,34.702755,135.512227,,
おんわ,,식사,34.702541,135.511695,,
麺や輝,,식사,34.709717,135.499178,11:00-22:00; Mo[1] off,
中津食堂,,식사,34.7101788,135.4970117,,
麺屋 メンヤ ニュークラシック,,식사,34.7099539,135.4959233,11:00-14:30;17:30-22:00,
シャリマール,,식사,34.709969,135.495831,,
串まん,,식사,34.709812,135.495715,,
ビストロ・ド・ヨシモト,,식사,34.7099372,135.4956691,"Tu-Su,PH 11:30-14:00,17:30-21:30; ""月曜日定休(祝日の場合 翌日振替休)""",https://www.bd-yoshimoto.com/
焼肉マルヤマ,,식사,34.710389,135.494679,,
たかちゃん,,식사,34.7107302,135.4952244,,
一歩,,식사,34.7107295,135.4953296,,
中も津や,,식사,34.711812,135.497753,,
御徳屋,,식사,34.7122,135.498053,,
黒門小産弥,,식사,34.712457,135.497562,,
いろは,,식사,34.709701,135.500898,,
Standing酒場 ひとてま,,식사,34.7222613,135.4835023,,
饂飩四国,,식사,34.6986461,135.4914344,,
晴,,식사,34.684862,135.511844,Mo-Fr 11:30-14:30,
えい吉,,식사,34.6833594,135.5112124,,
ふぐとら,,식사,34.6833584,135.5114348,,
絶,,식사,34.6832764,135.5143335,,
かっぽうぎ,,식사,34.683152,135.515508,,
MONACO,,식사,34.6831786,135.5170655,,
わい家,,식사,34.682874,135.517585,,
ぢどっこ,,식사,34.691501,135.503011,,
淀屋橋じゅうじゅう,,식사,34.691574,135.501913,,
HANA,,식사,34.690304,135.502803,,
やなぎ,,식사,34.6905667,135.5028465,,
ラペティ ロアラブッシュ,,식사,34.690566,135.505911,,
済州,,식사,34.707126,135.513415,,
やまね,,식사,34.707078,135.513399,,
墨国回転豚料理,,식사,34.7069622,135.5132174,,
奴寿司,,식사,34.707172,135.513,,
orb天満,,식사,34.70721,135.513188,,
上海食苑,,식사,34.707692,135.513275,,
とりぼうず,,식사,34.707437,135.513224,,
玉一,,식사,34.708017,135.512454,,
でんえん,,식사,34.708118,135.512248,,
庄や,,식사,34.692058,135.4959892,,
光月,,식사,34.6714698,135.5025302,,
美家古,,식사,34.6715962,135.5024508,,
たか鳥,,식사,34.671696,135.5022722,,https://takatorishinsaibashi.owst.jp/
オステリアルーチェ,,식사,34.672049,135.502775,,
ナザール,,식사,34.672059,135.502886,,
三笠,,식사,34.672044,135.503083,,
魚はん,,식사,34.67204,135.503256,,
北の漁場,,식사,34.672297,135.503469,,
SONAMU,,식사,34.67266,135.503237,,
ファンタジスタ,,식사,34.673225,135.503429,,
徳川,,식사,34.673279,135.503446,,
はてな,,식사,34.6733959,135.5032874,Mo-Su 05:30-02:00,
Ola Tacos,,식사,34.6734399,135.503284,,https://www.facebook.com/BestMexicanInOsaka/
大成閣,,식사,34.67371,135.502851,,
大阪麦風,,식사,34.6734939,135.503443,,
牛のひげ,,식사,34.6736303,135.5035911,,
焼肉味希,,식사,34.673625,135.504278,,
雷音,,식사,34.673995,135.504492,,
近江屋,,식사,34.674395,135.504264,,
吉次,,식사,34.6744,135.504553,,
じねん,,식사,34.674233,135.504587,,
インディ,,식사,34.674516,135.506478,,
チャンダニー,,식사,34.663035,135.499544,,
寺田屋,,식사,34.697979,135.49594,11:00+,
立呑 中津3-17-5（SO-KEN 2号店）,,식사,34.7109325,135.4932826,We-Mo 16:00-23:00,
たつみ,,식사,34.7139014,135.4985082,,
洋麺酒場 BenNu,,식사,34.7108574,135.4924868,,
だいみょう,,식사,34.67658,135.502789,,
コロッセオ,,식사,34.676891,135.50324,,
旬菜家,,식사,34.67692,135.503283,,
アルテリア,,식사,34.677163,135.503141,,
TAWAN THAI,,식사,34.676505,135.50455,,
三河すし,,식사,34.675553,135.504288,,
えなっく,,식사,34.676054,135.50512,,
れすとらん 源ちゃん,,식사,34.676096,135.505483,,https://www.instagram.com/genchan3803
自由軒,,식사,34.676019,135.506516,,
豚,,식사,34.676609,135.505258,,
吉祥庵,,식사,34.677622,135.505494,,
ポムド カタヤマ,,식사,34.677455,135.505935,,
パンとエスプレッソと堺筋倶楽部,,식사,34.6776502,135.506557,,
鶏家,,식사,34.678268,135.505476,,
うな茂,,식사,34.678245,135.505281,,
ほなな,,식사,34.678098,135.504852,,
讃岐屋,,식사,34.679253,135.505486,,
力牛,,식사,34.679323,135.506007,,
しゃぶ陣,,식사,34.679446,135.506142,,
北久宝寺食堂,,식사,34.6798,135.506257,,
ヒマールチェリ,,식사,34.680589,135.505051,,
無門,,식사,34.6809009,135.5052301,,
あぶりや,,식사,34.680445,135.503373,,
偶 船場丼池店,,식사,34.681507,135.502422,,
コンブリオ ダイニング,,식사,34.681441,135.503039,,
湖陽樹,,식사,34.6822863,135.504394,,
スルタン,,식사,34.682586,135.504637,,
つるしんたん,,식사,34.686203,135.505669,,
江戸菊,,식사,34.6861357,135.5046858,,
タージ,,식사,34.686321,135.504491,,
健美宴,,식사,34.68724,135.503484,,
六角鷄,,식사,34.686754,135.50452,,
風月,,식사,34.688128,135.506378,,
さしみや,,식사,34.698367,135.490115,,
ピエロハーバー,,식사,34.7097966,135.4923042,,
味吉兆,,식사,34.683045,135.500971,,
釣天狗,,식사,34.682381,135.501635,,
accueil,,식사,34.683418,135.501803,,
海鮮屋十兵衛,,식사,34.683004,135.502421,,
赤瓦,,식사,34.682642,135.502606,,
山根屋,,식사,34.682862,135.503417,,
なかよし,,식사,34.684252,135.503399,,
とりなん,,식사,34.685286,135.504675,,
李白,,식사,34.684491,135.5054509,,
響や,,식사,34.68425,135.503129,,
お好み焼き萬両,,식사,34.67663,135.50176,,
モジャカレー,,식사,34.6777613,135.5017643,,
SENBA道場,,식사,34.677459,135.501917,,
お好み亭 楽々,,식사,34.677478,135.505325,,
鎗や,,식사,34.682586,135.516572,,
柘榴,,식사,34.684211,135.517025,,
フレンチバル メリメロ,,식사,34.688314,135.517008,,
ラクシュミー,,식사,34.695188,135.517569,,
ディップ ラスナ,,식사,34.6973472,135.5168193,,
若竹,,식사,34.7265378,135.5009003,,
竜田屋,,식사,34.665288,135.503684,,
マーブル,,식사,34.6893364,135.518518,,
虎の王,,식사,34.6844882,135.5118316,,
一風雷蔵,,식사,34.662009,135.500448,,
花椿,,식사,34.7004881,135.4985584,,
イルソーレ ロッソ,,식사,34.6728096,135.5016422,,https://ilsole.jp/rosso/
とき屋,,식사,34.737998,135.4838056,,
カレーハウス五番館,,식사,34.73364,135.4914999,,
Hira,,식사,34.728717,135.5008329,,
味悟空,,식사,34.7396524,135.5034526,11:00-23:30,
一新家,,식사,34.7373451,135.483816,,
六文銭,,식사,34.7334791,135.4945015,Mo-Fr 10:45-21:00; Sa 10:30-15:00;Su off; PH off,
印度のルー,,식사,34.737465,135.4941445,11:00-22:00,
大鵬寿し,,식사,34.7334766,135.4903531,,
河童ラーメン本舗,,식사,34.7339777,135.4943824,11:00-22:00,
とんがらし,,식사,34.7386752,135.5176022,"Mo 11:30-14:30, 17:30-20:30; We-Su 11:30-14:30, 17:30-20:30; Tu,Mo[3] off",
双月,,식사,34.7387704,135.5240353,,
きらく,,식사,34.6612022,135.5076063,,
一蘭 道頓堀店本館,이치란라멘,식사,34.6692398,135.5030675,24/7,http://www.ichiran.co.jp/tenpo/kin_douton.html
五苑,,식사,34.6696017,135.5049528,,
仲福食堂,,식사,34.6975128,135.508177,,
敲敲,,식사,34.6979208,135.5089247,,
花水木,,식사,34.697247,135.5122476,,
磯野漁太郎 難波店,磯野漁太郎 100엔 스시,식사,34.6650461,135.5026394,Mo-Su 11:00-23:00,
炭火焼料理 和元,,식사,34.689686,135.518446,,
らーめん旭屋,,식사,34.6890249,135.4763296,11:00-21:00,
とみ多,,식사,34.667894,135.499516,,
チャコール,,식사,34.668052,135.499305,,
おぼらだれん,,식사,34.668772,135.498947,,
旬平,,식사,34.66879,135.49871,,
もつ彦,,식사,34.669451,135.498715,,
家族亭,,식사,34.669469,135.499758,,
佐賀昇,,식사,34.669681,135.499873,,
マリブ食堂,,식사,34.669685,135.499647,,
アメ村社員食堂,,식사,34.669988,135.499471,,
三寺バル,,식사,34.670145,135.499491,,
にしかわや,,식사,34.670425,135.499228,,
小粋,,식사,34.673626,135.499289,,
ミンミン,,식사,34.673357,135.498806,,
どやどや,,식사,34.673569,135.498337,,
とん平,,식사,34.676187,135.499322,,
wanna manna,,식사,34.694092,135.5119446,,https://wanna-manna.com/
ごま屋ちゅうべえ,,식사,34.710253,135.512485,,
玉華園,,식사,34.6573315,135.505564,,
篠山ラーメン,,식사,34.699447,135.5116808,,
いなば和幸,,식사,34.6995512,135.5116748,,https://r-wako.com/index.html
サイズキッチン,,식사,34.665583,135.506319,,
ココス,,식사,34.709322,135.516758,,
ゆげしま,,식사,34.685735,135.499707,,
いち,,식사,34.685209,135.4982115,,
deak,,식사,34.685143,135.498569,,
ベジブルキッチン,,식사,34.685422,135.499656,,
いっしん,,식사,34.685468,135.501528,,
さくら (ふぐ家),,식사,34.6851622,135.5022561,,
つけ鴨うどん,,식사,34.6520945,135.5048293,,
甲州麺,,식사,34.6549121,135.5053611,,
田中,,식사,34.7258647,135.4990233,,
カレー専門店 ターバン,,식사,34.7279461,135.4959988,,
PARIWAR,,식사,34.7329598,135.5041825,,
アンティカ・オステリア・ダル・ポンピエーレ,,식사,34.6906827,135.4985335,,
下町鉄板 三国,,식사,34.7353674,135.4818279,,
鮎,,식사,34.7377066,135.5208686,,
いろり,,식사,34.71118,135.509103,,
レコッコレ,,식사,34.6803042,135.5022732,We-Sa 11:30-22:00; Su-Mo 11:30-18:00,https://le-coccole.jp/
天喜,,식사,34.693532,135.487743,,
志な乃亭,,식사,34.69016,135.514636,,
To The Herbs,,식사,34.661393,135.5021596,,
七福神（カレー、居酒屋）,,식사,34.6983932,135.5126295,,
阪急そば,,식사,34.7059927,135.4981353,07:00-21:30,
中華料理上海園,,식사,34.6844368,135.5087759,,
はなさく,,식사,34.709846,135.51373,,
肉汁餃子のダンダダン,,식사,34.7036743,135.5006489,,https://www.dandadan.jp/
大栄食堂,,식사,34.7036468,135.5005598,,
車,,식사,34.7035811,135.5005858,,
Sagano,,식사,34.6827812,135.4883205,,https://www.osaka-sagano.jp/
冷麺館,,식사,34.655836,135.497588,,
食いしん坊,,식사,34.659791,135.498109,,
zion,,식사,34.660214,135.497569,,
551 HORAI 蓬莱パンチャン,,식사,34.66403,135.497729,,
アシャナ,,식사,34.666015,135.497367,,
Fukushima Joto Curry,,식사,34.686959,135.4875193,,
菜食ごはんRocca,,식사,34.6903775,135.4927132,,
本南鉄火,,식사,34.6904785,135.4904885,,
ルミエール,,식사,34.6913324,135.4902943,,
Sabar,,식사,34.6937854,135.4873482,,
辛口料理 スズメバチカレー,,식사,34.682708,135.515087,11:30-17:00,
L&L restaurant bar,,식사,34.6695462,135.4972889,,http://www.landl-bar.com/
魚心本店 (Uoshin Honten),우오신 본점,식사,34.7027789,135.5023208,,
縄寿司 (Nawazushi),,식사,34.7009203,135.5016436,,
揚子江ラーメン林記,,식사,34.7007979,135.5015919,,
六覺燈 (Rokukakutei),,식사,34.6654564,135.5064115,,
美津の,,식사,34.6683721,135.5032203,,http://www.mizuno-osaka.com/
神座 千日前店 (Kamukura),카무쿠라 도톤보리점,식사,34.668454,135.5030132,,https://kamukura.co.jp/
のらや,,식사,34.6615663,135.5028796,,https://www.noraya.com/
シロクマレストラン,,식사,34.6495887,135.5075881,,
アルバール,,식사,34.7399063,135.5165624,Mo-Fr 11:30-22:30; Su 11:30-22:00; PH 11:30-22:00,https://albar.jp/awaji/
串カツ横綱,,식사,34.6510576,135.5056416,,
鶴亀家,,식사,34.651408,135.505775,,
エビス,,식사,34.651314,135.505739,,
桜苑,,식사,34.653653,135.505962,,
ROKU鮮,,식사,34.6527849,135.5062494,,
車屋,,식사,34.652889,135.505909,,
富よし,,식사,34.654139,135.505824,,
らーめん Ciel,,식사,34.709527,135.5034746,,
ニョッキ,,식사,34.7004757,135.4986688,,
La Cuvée,,식사,34.688727,135.489839,,
青冥,,식사,34.7055195,135.497851,,
味楽（焼肉）,,식사,34.6994092,135.5137662,,
ダイナロッソ,,식사,34.6997414,135.5142308,,
アンナプルナ,,식사,34.6999493,135.5128415,,
紅茶,,식사,34.6956035,135.5139143,,
信州そば,,식사,34.695549,135.513879,,
福龍園,,식사,34.6958541,135.5140756,,
箸の音,,식사,34.6958251,135.513446,,
ドラマチックカリー ゴールデン中崎,,식사,34.7073552,135.5065548,,
スパゲッティ専門 倶蘇酡麗,,식사,34.7073393,135.5062772,,
串かつ ひろ,,식사,34.707363,135.507216,,
PLUG,,식사,34.7074828,135.5036637,,
ITALLIA,,식사,34.7085094,135.50259,,
らぁ麺きくはん,,식사,34.7084529,135.5034636,,
フランス食堂セルクル,,식사,34.7077057,135.5053033,,
RASAHARA,,식사,34.7397896,135.4968708,"11:30-15:00, 18:00-23:00; We off",
かつ兵衛,,식사,34.7397776,135.4967617,"Mo-Sa 11:00-14:00,17:00-21:00",
玄品,,식사,34.7378212,135.4970276,,
カプリス,,식사,34.7396336,135.4962663,"12:00-15:30, 17:30-23:00; We off",
風の街,,식사,34.7397372,135.4975948,"11:30-15:00, 17:00-23:00; Tu off",
すしまる屋,,식사,34.7407002,135.4976181,,
蕾,,식사,34.740195,135.495138,,
中国酒家 朝陽閣,,식사,34.666351,135.495032,11:00-22:00,
SAGUN,,식사,34.708605,135.505508,,https://nepalese-restaurant-17.business.site/
ラーメン店,,식사,34.6978392,135.5097102,,
cafe,,식사,34.6785691,135.5143839,,
アンゴン,,식사,34.6766899,135.4981292,"12:00-17:30, 17:30-23:00",http://www.anngon.com/anngon/
グリーンアース,,식사,34.679763,135.4992172,"Mo-Th 11:30-17:00; Fr 11:30-15:00, 18:00-22:30; Sa 11:30-17:00",http://osaka-vegetarian-ge.com
げん気,,식사,34.7058014,135.4953866,,
川福,,식사,34.672872,135.503427,,
かき小屋フィーバー,,식사,34.707296,135.5066511,,
HANABI,,식사,34.740878,135.497262,,
34 Kitchen,,식사,34.712006,135.492029,11:00-23:00,http://34sunsea.com/main/category/newsinfo/kitchen/
SOMA,,식사,34.7109316,135.4928746,Mo-Th 12:00+; Sa 12:00+,http://spicecurrysoma.blogspot.jp/
一文銭,,식사,34.7396148,135.5156669,,
焼鳥心,,식사,34.7394873,135.515567,,
や台ずし,,식사,34.7396338,135.5158851,,
バッファロー,,식사,34.6969523,135.515046,,
みん龍 毛馬店,,식사,34.720558,135.524334,,
丸源ラーメン,,식사,34.719742,135.523331,,
道頓堀 今井 本店,,식사,34.6686511,135.5027098,11:00-21:00,https://www.d-imai.com/
うどんの勝ち組,,식사,34.6656522,135.5181851,,
とまこ,,식사,34.665412,135.5183456,,
れんげラーメン,,식사,34.665519,135.5182033,,
BFO,,식사,34.701748,135.5121843,,
月の日,,식사,34.701975,135.5123477,,
オステリア レーブ,,식사,34.6919795,135.4893444,,
徐園,,식사,34.691339,135.495534,,
スピリッツ,,식사,34.7079888,135.5110675,,
珉珉,,식사,34.7009858,135.5003136,"Mo-Th,Sa 11:30-23:30, Fr 11:30-24:00; PH,Su 11:30-22:30",
カレー Shop MINGUS,,식사,34.7012895,135.4964801,,
Curry House,,식사,34.7072837,135.4976771,,
味千拉麺,,식사,34.69001,135.5181459,,https://aji1000.co.jp/
餃子の一品居,,식사,34.6986597,135.4988693,,
ラーメン 赤鬼,,식사,34.6988911,135.5147799,,
シダラタ,,식사,34.6847633,135.4853489,,
LEON,,식사,34.6872673,135.5165973,,
宇奈とと新橋（鰻丼）,,식사,34.6846746,135.5025253,,
とんかつ かつ満,,식사,34.706864,135.511233,,
焼肉 しお屋,,식사,34.6835176,135.5163153,,
ダイニング Sorali,,식사,34.6848895,135.516244,,
手打ち蕎麦 夢屋,,식사,34.6849813,135.5146624,,
天満七福神,,식사,34.706525,135.511234,,
勝男 -KATSUO-,,식사,34.706071,135.51144,,
播鳥,,식사,34.706296,135.511218,,
壷天,,식사,34.706534,135.511609,,
天ぷら まきの,,식사,34.706066,135.511224,Mo-Su 11:00-22:00,
二葉屋,,식사,34.7369283,135.5228836,,
うな次郎,,식사,34.6993263,135.512699,,
RISONI,,식사,34.6968522,135.513466,,
とんかつ松乃屋,,식사,34.6972293,135.512483,,
ビアレストラン キーストーン,,식사,34.6972051,135.5124924,,
SEKAI,,식사,34.694821,135.5119137,,
YOSHIMOTO,,식사,34.6955482,135.5140405,,
ポミエ,,식사,34.6588667,135.5051732,Fr-We 11:00-17:30,
かさ家,,식사,34.6998332,135.5115307,,https://c071502.gorp.jp/
麺屋,,식사,34.6979094,135.5103877,,
ピッツェリア イルソーレ Ten-3,,식사,34.700929,135.5116228,,https://pizzeria-ilsole-ten3.com/
串カツ旭,,식사,34.7010089,135.5116276,,
てんぷら田丸,,식사,34.7015832,135.5114572,,
どい亭（カレー）,,식사,34.7017456,135.5116676,,
穂々恵み,,식사,34.7019224,135.5115813,,http://ho-ho-emi.net
一品居,,식사,34.7025486,135.5115696,,
AQUA,,식사,34.7021322,135.5106551,,
真心,,식사,34.7018478,135.510662,,
なにわの平茸,,식사,34.7019152,135.5106647,,
和（なごみ）,,식사,34.6959845,135.5152365,,
etPatatiadPatata,,식사,34.6959428,135.5157958,,
Chiocciola,,식사,34.686157,135.4858577,,
道草（お好み焼）,,식사,34.6946935,135.5151142,,
キッチンTableFactory,,식사,34.6944049,135.5153504,,
一富士食堂,,식사,34.6957594,135.5176635,,
あらえびーす,,식사,34.697285,135.497161,,
シャンパン食堂,,식사,34.696956,135.49723,Mo-Sa 17:00-23:00; PH off,
凡,,식사,34.696656,135.497174,,
湯木,,식사,34.6961543,135.4970743,,https://kc1j400.gorp.jp/
割烹むつごろう,,식사,34.6980203,135.4976492,"Mo-Su 11:30-14:00,17:30-23:00",
The Aging House,,식사,34.6950717,135.4955548,,
甚五郎,,식사,34.697946,135.4961501,,
白寿 8910,,식사,34.697808,135.4967139,11:00-15:00,
Pound,,식사,34.6979051,135.4967349,11:30-13:30,
TEPPAN AKIRA,,식사,34.6968371,135.5006338,Mo-Su11:00-15:00,
高岡然屋らーめん,,식사,34.6980495,135.4974702,Mo-Sa 11:00-03:00; Su 11:00-22:00,
Volta,,식사,34.6977541,135.4959704,,
玉五郎,,식사,34.6977805,135.4968823,"00:00-05:00, 11:00-24:00",
鉄板焼きとワイン AG,,식사,34.6979889,135.4972448,"Mo-Sa 17:30-02:30, Su 17:00-22:30",
おくとさん小紫,,식사,34.6977465,135.4970125,11:30-14:00,
だるま きわ味,,식사,34.6978916,135.4977323,17:00-23:30,
個室和食 ほたる,,식사,34.697951,135.4974877,,
プロカンジャンケジャン,,식사,34.6979138,135.4975714,,
The party,,식사,34.6965963,135.4987575,,
雪月花,,식사,34.6978535,135.4974461,,
Party Park,,식사,34.6977695,135.4957906,11:00-14:30,
もぐら,,식사,34.6979153,135.497422,,
旬喰 桔梗,,식사,34.6974503,135.4999564,Mo-Fr11:30-13:30,
ISTANBUL NazaR 北新地店,,식사,34.6974459,135.5000208,Mo-Sa11:30-14:30,
Sheryl,,식사,34.695824,135.5000057,,
Coffee Tea dining bar,,식사,34.6958463,135.5000753,,
味噌之達人,,식사,34.7356852,135.4821869,,
びっくりドンキー,,식사,34.671858,135.49806,08:00-23:00,
味穂,,식사,34.670241,135.499281,,
串カツの松阪,,식사,34.670585,135.499323,,
カドヤ食堂,,식사,34.6761315,135.4837548,11:00+,https://ramenadventures.com/listing/kadoya-shokudo/
屋台ずし,,식사,34.673696,135.477261,,
味里,,식사,34.672725,135.475593,,
吉法師,,식사,34.675552,135.478205,,
パセミヤ,,식사,34.6933947,135.4935882,We-Mo 19:00-23:00,https://www.pasania.osaka/
魚タリアン,,식사,34.6973181,135.4864025,,
ねた市（寿司）,,식사,34.6975168,135.4850509,,
みずほ食堂,,식사,34.6979961,135.4811846,,
あかとんぼ,,식사,34.697988,135.4812706,,
Y'ｓ,,식사,34.6978905,135.4818387,,
グリルニュートモヒロ,,식사,34.6978659,135.4819083,,
デルタ,,식사,34.707123,135.512022,,
トラットリアGUS亭,,식사,34.6938738,135.5119397,,
餃子食堂 大阪亭,,식사,34.6938202,135.511943,,
つるまる饂飩＋かつかつカレー,,식사,34.6927772,135.5120016,,
ハチ,,식사,34.6955643,135.5116664,,
スペースリンク,,식사,34.6955765,135.5114805,,
ピーターパン,,식사,34.6954204,135.5112462,,
ほてい寿司,,식사,34.6828736,135.5175478,,
Cochon Rose,,식사,34.6829753,135.5175473,,
味鮮閣,,식사,34.6849825,135.5177152,,
雀,,식사,34.6883791,135.5180483,,
陳麻屋,,식사,34.6826392,135.5175481,,
炭旬,,식사,34.6826967,135.5175446,,
たじま,,식사,34.684193,135.502987,,
大波小波,,식사,34.71227,135.509038,,
そじ坊,,식사,34.7339258,135.4970556,,
MEAT DINING Rever:Ve,,식사,34.6866856,135.5011033,,
ローザ・ロッチェ,,식사,34.6758247,135.5035395,,https://www.rosarocce.jp/
味門 燒肉,,식사,34.7074964,135.4977126,,
かく庄,,식사,34.6967487,135.4857534,,
ふく流らーめん轍,,식사,34.6834158,135.495968,"11:00-15:15,17:00-21:00",
いちごいちえ,,식사,34.6858164,135.5044707,,
Toki Sushi,,식사,34.6643622,135.5041132,,
Harukoma Sushi,,식사,34.7077553,135.5114086,,
こけし,,식사,34.6595168,135.5066243,,
"Hozenji yokocho (alley w trad restaurants, shops, bars)",,식사,34.6679653,135.5033179,,
elk,,식사,34.6739677,135.4980388,,
幸,,식사,34.6481465,135.5229487,,
相川寿司,,식사,34.6471657,135.5226101,,
ぷれじでんと千房,치보(오꼬노미야끼전문점),식사,34.6702404,135.5027542,,
グリルキャピタル東洋亭,동양정(함박스테이크),식사,34.7024054,135.4986608,,
かんじん堂,,식사,34.7021271,135.499868,,
マネリパヤン,,식사,34.6655819,135.5162402,,
Masuda,,식사,34.6695434,135.5019865,,
BACHI,,식사,34.6470384,135.5137969,,
中座くいだおれビル,,식사,34.6676643,135.5032058,,
to go to,,식사,34.6693816,135.5094234,,
回転寿司がんこ,,식사,34.7019019,135.4946762,Mo-Su 11:00-23:00,
El Zocalo.Burrito,,식사,34.6742181,135.4958723,,
epais,,식사,34.6975657,135.4995674,,
大和うどん,야마토 우동,식사,34.6573027,135.5002755,,
ぼんくら屋,본쿠라야,식사,34.6666876,135.5044938,,
いきなり！ステーキ,,식사,34.6729766,135.4979511,,
Makotoya,,식사,34.6703081,135.5006972,Mo-Su 11:00-06:00,
和風亭,,식사,34.6727545,135.4963746,Mo-Su 11:00-20:00,
그릴 남풍,,식사,34.6694491,135.4993118,,
お好み焼き ちとせ,,식사,34.647607,135.504664,We-Mo 12:00-21:00; Tu off,
あらい商店,,식사,34.7192881,135.4751286,,
伊蘭香,,식사,34.6661662,135.5062438,,
ラーメン 無鉄砲 大阪本店,,식사,34.6546109,135.5002122,"Tu-Su 11:00-15:00, 17:30-22:30",http://www.muteppou.com
Eggs ’n Things,,식사,34.6716757,135.499308,Mo-Su 09:00-22:00,https://www.eggsnthingsjapan.com/store/shinsaibashi.html
一芳亭,,식사,34.6623812,135.5037252,Mo-Sa 11:30-20:00,http://ippoutei.com
雞魂鳥福,,식사,34.7070476,135.5123907,,
やきとん酒場 ぎんぶた 千日前店,,식사,34.666114,135.5031398,,
釜揚うどん一紀,,식사,34.6515034,135.4908756,,
ราเมงน้ำข้น คืนแรก เท่วปราสาทโอ,,식사,34.6820892,135.5173626,,
とんかつKYK,KYK 돈가스 UMEDA점,식사,34.7041883,135.4990659,,
麺一献,,식사,34.6726505,135.4982524,,
塩元帥　西中島店,,식사,34.7270573,135.4916712,,
Vegecafe+α,,식사,34.7286455,135.495486,,
ンケリコ,,식사,34.7121843,135.4928281,,https://m.facebook.com/mmm.que.rico.nakatsu/
columbia8,,식사,34.688231,135.5086027,"Mo-Th 11:00-15:00; We,Fr 11:00-15:00,18:00-22:00; Sa 12:00-17:00; PH off",
中央市場 ゑんどう寿司,,식사,34.6842674,135.4795028,Mo-Sa 05:00-14:00,https://www.endo-sushi.com/
やきにく万両,,식사,34.6965626,135.5097042,,
ボルケーノプレート,,식사,34.693782,135.484007,,
すし処 つま美,,식사,34.693957,135.4840327,,
磯丸水產道頓崛店,,식사,34.6686458,135.5031867,,
本家日本一大たこ,,식사,34.6686585,135.5033026,Mo-Su 09:00-23:00,
Luke's lobster,,식사,34.672264,135.5014457,,
大起水産回転寿司,,식사,34.6685343,135.5029149,Mo-Su 11:00-23:00,
作ノ作,,식사,34.6680904,135.5030852,Mo-Su 11:00-21:00,
すしバル! !藤屋2 (セカンズ),,식사,34.6963565,135.4861986,,
吉野寿司,,식사,34.6871183,135.5018078,,
一蘭 道頓堀店別館,이치란 도톤보리 샵,식사,34.668449,135.503214,,
本家大たこ,,식사,34.6680665,135.5029384,,
花柳,,식사,34.7027235,135.4994229,Mo-Su 11:00-22:00,
鶴橋 焼肉 白雲台,,식사,34.7042622,135.4949556,Mo-Su 11:00-23:00,
滝見小路,,식사,34.7045485,135.4906374,,
garden Lounge,,식사,34.7004302,135.5116966,Mo-Su 11:00-23:00,
おばちゃんとこ（奥）,,식사,34.6981822,135.511508,,
えびのや,,식사,34.697074,135.5116703,,
寿司常,,식사,34.6966691,135.5120423,,
MIRA,,식사,34.6966334,135.511667,,
contact,,식사,34.6747795,135.4962304,,
ほり江,,식사,34.6854266,135.5130169,"11:30-13:30, 17:30-23:30; Mo, Su[3] off",
彩カレ,,식사,34.6832856,135.5138991,Mo-Su 11:00-15:00,
きじ本店,,식사,34.7035124,135.4979148,Mo-Sa 11:30-21:30,
空庭ダイ二ング,,식사,34.7032005,135.4990301,Mo-Su 11:00-23:00,https://hankyu32.hankyu.co.jp/
ザ クリームティーズ スプーンファームハウス,,식사,34.698593,135.4927599,,
ビトレス 西梅田,,식사,34.6984707,135.4942761,,
オルガンジー,,식사,34.663883,135.516146,,
すえひろ,,식사,34.657148,135.514404,,
そあら,,식사,34.667126,135.516304,,
や台すし,,식사,34.668057,135.51636,,
蓬莱飯店,,식사,34.658455,135.514841,,
つけ麺雀,,식사,34.66114,135.514366,"Mo-Su 11:30-16:30,18:00-22:00",
うどん,,식사,34.663178,135.514713,24/7,https://dokonet.jp/top/shop/osaka/183988
COLAVOLTA,,식사,34.6630932,135.5152928,,
つる製麺,,식사,34.667092,135.516126,,
がじゅまる,,식사,34.66768,135.51633,,
香炭,,식사,34.672038,135.517015,,
もなみ,,식사,34.673477,135.5171577,,
富紗家,,식사,34.67383,135.513823,,
アキ,,식사,34.673649,135.513538,,
天ぷら飯,,식사,34.673631,135.513938,,
うなばら,,식사,34.667323,135.516646,,
おくまん,,식사,34.673885,135.517187,,
雅,,식사,34.6735276,135.5150386,,
きぬ川,,식사,34.673487,135.515255,,
伽麗伊屋,,식사,34.6730772,135.5170862,,
菜,,식사,34.673737,135.514825,,
麺どころ泰輔,,식사,34.6732217,135.5164313,,
zon,,식사,34.656399,135.514115,,
ハンバーグ,,식사,34.669512,135.515243,,
中華そばトライ,,식사,34.651934,135.513997,,
栄華亭,,식사,34.667046,135.516234,,
きんぐ,,식사,34.6740233,135.5177441,,
インデアンカレー,,식사,34.7046294,135.4981076,,
Kyo-komachi,,식사,34.7047548,135.5013292,,
ミチ,,식사,34.6847275,135.511431,,
とり銀,,식사,34.7060603,135.4974031,,
花谷山中,,식사,34.7067125,135.5042166,,
麺屋はなぶさ,,식사,34.6838552,135.5095594,,
春夏秋冬,,식사,34.6903623,135.5027778,,
甚八,,식사,34.6899496,135.5027976,,
今橋,,식사,34.69043,135.5027812,,
そば山一,,식사,34.6901801,135.5035524,,
日本料理はなき,,식사,34.6901869,135.503341,,
ATORI,,식사,34.6904596,135.5028582,,
遊楽,,식사,34.690037,135.5027873,,
ダ・フロンテ,,식사,34.6833178,135.5105825,,
楽酒楽肴 越冬,,식사,34.6832013,135.5110806,,
le日本食堂,,식사,34.6833353,135.5108268,,
大和,,식사,34.6833231,135.5110893,,
タイ食堂RAK,,식사,34.6836165,135.5110543,,
家系ラーメン 頂㐂家,,식사,34.6832762,135.511534,,
珉龍 本町橋店,,식사,34.6828428,135.5115875,,
べにくらげ,,식사,34.6829759,135.5102247,,
キャーブ・ド・ポワロー,,식사,34.6830916,135.5102194,,
Indian Curry,,식사,34.6908909,135.5001921,,
天乃江,,식사,34.6821273,135.5111796,,
グリル屋台 桜錦,,식사,34.6576443,135.5005996,,
ジャクソンズ,,식사,34.6961602,135.4855236,,
カレーハウスインディ,,식사,34.6846178,135.5120229,,
九州らーめん亀王,,식사,34.6974002,135.4952746,"Mo-Su,PH 11:00-01:00",
TGI Fridays,,식사,34.6993424,135.4954179,,
龍王ラーメン,,식사,34.6973905,135.4951222,,
大阪トンテキ,,식사,34.6990735,135.4996464,Mo-Sa 11:00-21:00; Su 11:00-20:00,
煮干しらーめん玉五郎,,식사,34.6984785,135.4995601,,
まんかい,,식사,34.698997,135.4856449,Mo-Su 11:00-23:00,http://ramen-mankai.com
俺たちの漁師小屋,,식사,34.6836075,135.5124578,,
内本町麺道部,,식사,34.6836097,135.5122875,,
バビルの塔,,식사,34.6842088,135.5127518,,
まんねんカレー,,식사,34.6842531,135.5129805,,
てんぷら米蔵酒場,,식사,34.6890926,135.5037382,,
柴,,식사,34.6900344,135.5037614,"Tu-Sa 11:00-14:30, 17:00-21:00",http://shibato.net
よし田,,식사,34.689088,135.5032443,,
クワンチャイ,,식사,34.6896869,135.5047291,,
ムタヒロ,,식사,34.6963217,135.4877611,,http://mutahiro.com
福仙楼,,식사,34.6913556,135.5034508,,
中華料理新京,,식사,34.7149631,135.511823,,
いとはん,,식사,34.6880052,135.5027424,,
だし藏 だし茶漬け,,식사,34.7052638,135.4980494,Mo-Su 11:00-22:00,
手羽一郎,,식사,34.6855327,135.5027155,,
ポムの樹,,식사,34.6781428,135.5013447,,
つるまる饂飩,,식사,34.6871864,135.5016022,,
お好み焼 おかる,,식사,34.667565,135.5034264,,
トラットリア ズッパ,,식사,34.6711826,135.5029732,17:30-24:00,
味道,,식사,34.6983478,135.5126143,,
J'adore,,식사,34.7085521,135.5009282,,
ステーキ＆イタリアン ファクトリーカフェ梅田・茶屋町,,식사,34.7080964,135.497572,,
串焼き しん,,식사,34.6485645,135.5244778,,
座銀,,식사,34.6896185,135.4950419,,
麺屋 鶏魂,,식사,34.7068015,135.5119999,,
鶏魂 鶏魂鳥福３号店,,식사,34.7062803,135.5120182,,
鶏魂 別館,,식사,34.7062546,135.512017,,
上海厨房,,식사,34.6875387,135.5055028,,
金華酒家,,식사,34.6881174,135.5056735,,
ふく壱,,식사,34.6877996,135.505881,,
兆,,식사,34.6878119,135.5037193,,
羅漢,,식사,34.687901,135.5030912,,
ジーカリー,,식사,34.6842202,135.5131531,,
串かつ やん！,,식사,34.677446,135.5072103,,
亀すし 総本店,,식사,34.7008962,135.5015659,Mo 16:30-22:30; Tu-Sa 12:00-22:30; Su 12:00-21:30,
鶏びいき,,식사,34.692049,135.523065,,
MITSUBA,,식사,34.6653325,135.516564,,
花外楼,,식사,34.6913801,135.5084784,,
チャイナ・ダイニングα,,식사,34.6532227,135.5131336,,
Sangendou,,식사,34.6825553,135.50665,,
Nagan,,식사,34.6737621,135.5061261,,
太陽のトマト麺,,식사,34.6966089,135.4868001,,
ジョニーのからあげ,,식사,34.6480655,135.5248573,,
麺屋わっしょい,,식사,34.6483246,135.5245143,,
おやじすし,,식사,34.6483198,135.5234104,,
ムーラン,,식사,34.6694083,135.4960533,"Mo-Su,PH 09:00-15:00,17:00-23:00",https://moulin.owst.jp
串揚げ 小庵,,식사,34.7072468,135.5035768,,
グラッチェ,,식사,34.7354619,135.4892993,,
Craft Burger co.,,식사,34.6741505,135.4962704,Tu-Su 11:30-22:30,https://craftburger.jp/
串かつだるま,,식사,34.6516199,135.5062398,Mo-Su 11:00-22:30,
Yaekatsu,,식사,34.6496804,135.5059972,Fr-We 10:30-20:30,
夕コ天閣 新世界本店,,식사,34.6512529,135.5063011,,
炭焼きうなぎの魚伊,,식사,34.7077779,135.511351,,https://www.sumiyaki-unagi.com/
石窯和ピザ&お酒 covo,,식사,34.7088554,135.5238345,,
チッチョ,,식사,34.7109402,135.4933213,,
think食堂,,식사,34.7111236,135.4941524,,
牛たん炭焼 利久,,식사,34.7017886,135.4946993,Mo-Su 11:00-23:00,
炭火燒肉カ丸,,식사,34.6718327,135.5021927,,
龍旗信ライズ,,식사,34.6605483,135.5028233,Mo-Su 11:30-16:00,
古潭,,식사,34.6483444,135.5132504,Mo-Su 11:00-22:00,
まぐろや黑銀,,식사,34.6645511,135.506904,Th-Mo 09:00-21:00,https://kurogin.co.jp/
Mの焼肉 福島本店,,식사,34.6985535,135.4873621,,
大阪新世界元祖串かつ だるま,,식사,34.7031496,135.496246,,
博多新風 ラーメン食堂,,식사,34.7032885,135.496471,Mo-Su 11:00-00:00,
カハラ,,식사,34.6975634,135.4996987,,
一蘭,,식사,34.7054811,135.4975958,Mo-Su 10:00-23:00,
Baracca,,식사,34.6651235,135.5039991,,
ガーブ モナーク,,식사,34.7035615,135.4942232,,
大洋軒,,식사,34.6964601,135.4868168,,
テムジン,,식사,34.7054245,135.4942563,,
十三寿司,,식사,34.7211626,135.4797197,,
華味亭,,식사,34.6897759,135.5092554,,https://www.facebook.com/kamitei1/
Regina,,식사,34.7050804,135.4943007,"Mo-Sa 11:00-04:00, Su 11:00-23:00",
じんの庵,,식사,34.6485339,135.5211881,,
時分時,,식사,34.679379,135.4983416,,
北新地たゆたゆ,,식사,34.6960189,135.4976829,,
わさび,,식사,34.6681831,135.5026032,,
すし処 錦,,식사,34.6683728,135.5038882,,
燃えよ 麵助,,식사,34.6963677,135.4868866,,
菜食インドレストランShama,,식사,34.6726921,135.4964273,"Mo-Su 11:00-15:00,17:00-22:00",https://indoshama.jimdofree.com/
釜くら製麺,,식사,34.6485798,135.5243423,,
味園,,식사,34.6655416,135.5051007,,
月ふたつ,,식사,34.6675052,135.5037324,,
グリル喫茶Ｋ,,식사,34.7062442,135.4957986,,https://www.grill-k.com/
名代 串揚が 松葉,,식사,34.70253,135.4978131,,
EVEREST TANDOORI,,식사,34.7054734,135.4959973,"11:00-15:00,17:00-22:30",
マルシン,,식사,34.7036288,135.4982971,,
豪華,,식사,34.6991367,135.4974674,Mo-Sa 11:00-21:30;PH off,
Enchante,,식사,34.6992905,135.4935604,,
アウェイク,,식사,34.693452,135.5039824,,https://www.nakanoshima-social-eat-awake.jp/
スモーブロー キッチン ナカノシマ,,식사,34.6933749,135.5030827,,https://smorrebrod-kitchen.com/
CORONA,,식사,34.696391,135.4948713,,
パプリカ食堂 Vegan,,식사,34.6772543,135.49646,"Mo-Su 11:30-15:00, 17:30-22:00",https://www.hotpepper.jp/strJ001128228/
CHEESE CRAFT WORKERS,,식사,34.6886618,135.5011705,,
鳥一,,식사,34.6906418,135.5057201,,
bar-ya Riblin,,식사,34.7052667,135.4947593,"Mo-Sa 11:00-04:00, PH,Su 11:00-23:00",
恒徳居,,식사,34.6881221,135.5057114,,
LaCazuelo -rojo-,,식사,34.7053665,135.4943269,,
bib baR,,식사,34.7045683,135.4946119,,
大悟,,식사,34.6671713,135.5176052,,
ラケル,,식사,34.6635322,135.5024217,Mo-Su 11:00-22:00,
サラベス,,식사,34.7029814,135.4956589,Mo-Su 09:00-21:00,
Tendon Tenkushi Kushikatsu Ishinoya,,식사,34.7049898,135.4979858,,https://www.h-sanbangai.com/shop/detail/243
北極星 心斎橋本店,훗쿄쿠세이,식사,34.6696265,135.4987392,,https://www.hokkyokusei.online/shinsaibashi
中華料理とんとん,,식사,34.7403374,135.5151487,,
二代目 ぼんた,,식사,34.739873,135.5146366,,
京都勝牛,,식사,34.7047741,135.4974143,,
BW STATION,,식사,34.7334859,135.4987043,,
本町製麺所 天,,식사,34.7334395,135.4987515,,
上等カレーBR,,식사,34.6596041,135.505685,,
中華そば　辻󠄀,,식사,34.6880082,135.516843,,
Ayamedo,,식사,34.6764042,135.5161247,,
岡本商店,,식사,34.6871515,135.517608,,
つばき園,,식사,34.647049,135.4913942,,
Edobori Dashi Kitchen 102,,식사,34.688726,135.493854,,
Le Argent,,식사,34.6893881,135.5142438,,
うどん居酒屋 江戸堀,,식사,34.689194,135.4932636,,
お好み焼 司,,식사,34.6483294,135.4978786,,
Safire,,식사,34.6897392,135.4917483,,
Viento,,식사,34.6743767,135.5034314,,https://www.instagram.com/viento_shinsaibashi/
Cafe ABSINTHE,,식사,34.6733791,135.4971716,,https://www.absinthe-jp.com/
希望新風,,식사,34.6723354,135.5163937,,
美祥,,식사,34.6827775,135.5122872,,
天天酒家,,식사,34.683588,135.515949,,
タコバーン / 大阪バーン,,식사,34.6661125,135.5069659,,
花錦戸,,식사,34.6890997,135.4929838,,
さぼてん食堂,,식사,34.6894559,135.4939934,,
文世食堂,,식사,34.6889283,135.4902802,,
アルソード,,식사,34.6882569,135.4900352,,
ラ・ロッチャ,,식사,34.6876617,135.4905988,,
すし藤田,,식사,34.6892621,135.4944269,,
asse,,식사,34.6893368,135.4943809,,
大衆ビストロ 原田屋,,식사,34.6894464,135.4942913,,
江戸堀ビーフ,,식사,34.6893265,135.4940458,,
しゃぶしゃぶ西谷,,식사,34.6894213,135.493857,,
和える,,식사,34.6775353,135.5127828,,
武蔵野,,식사,34.6867641,135.4914538,,
なにわ新風,,식사,34.6550281,135.5057728,18:00-02:00,
ルーチェ,,식사,34.6969054,135.4861305,,
À volonté,,식사,34.6670538,135.5188271,,
noi,,식사,34.6670646,135.5187607,,
VERDE,,식사,34.6872074,135.4926568,,
Piatto J,,식사,34.6871997,135.4926293,,
チーナ邸,,식사,34.6871481,135.4938014,,
CARBONE,,식사,34.686956,135.4931288,,
ア ヴケッラ,,식사,34.6871671,135.493568,,
RiVi,,식사,34.687182,135.4939328,,
GLAMPING BBQ,,식사,34.6873044,135.4938349,,
O-hana,,식사,34.6873199,135.4938785,,
ノートルマンマ,,식사,34.6840916,135.4952779,,
味蕾,,식사,34.6835575,135.4977263,,
花丸軒 毛馬店,,식사,34.7190173,135.5217033,,
ビストロ・ミショーレ,,식사,34.721264,135.5247469,,
スープカレー夢,,식사,34.7213166,135.5246145,,
旧ヤム邸,,식사,34.6736309,135.5152235,,
ロシア料理 カフェ・ボーチカ,,식사,34.674831,135.516723,,
鉄板焼かわち,,식사,34.721055,135.5217223,,
さか蔵,,식사,34.6832041,135.4963545,,
焼肉まるしま,,식사,34.6828005,135.4961571,,
らーめん 宝,,식사,34.7217672,135.4755994,,
アンクール,,식사,34.6670919,135.5164137,,
ササラ,,식사,34.6872443,135.5144387,,
季節料理 東大美,,식사,34.7093369,135.5248413,,
串カツ 赤と黒,,식사,34.7095023,135.524018,,
UMEGAE食堂,,식사,34.708903,135.5228072,,
銀のさら,,식사,34.709556,135.5243406,,
おふくろの味大番,,식사,34.7051545,135.5229918,,
三福園,,식사,34.7037585,135.5207192,,
でん,,식사,34.7038596,135.5230482,,
YES! BURGER,,식사,34.6843727,135.4958011,,
一笑,,식사,34.6843895,135.495972,,
とんぴととりの光龍益,,식사,34.7056069,135.523068,,
華中苑,,식사,34.7037457,135.5218146,,
繁鮨,,식사,34.705321,135.5219253,,
大王,,식사,34.7047168,135.5230195,,
花丸軒,,식사,34.6666258,135.519157,,
hoisam china TAKE,,식사,34.6671305,135.5180097,,
天祥,,식사,34.6677316,135.4938832,,
八百屋とごはん,,식사,34.6677322,135.4938074,,
洋食&ビール 自由亭,,식사,34.7034827,135.4982953,"Mo-Th,Su 11:00-22:30;Fr-Sa 11:00-23:00",
dhall,,식사,34.6842834,135.5146872,,
カイビガン,,식사,34.7149489,135.511713,,
鰻伊藤,,식사,34.7168027,135.5104055,,
騰寿司,,식사,34.7154159,135.5072133,,
一貫,,식사,34.6474961,135.5225057,,
Re:Pazza,,식사,34.6889538,135.506399,,https://kdtv600.gorp.jp/
アズーロ・ヴェルドゥーラ,,식사,34.7054405,135.4946916,,
サンロクゴ食堂,,식사,34.6896753,135.4941344,,
Kennyasia,,식사,34.6682422,135.5040649,,
そのだ,,식사,34.6734418,135.5178087,,
サーレ & ペペ,,식사,34.6989452,135.4873987,Mo-Su 17:30-22:30,
GROVE,,식사,34.6683396,135.5135312,,
うま うま,,식사,34.7000656,135.4873709,,
イレブン,,식사,34.6989197,135.4872808,"Mo-Su 11:30-14:30, 17:00-21:00",
よそみ,,식사,34.6825306,135.5122116,,
薫,,식사,34.6605459,135.5050997,,
Dans le Ciel,,식사,34.6925206,135.5242406,,
喜作,,식사,34.6898628,135.4960432,,
OKI DOKI,,식사,34.6667632,135.494016,,
にしかわ,,식사,34.6663065,135.4939368,,
ふら〜っと。カレー家,,식사,34.6657506,135.4925998,,
good spoon,,식사,34.6707772,135.4927504,,
BUNdaBUN!!,,식사,34.6908498,135.4932634,,
ひろ,,식사,34.6665642,135.4800145,,
寿司文,,식사,34.6665372,135.4798845,,
ときわ,,식사,34.666089,135.4794446,,
ちゃんこ鍋 寿美恵,,식사,34.6659782,135.4797528,,
Antaga大正 ラーメン,,식사,34.6666198,135.479822,,
焼肉・ホルモン たろちゃん,,식사,34.6666536,135.4796226,,
横浜家系ラーメン天来家,,식사,34.666331,135.4794437,,
和み中華 威,,식사,34.6661968,135.4799737,,
DOn ポチャ,,식사,34.6661319,135.4795314,,
一凛,,식사,34.6668202,135.5172709,,
北八方,,식사,34.6909108,135.4950559,,
こておちゃん,,식사,34.6580301,135.5043029,,
ちきちゃん,,식사,34.6579705,135.5043002,,
華,,식사,34.6577256,135.5042794,,
智,,식사,34.6576583,135.5042741,,
白銀亭,,식사,34.6869263,135.4994248,Mo-Fr 11:30-16:00; Sa 11:30-14:00,
ボタニカリー,,식사,34.686372,135.4989258,,
豚々亭,,식사,34.6990634,135.4983818,,
じょーじぃず,,식사,34.6880333,135.4887971,,
ラーマ,,식사,34.6880722,135.4888267,,
かのや篠原,,식사,34.6878301,135.4987034,,
木偶の坊,,식사,34.6884873,135.4985731,,
やく蔵,,식사,34.6895055,135.495117,,
うなぎの中庄,,식사,34.7043221,135.4969396,,
クアンコム11,,식사,34.6655933,135.5161381,,
力丸,,식사,34.6666417,135.5033664,"Mo-Th 11:30-01:00, Fr 16:00-01:00, Sa-Su 11:30-01:00",https://kabs800.gorp.jp/
元禄寿司 道頓堀店,,식사,34.6687837,135.5025352,Mo-Su 11:00-22:30,
甘蘭,,식사,34.6678777,135.5032142,,
KUMINSOUL CURRY,,식사,34.6896847,135.5138261,,
プコ家,,식사,34.6640773,135.4983652,,
Khao man gai kitchen,,식사,34.6626976,135.504145,,
神戸牛拉麺 ９１５,,식사,34.6693453,135.5025085,,
Octopus Balls,,식사,34.6688087,135.5033698,Mo-Su 11:30-01:00,
難波肉劇場,,식사,34.6624271,135.5048837,,
もりやま屋,,식사,34.6960956,135.5029576,,
Søsh The Market Bar,,식사,34.7046727,135.4950008,,
莉玖,,식사,34.6873793,135.4960201,,
"Too,Re!Do,Re!",,식사,34.6871446,135.4958877,,
京松蘭,,식사,34.6986357,135.5114469,,
HIROFUJIMURA,,식사,34.6986525,135.5113833,,
麺や マルショウ,,식사,34.7353946,135.4903319,,
松屋食堂,,식사,34.6591806,135.502918,,
カイピリーニャ,,식사,34.6847971,135.4957994,,
UTUBO-YA,,식사,34.6847348,135.4954466,,
caloroso,,식사,34.6846308,135.4949766,,
靭本町がく,,식사,34.6846151,135.4954335,"11:30-15:00,17:00-23:00; Su,PH off",https://www.utsubo-gaku.com/
VALENCIA,,식사,34.6848352,135.4950503,,
パークサイドグリル,,식사,34.6867977,135.494879,,
セゾン・デリカフェ,,식사,34.6869689,135.4952843,,
鮨 chef む田,,식사,34.6868808,135.4955966,,
紅紅,,식사,34.6894118,135.4951378,,
ribing,,식사,34.6894001,135.4950893,,
和がく,,식사,34.6895474,135.4947513,,
水晶,,식사,34.688353,135.4951458,,
マルシマ,,식사,34.6882807,135.4948689,,
Godaille,,식사,34.6883547,135.4947949,,
心,,식사,34.6885586,135.4947329,,
江戸堀いちごはん,,식사,34.6887415,135.4959535,,
とんとん,,식사,34.6883711,135.4948529,,
金時屋,,식사,34.6887932,135.4946702,,
真怡記,,식사,34.6848147,135.4949074,,
BAGUS,,식사,34.7114425,135.4954751,,
うどん家あぶく,,식사,34.6849087,135.4889017,,
陳麻家,,식사,34.6907317,135.4952875,,
KALITARA,,식사,34.6908429,135.4956728,,
若水,,식사,34.690647,135.4955868,,
グリル ピエロ,,식사,34.6906108,135.494967,,
むすび庵,,식사,34.690619,135.4951073,,
寿し元 Dining,,식사,34.6906635,135.4947258,,
Différence,,식사,34.684528,135.4942289,"12:00-15:00,17:30-22:00",http://difference.upper.jp/
蕎麦切り masa,,식사,34.6844942,135.4942519,,
みとん,,식사,34.6869867,135.4948037,,
ビストロ ヒュッゲ,,식사,34.6871819,135.4951025,,
Porta Nuova,,식사,34.6847796,135.4947604,,
カレー屋 Ghar,,식사,34.6872332,135.4954477,11:30-14:30,https://ghar-curry.com/
最上無二,,식사,34.6872948,135.4926586,,
みずほ,,식사,34.6872601,135.4926192,,
かわだ家,,식사,34.6884345,135.4950044,,
SANTA-LUCIA,,식사,34.6876971,135.4952638,,
都来,,식사,34.6883892,135.4950085,,
ベルガマイス,,식사,34.688178,135.4950845,,
大阪うなぎぐみ,,식사,34.6667862,135.5051321,,
アイスドッグ,,식사,34.672304,135.4980401,,
Ventuno,,식사,34.6879126,135.496066,,
Kitchen Geek,,식사,34.6876632,135.4959103,,
なか川,,식사,34.6877994,135.4957323,,
みいとすぱ310,,식사,34.6872692,135.4890721,,
La Cantinetta,,식사,34.6846026,135.4948024,,
イル・クアドリフォーリオ,,식사,34.6872914,135.4954089,,
伊吹,,식사,34.6872442,135.4952625,,
ステーキ倶楽部 BECO,,식사,34.6873609,135.4953833,,
一郎,,식사,34.6876178,135.4952897,,
鉄板KUROUDO,,식사,34.6874503,135.4952036,,
ルールブルー,,식사,34.6895301,135.495112,,
ARK CAFE DINING,,식사,34.690839,135.4954597,,
田はた,,식사,34.6897497,135.4942212,,
讃岐うどん 木田,,식사,34.6895946,135.4933313,,
みえはる,,식사,34.6878745,135.4952042,,
CMOONE,,식사,34.686466,135.4930629,,
安土,,식사,34.6897741,135.4935959,,
みつや,,식사,34.6874339,135.4951511,,
bulerias,,식사,34.6871355,135.4952562,,
蓮家,,식사,34.6873534,135.4952121,,
にしの,,식사,34.6877947,135.4956691,,
御そば處 つなぎ,,식사,34.6882007,135.495707,,
あきらカレー,,식사,34.687179,135.4953157,,
NATURA,,식사,34.6734132,135.5163893,,
Motta Porteno,,식사,34.7052812,135.4941892,"Mo-Sa 11:00-04:00; PH,Su 11:00-23:00",http://caminoco.jp/mottaporteno/
いっと,,식사,34.6903222,135.4951229,,
新三浦,,식사,34.7048896,135.4904108,,
okonomiyaki takara,,식사,34.6543086,135.5141258,,
あぶらや,아부라야,식사,34.6505752,135.5065787,Mo-Su 07:00-19:30,
友福,,식사,34.6642906,135.5205791,,
khazana,,식사,34.7266388,135.4971705,,http://www.khazana-osaka.jp/
ジャンボ釣船 つり吉,,식사,34.6517734,135.5061178,,
鶴すし,,식사,34.692089,135.4945735,,
BUONA FORCHETTA,,식사,34.6923917,135.4954639,,
Remon,,식사,34.6916155,135.4939906,,
大源味噌,,식사,34.6647852,135.5058998,,https://daigen-miso.com/
プレ,,식사,34.6870612,135.495548,,
すし渡,,식사,34.7006141,135.5004211,,
しゃぶしゃぶ温野菜,,식사,34.6692994,135.501879,,
中華そば 桐麺,,식사,34.7201411,135.4808984,"11:00-15:00, 18:00-21:00",
天ぷら うえの,,식사,34.68508,135.490386,,
CHENAPANS,,식사,34.6848957,135.4906016,,
藤かわ,,식사,34.6921325,135.516544,,
ANALOGICA,,식사,34.6869831,135.4903043,,
パークサイドグリル atrio CAFE,,식사,34.686989,135.4958736,,
Punto eLinea,,식사,34.6863228,135.4915434,,
懐石 宇津房,,식사,34.6856537,135.4925318,,
クッカーニャ,,식사,34.6863039,135.4922214,,
ぱいまー,,식사,34.6863493,135.4921048,,
魚心,,식사,34.7026841,135.5025041,,
porco,,식사,34.6902559,135.4933129,,
Bistro de Ramekin,,식사,34.6905167,135.4931794,,
ゆきや,,식사,34.6918044,135.4951709,,
ダイヤモンドカリー,,식사,34.6990718,135.4995683,Mo-Su 11:00-20:30,
Natul まるごとキッチン,,식사,34.6896192,135.4931682,,
滋味ごはん,,식사,34.6872496,135.4890143,,
炭火焼肉 HOんMACHI,,식사,34.6830449,135.4963031,,
大阪ハラルムガル,,식사,34.6827793,135.496497,,
隨緑亭,,식사,34.6995721,135.4920384,,
エスカーレ,,식사,34.6993933,135.4919964,,
井津長,,식사,34.6969318,135.4916127,,
Kitchen HARU,,식사,34.679769,135.4996368,,
GARB,,식사,34.6785326,135.4991053,,
空色COLOR,,식사,34.6779619,135.4991343,,
yobareya,,식사,34.6768264,135.4941327,,
天伸,,식사,34.6853512,135.4967697,,
ETXOLA,,식사,34.6844335,135.4976695,,
CALENDAR,,식사,34.684103,135.4976867,,
gastroteka bimendi,,식사,34.684581,135.4976084,,
或丸,,식사,34.6853792,135.4971348,,
LE CoMPTOIR du goût,,식사,34.6834145,135.4977284,,
さらんちぇ,,식사,34.69038,135.4973635,,
くすの木,,식사,34.6897316,135.4974313,,
ナワシャンティ,,식사,34.6901948,135.4973682,,
ちくせき,,식사,34.6897854,135.4974049,,
dào fú,,식사,34.6893456,135.4968615,,
広島焼ながい,,식사,34.6916378,135.4971617,,
銀や,,식사,34.6917039,135.4965135,,
TRECCE,,식사,34.6907582,135.495541,,
ピアノ ピアーノ,,식사,34.688197,135.4974242,,
讃岐路,,식사,34.6877669,135.4971861,,
OPIUM,,식사,34.6861545,135.4971754,,
バルタザール,,식사,34.6860769,135.4976475,,
チャンプ,,식사,34.688223,135.4971271,,
ちゃちゅ,,식사,34.6890364,135.4986578,,
ハマヤ,,식사,34.6890108,135.4987073,,
LE PRIEURĒ,,식사,34.6867751,135.497769,,
SHIN-PEI,,식사,34.68681,135.4977577,,
Imparfait,,식사,34.6868588,135.4977591,,
Hungry Tiger,,식사,34.6868611,135.4975867,,
キッチンシュガー,,식사,34.6853859,135.4972997,,
MOUTON,,식사,34.6735607,135.492299,,
妻家房,,식사,34.6935495,135.4961094,,
キッチンジロー,,식사,34.6934403,135.4961228,,
PRONT IL BAR,,식사,34.6933467,135.4961575,,
ストライク軒,,식사,34.6934309,135.49575,,
元祖ラーメン吉田商店,,식사,34.6862625,135.4970801,11:00-22:00,
熱香森,,식사,34.6867445,135.4962103,,
グリル北斗星,,식사,34.6991435,135.4981323,,
泰昌閣,,식사,34.6900258,135.4978775,,
桜花,,식사,34.6902206,135.4980245,,
LE CANON,,식사,34.6902313,135.4978685,,
La Chic,,식사,34.6901319,135.4980525,,
上海樓,,식사,34.6887539,135.4982672,,
一豊,,식사,34.6887343,135.4981959,,
nonna,,식사,34.6902231,135.4978145,,
COLMATA,,식사,34.6882093,135.4980444,,
CABALLITO DE MAR,,식사,34.6881628,135.4981197,,
日日是耕日,,식사,34.6886894,135.4982312,,
サシャ,,식사,34.7331108,135.4996704,"Mo-Fr 11:00-23:00; PH,Sa-Su 11:00-22:00 open",
惣菜バル たべり,,식사,34.7082387,135.5044562,,
OrganicRaw8Cafe,,식사,34.7121331,135.4965558,,
Babel Cafe,,식사,34.7077113,135.5105918,,http://babel-cafe.com/
炭火TOKI,,식사,34.6876544,135.4983474,,
SION,,식사,34.687854,135.4985786,,
青空,,식사,34.6878247,135.4983647,,
グリル小松屋,,식사,34.6876662,135.4986563,,
イル・チェント,,식사,34.6874187,135.4982001,,
香山,,식사,34.6841048,135.4956566,,
口福,,식사,34.687298,135.4981789,,
う玄武,,식사,34.6869444,135.4992279,,
Giro,,식사,34.686417,135.4987747,,
新た,,식사,34.6870971,135.4982288,,
牛兆,,식사,34.6869383,135.4993186,,
ROSANERA,,식사,34.686275,135.4989567,,
月山,,식사,34.6856477,135.4989641,,
4 QUATRE,,식사,34.6852052,135.4987683,,
QUATTRO,,식사,34.6840901,135.4990361,,
Q.T.8,,식사,34.6838668,135.4984633,,
初中後,,식사,34.684169,135.4982592,,
アリスロード,,식사,34.6864477,135.4984125,,
やきうし は,,식사,34.6876707,135.499182,,
Baccaiun,,식사,34.688523,135.498229,,
東春閣,,식사,34.7048403,135.4990251,Mo-Su 11:00-22:00,
Navin,,식사,34.6877512,135.4950832,,
炭火焼肉 華苑,,식사,34.6853058,135.4891658,,
炭焼和牛 七福,,식사,34.6843291,135.4894697,,
韓国料理 香,,식사,34.6833981,135.4935007,,
てんぐ屋,,식사,34.6833165,135.4982934,,https://tabelog.com/osaka/A2701/A270106/27060177/
AB'S食堂,,식사,34.6840685,135.4925204,,
Siddartha,,식사,34.6832619,135.4982824,,
味べい,,식사,34.6831839,135.4982922,,
炭火焼肉あぐら,,식사,34.682961,135.49829,,
志可,,식사,34.6831505,135.4989525,,
MANUKA,,식사,34.6831261,135.4990417,,
Two chefs,,식사,34.7207863,135.4870852,,https://www.twochefs.jp/
ウオマチ,,식사,34.698834,135.5082464,,
ソラマメ食堂,,식사,34.698939,135.5074069,,
DECO,,식사,34.6811191,135.4961239,,
中華料理 華,,식사,34.6821067,135.4937403,,
ポップ・ア・ココ,,식사,34.6823357,135.4936917,,
ラーメンつけ麺 笑福,,식사,34.6823834,135.4936767,Mo-Sa 11:00-23:00; Su 11:00-16:00,http://shoufuku.fu-koku.com/
SPICE★CURRY 43,,식사,34.6836459,135.4915369,,
九絵家,,식사,34.6876488,135.493143,,
バンブルビー,,식사,34.6827705,135.4940793,Tu-Sa 11:00-16:00,
ガンガジ,,식사,34.6828298,135.4936842,,
太閤,,식사,34.6834578,135.492408,,
Plancha,,식사,34.6826488,135.4903828,Mo-Sa 09:00-23:30,
大衆食堂 Hiza-Koshi,,식사,34.6799721,135.4992547,,
地鶏 専門店 マルエ,,식사,34.6970679,135.5019882,,
そば 月山,,식사,34.6677012,135.5164101,,
地鶏旬菜 心水,,식사,34.6962976,135.4941794,,
ファミーユ,,식사,34.6962761,135.4939906,,
堂島かつの,,식사,34.696261,135.4941106,,
ラ・クレール,,식사,34.6962578,135.4940629,,
オステリア・ダ・パオロ（Paolo）,,식사,34.6962086,135.4940975,,
鉄板料理 要,,식사,34.6959755,135.494,,
花様,,식사,34.6960184,135.4939945,,
和しん,,식사,34.6962599,135.4945325,,
AMA-LUR,,식사,34.6957024,135.4942597,,
磯一,,식사,34.6957312,135.4943929,,
おばんざい処 菜々,,식사,34.6869904,135.4903759,,
昇六,,식사,34.6847321,135.494636,,
ビストロ ポップ ア ココ,,식사,34.6828233,135.4952377,Mo-Sa 11:00-23:30,
お食事処ひろ,,식사,34.6833927,135.4916363,,
南堀江食堂,,식사,34.6714138,135.4884729,,
あげは,,식사,34.6862163,135.5156175,,
和和和,,식사,34.7001361,135.5174451,,
Orobianco OSTERIA,,식사,34.6972186,135.4942576,Mo-Su 11:30-23:00,
T&C WineSalon,,식사,34.6972991,135.4945104,,
和おんHANARE,,식사,34.6831779,135.4897862,,
natural kitchen めだか2号店,,식사,34.7010283,135.505641,"Mo-Fr 11:00-15:30, Sa-Su 17:00-21:30",https://shin-medaka.com/
瓦そば　すずめ,,식사,34.7015365,135.5052154,"Mo-Sa 11:30-14:30,18:00-23:00, Su 11:30-14:30,18:00-22:00",https://k-suzume.com/
Ramen 辻,,식사,34.6828308,135.5159028,,
ふらみんご,,식사,34.7199338,135.4846243,,
tacos el noparu,,식사,34.7210605,135.4829711,,
かに福,,식사,34.7218453,135.4834352,,
とも吉,,식사,34.7210999,135.4834751,,
スパスパスパイシーカレー,,식사,34.7215361,135.4834615,,
グリル欧風軒,,식사,34.7001528,135.4990838,,
うず潮,,식사,34.6908828,135.4931872,,
中華バル堂島,,식사,34.6971949,135.4937436,,
鶏の諺,,식사,34.7064616,135.4978506,,https://www.saba6.com/blank
揚子江ラーメン名門,,식사,34.7038126,135.5024936,,
牛骨王,,식사,34.676644,135.5078897,,
SOLVIVA,,식사,34.7084095,135.498907,,
リストランテ 翔21,,식사,34.7055254,135.5003956,,
WHARF,,식사,34.7053302,135.4999691,,
すしの助,,식사,34.6896201,135.4932068,Mo-Su 18:00-04:00,
エスパス,,식사,34.6942053,135.4857074,,
バルバレスコ,,식사,34.6655829,135.502241,,
とんかつカフェ コスモス,,식사,34.6951781,135.5182385,,
カフェテリア,,식사,34.6623292,135.5213186,"00:00-01:10, 12:30-24:00",
ラ テッパーニャ,,식사,34.6893181,135.5145001,,
揚子江ラーメン,,식사,34.7042577,135.5014133,,
笑てん,,식사,34.6890857,135.5000909,,
天寅,,식사,34.6885603,135.4996709,,
京風 青山,,식사,34.7047184,135.5031826,,
日本橋五丁目食堂,,식사,34.6588982,135.5049574,,
やまぐち,,식사,34.6588323,135.5053486,,
ミニッツ デリ,,식사,34.6590094,135.5054016,,
韓国料理店,,식사,34.6973446,135.5098352,,
舵,,식사,34.6988323,135.5083301,,
雅しゅとうとう,,식사,34.6959579,135.4969361,,
PIZZERIA Due Sette,,식사,34.6831534,135.4914297,,
おおさかぐりる,,식사,34.7035174,135.4981733,Mo-Su 11:00-23:00,
リストランテ ル・ミディ ひらまつ,,식사,34.6995132,135.4939677,,
しみず,,식사,34.7012194,135.4870335,,
かにふぐ家,,식사,34.7000987,135.4867069,,
TORIMO,,식사,34.7078846,135.5073336,,
ぎょうざの満州,,식사,34.725522,135.4982383,11:00-21:00,
かわくち,,식사,34.6655935,135.5168379,,
げん家,,식사,34.6984652,135.4863723,,
ENZO,,식사,34.6984183,135.4866271,,
あさ川,,식사,34.6983615,135.4864006,,
ニューハマヤ,,식사,34.6859949,135.4997258,,
彩花,,식사,34.6982959,135.4842742,,
やまがそば,,식사,34.6689957,135.5207469,,
グリル エール,,식사,34.6689223,135.5199831,,
サイカラーメン,,식사,34.6681805,135.5198604,,
センムル,샘물,식사,34.6715044,135.5204478,,
麺屋 青空,,식사,34.6666584,135.5091966,,
みわ亭,,식사,34.7006742,135.4874318,,
うめきち,,식사,34.6953531,135.4857096,,
天ぷらチャンピオン,,식사,34.6953937,135.4857163,,
まいど,,식사,34.6957986,135.4856681,,
和央,,식사,34.6970925,135.4860068,,
しおや本店,,식사,34.7038498,135.4980095,Mo-Su 11:00-23:00,https://www.kk-shioya.co.jp/
麺屋 茜,,식사,34.6498047,135.5228725,,
JUNGLE Namba,,식사,34.6631728,135.4981519,,
大寅食堂,,식사,34.6491303,135.5020053,,
キッチンはぎちゃ,,식사,34.6487306,135.5025447,,
和匠,,식사,34.6493606,135.5183034,,
鳥味家,,식사,34.7189142,135.4809675,,
とっつあん,,식사,34.7001408,135.4867103,,
焼肉 力丸 なんば湊町店,,식사,34.6670438,135.4970073,,
とろとろ食堂,,식사,34.673567,135.5148834,Sa-Su 11:30-16:00,
SPICE-DO,,식사,34.6745712,135.5151929,,
橋の湯食堂,,식사,34.6750183,135.5153407,,
BINDU 北堀江店,,식사,34.6740219,135.4943128,,
BEARS TABLE,,식사,34.669819,135.4919205,,
四六時中,,식사,34.701643,135.4962667,,
サンマルク,,식사,34.7017597,135.4963408,,
ビノシュ,,식사,34.7039141,135.50481,,
CHEDI LUANG,,식사,34.6914249,135.4980974,,
お多福,,식사,34.673927,135.5136631,,
OUTBACK STEAKHOUSE,,식사,34.697001,135.4959927,"Mo-Fr 17:00-22:00; Sa-Su,PH 11:30-22:00",
文蔵,,식사,34.6734995,135.505256,,
とらふぐ城,,식사,34.6734893,135.505375,,
SHANI*MUNI,,식사,34.6737673,135.5053819,,
OTTO LEGNO,,식사,34.6732646,135.5054485,,
PESCE ROSSO,,식사,34.6736915,135.5053778,,
天平,,식사,34.6739707,135.5053798,,
肉ya!,,식사,34.6734462,135.5061356,,
たつ屋（ホルモン鍋）,,식사,34.6487127,135.5059482,,
権兵衛（ホルモン焼きそば）,,식사,34.6495868,135.5033933,,
マルフク (ホルモン・豚足),,식사,34.6471206,135.5040173,,
近江屋 本店(ふわふわ串カツ),,식사,34.6514965,135.5061312,,
大衆食堂あづま,,식사,34.6512495,135.5056146,,
マルフク 本店(ホルモン焼き),,식사,34.6477399,135.5033245,,
上方,,식사,34.6870705,135.49269,,
ATRIO,,식사,34.6864242,135.497102,,
HOT FACTORY,,식사,34.6876045,135.4951381,,
明治亭,,식사,34.684451,135.509295,,
金明飯店,,식사,34.6986534,135.4996756,,
むさし,,식사,34.6861408,135.485814,,
にちにち,,식사,34.6860829,135.4849043,,
Gyozaoh!,,식사,34.6686937,135.4981003,,
笑福,,식사,34.7255228,135.5003899,,
さち福や,,식사,34.675063,135.5045961,,
本場インド・ネパール料理店 RARA,,식사,34.6980492,135.4816168,,
牛蔵,,식사,34.6900734,135.5153339,,
spice32,,식사,34.6987084,135.4967612,"Mo-Sa 11:00-15:00,17:00-21:00;PH off",
カレーショップ ミクロ,,식사,34.6987143,135.4965548,,
ごはんや 谷町2丁目 食堂,,식사,34.6851965,135.5176093,,
憩家,,식사,34.6828873,135.5044158,,
福笑門,,식사,34.6672237,135.5196606,,
旧ヤム邸 中之島洋館,,식사,34.6932721,135.4927774,,
かわ平,,식사,34.7258921,135.4975196,,
かがり火,,식사,34.6874907,135.5130223,,
にしはら,,식사,34.6852567,135.514664,,
MEGUCA,,식사,34.6827934,135.5048077,,
カプリチョーザ,,식사,34.6630948,135.5018516,,
Wassy's Dining Souple,,식사,34.6576121,135.5144449,,
ゼロワンカレー,,식사,34.6829239,135.5122548,,
Fujiya1935,,식사,34.6830033,135.5118873,,
カシミール,,식사,34.6894864,135.5100084,,
AB-Kithen,,식사,34.6844215,135.5087934,,
麺匠 桂邸,,식사,34.6827914,135.5053751,,
CALAYER,,식사,34.6786621,135.5018153,,
お手軽天ぷら処 天神,,식사,34.6784746,135.5016365,,
鶏motto 心斎橋店,,식사,34.6785198,135.5024757,,
スタイリッシュグリル Tyu,,식사,34.6783485,135.5023269,,
ひもの野郎,,식사,34.6783025,135.5023666,,
和座わざ,,식사,34.6782584,135.5023398,,
うさみ亭 マツバヤ,,식사,34.6779639,135.5023163,,
スパイスカリー て,,식사,34.677959,135.5024961,,
そらねいろ,,식사,34.6779435,135.5024961,,
Monde Cafe,,식사,34.6782171,135.5023338,,
中華料理 華門,,식사,34.6781211,135.5022855,,
せんば幸梅,,식사,34.6778652,135.5022842,,
船場虎島,,식사,34.6776524,135.5024907,,
新幸梅,,식사,34.6789571,135.5025068,,
麺とかき氷 ドキャン,,식사,34.6789482,135.5168827,,
いちば,,식사,34.6671132,135.5192682,,
カレーうどん 得正,,식사,34.6786405,135.5066395,,
いっちょう,,식사,34.6786762,135.502506,"Mo-Fr 11:00-14:00,16:30-22:30; Sa,Su,PH 11:00-21:00",
KATSU 華,,식사,34.6798905,135.5061336,,
Beer & Wine ニューミュンヘン,,식사,34.675366,135.5014956,,
ALISA,,식사,34.6968049,135.4884211,,
菱東,,식사,34.6966013,135.488385,,
喜界島担々麺 香 北の浜部屋,,식사,34.6893406,135.5056716,"Mo-Sa 11:30-14:30, 18:00-21:30",
四川辣麺,,식사,34.7267706,135.499919,Mo-Sa 18:00-05:00,
エル・パンチョ,,식사,34.6748532,135.5011861,,
串カツ専門店 カラっと,,식사,34.6741793,135.5018077,,
Peggy Sue 高麗橋店,,식사,34.6890565,135.5092697,,
麺屋 丈六,,식사,34.6637545,135.504875,"Th-Tu 11:30-15:00, 18:00-21:00",http://jouroku.blog.fc2.com
千とせ 本店,,식사,34.664076,135.5039836,We-Mo 10:30-14:30,https://www.chitose-nikusui.com/chitose/
三国亭,,식사,34.6692075,135.5067828,Th-Tu 17:00-22:30,http://mikunitei.com
ニューライト,,식사,34.6695639,135.4974265,Mo-Sa 11:00-20:30; Su 11:00-19:30,
天政,,식사,34.6664459,135.5019783,Mo-Su 07:00-00:00,
友愛亭,,식사,34.6596112,135.5055814,"Tu-Su 11:00-15:00, 17:00-20:30",
とんかつ 吉兆,,식사,34.6641676,135.506215,Th-Tu 11:30-20:30,
中華そば ふじい 難波千日前店,,식사,34.6675642,135.5023475,Fr-We 11:30-00:00,http://www.ra-men.co
大黒,,식사,34.6681964,135.4998539,"Tu-Sa 11:30-15:00, 17:00-20:00",
大阪大勝軒,,식사,34.662901,135.5041511,Mo-Su 11:30-22:00,
なみ一,,식사,34.6635348,135.5047629,"Mo-We, Fr-Sa 11:00-14:30, 17:30-21:30; Th 11:00-14:30",
ぎょうざ専門店2号店,,식사,34.665106,135.4998265,Mo-Su 17:00-24:00,
カレー堂,,식사,34.6630297,135.5039069,Mo-Sa 11:00-24:00; Su 11:00-22:00,http://currydou.com/namba/
御食事処 あさひ,,식사,34.6665586,135.5077848,Mo-Sa 11:00-15:00,
千日前 やすだや 本店,,식사,34.6673323,135.5038752,Mo-Sa 17:00-03:00; Su 11:30-23:00,
きりん寺 大阪総本店,,식사,34.6572929,135.5055213,"Mo-Su 11:30-16:30, 18:00-22:00",https://suzume-group.co.jp/
カレー食堂マッハ,,식사,34.6621027,135.5054024,Fr-We 11:00-21:00,
元祖とんかつカレー カツヤ,,식사,34.6621461,135.4950592,,
四川食房 福龍,,식사,34.6698274,135.5059978,"Tu-Sa 18:00-02:00; Su 12:00-14:00, 18:00-22:00",http://tantanmen.com
花丸軒 難波・法善寺店,,식사,34.6679015,135.5030711,24/7,http://arakawapork.com
マドラスカレー 千日前店,,식사,34.6661218,135.5039621,Mo-Su 11:00-23:00,https://madras-curry.com/
Prima cena a osaka. Pollo sulle braci. Ottimo,,식사,34.6889737,135.5017228,,
妙高亭,,식사,34.7254942,135.4991317,,
ミルチマサラ,,식사,34.6768331,135.5084147,,
Omelette,,식사,34.6743654,135.5180635,,
衣笠,,식사,34.6891715,135.5132853,,
朱峰,,식사,34.6891336,135.513052,,
あづま,,식사,34.6892135,135.5139001,,
洋麺屋五右衛門,,식사,34.6526631,135.4877108,,
永楽橋筋,,식사,34.6792236,135.5118433,,
好ハオ,,식사,34.6791895,135.5116428,,
朋苑,,식사,34.7254796,135.4982409,,
Miyako,,식사,34.7259305,135.4981134,"Mo-Fr 11:00-14:00,17:00-22:30; Sa-Su,PH off",
韓味,,식사,34.6863243,135.4971155,08:30-15:00,
やまさき,,식사,34.6869686,135.5146875,,
もんじゃ屋,,식사,34.6869378,135.5146731,,
味和,,식사,34.684265,135.5144065,,
徳麺,,식사,34.6840464,135.5143942,,
中華ビストロ福満屋,,식사,34.6840503,135.5143548,,
タケリア ラ フォンダ,,식사,34.6840522,135.5143258,Mo-Sa 18:00-23:30,
マハル,,식사,34.6840344,135.5144242,,
伊吹商店,,식사,34.6627575,135.5039456,,
無限,,식사,34.6606887,135.504096,,
TAPIOKA　FACTORY 「KOHAKU」ー琥珀ー,,식사,34.6751726,135.5136873,10:00-20:00,
横浜家系麺家 昴,,식사,34.7277604,135.4989799,,
板前焼肉一笑,,식사,34.7282856,135.5001771,,
焼肉迅,,식사,34.727683,135.4997262,,
スワロー,,식사,34.6537039,135.5057479,Fr-Tu 12:00-19:45,
人類みな麺類,,식사,34.7254974,135.4992515,Mo-Su 11:00-23:00,http://www.jinrui-minamenrui.com/
やまもと,,식사,34.6975426,135.4858292,,
Cam & On,,식사,34.6675919,135.5215216,,
ピッツェリア・ラポルタ,,식사,34.6891691,135.4963145,,
會賓楼,,식사,34.6889951,135.4963375,,
巽屋,,식사,34.661005,135.5077408,,
徳ます,,식사,34.6906901,135.4947802,,
讃州,,식사,34.6903226,135.4952485,,
ちょいめしあさチャン,,식사,34.6594934,135.5052491,,
和魂洋彩,,식사,34.6845065,135.4958388,,
チャンピオン,,식사,34.6977342,135.4862989,,
ABITACOLO,,식사,34.688243,135.5085729,,
Natural Queen,,식사,34.6882046,135.5085739,,
Columbia8,,식사,34.6793528,135.5072407,,
千陽,,식사,34.6978072,135.4856894,,
のざき,,식사,34.6904465,135.4949497,,
百歳,,식사,34.6984092,135.5153731,,
多み寿し,,식사,34.6821676,135.4902638,,
グリル異人館,,식사,34.6985459,135.4990468,,
味噌麺処 豆醤,,식사,34.7399033,135.5162042,Mo-Su 11:00-01:00,
輝寿家,,식사,34.6976715,135.4858488,,
Vin de Kitchen,,식사,34.69715,135.4934436,,
Ten-ti-jin,,식사,34.6681999,135.5043341,Tu-Su 10:30-04:00,
浪花小町,,식사,34.6919411,135.4924165,,
中華飯店　太平,,식사,34.6576228,135.5066887,,
奏煖,,식사,34.6977612,135.4849146,,
カレー屋本舗 カサ デューク,,식사,34.6831933,135.502639,,
テンカラＪＡＰＡＮ,,식사,34.6826479,135.5028956,,
焼肉 笑成,,식사,34.6594128,135.495669,,
Vitti Syubhah Cafe & Restaurant,,식사,34.6607056,135.4956749,,
スパイスバー俺たちのカレー家,,식사,34.6801787,135.5043908,11:00-15:30,
スパイスサロン バビルの塔,,식사,34.70754,135.508603,,
うどん処 松,,식사,34.7390065,135.517485,"Mo-Su 11:30-15:00, 17:30-21:15",
アトム 食堂,,식사,34.6941059,135.5182939,,
御肉,,식사,34.6760715,135.5050128,,
Di PUNTO,,식사,34.6989597,135.4948588,,
浪花そば,,식사,34.6910957,135.505534,,
海皇,,식사,34.6960852,135.4982693,,
Kiitos,,식사,34.6842555,135.5162687,,
かぐら,,식사,34.6754972,135.5082,,
MATSUNAMI マツナミ,,식사,34.6990756,135.5075608,,
中國菜 心香,,식사,34.6988399,135.5081526,,
CotoCoto,,식사,34.6988751,135.5074569,,
王様のスプーン,,식사,34.6988839,135.5072651,,
うどん一,,식사,34.6987726,135.5067407,,
カーサディオーロ,,식사,34.6989413,135.5064269,,
グリル光陽,,식사,34.6987924,135.5063183,,
バルキング,,식사,34.6986425,135.5059589,,
味楽房,,식사,34.6983451,135.5066172,,
ブルスケッタ　ブルスカーレ　ブルシェッタ,,식사,34.6983313,135.5068587,,
鮨うろこ,,식사,34.698324,135.5070313,,
焼肉 どて,,식사,34.6984324,135.5072781,,
ベジマンマ ヴァードリズム,,식사,34.6982876,135.5077267,,
鮪人,,식사,34.6982426,135.5068629,,
十勝そば つざわ,,식사,34.6984698,135.5068763,,
堀川 やまがそば,,식사,34.6991779,135.5070675,,
デンスケ,,식사,34.7085182,135.5095736,,
老松,,식사,34.6971392,135.5038006,,
カオス スパイスダイナー,,식사,34.6728128,135.4968404,"Mo-Fr 11:30-15:30, 17:00-21:00; Sa 11:30-21:00; Su 11:30-20:00",
USAGI SHOKUDO,,식사,34.6727695,135.4968391,,
ふな定 福島庵,,식사,34.6963717,135.4863903,"Mo-Sa 11:00-14:00, 17:00-21:00",http://funasada.com
舟屋,,식사,34.6484487,135.5243865,"Fr-We 11:30-14:30, 16:30-21:00",https://www.funaya.co.jp
大喜 北新地店,,식사,34.6963212,135.4998233,"Mo-Sa 11:30-13:30, 17:00-22:00",
麺元素,,식사,34.7071841,135.5121135,,
JUZA,,식사,34.6685079,135.502294,Mo-Su 11:30-00:00,
銀平はなれ,,식사,34.696376,135.4962777,,
ヤキニクヒーロー,,식사,34.6766971,135.4962112,,
さくら vita,,식사,34.6770865,135.496508,,
金剛石,,식사,34.6728445,135.512355,,
"Aburiya, Dotonbori Midosuji AUCE Yakiniku",,식사,34.6693286,135.5005083,,
"Aburiya Dotonbori Midosuji, Namba Yakiniku",,식사,34.6693398,135.4998987,,
Aburiya Dotonbori Midosuji yakiniku,,식사,34.6693086,135.4999549,,
Hakata motsunabe oyama Shinsaibashi,,식사,34.669404,135.4981744,,
Hakata motsunabe Oyama Shinsaibashi,,식사,34.6694287,135.4981571,,
博多もつ鍋 おおやま,,식사,34.7025259,135.4943637,,
大井食堂,,식사,34.6545678,135.4949416,,
ぽんちゃん餃子,,식사,34.6538184,135.4947709,,
中華そば ふじい 芦原橋本店,,식사,34.6607149,135.4883282,,
ホルモン29号,,식사,34.6637604,135.4840848,,
バー バラカ,,식사,34.6634985,135.4784028,,
とりとりこ,,식사,34.6561346,135.4973636,Mo-Su 17:00-00:00,
うどん大川,,식사,34.6606893,135.4874372,,
洋食専門 三久食堂,,식사,34.6602777,135.4903964,Mo-Fr 10:00-14:00,
焼肉三昧 玄,,식사,34.6608177,135.4883134,,
美よしの,,식사,34.6614866,135.4879308,,
島添食堂,,식사,34.6634925,135.4791144,,
焼肉 松,,식사,34.653884,135.4948152,,
五郎寿し 浪速店,,식사,34.6603454,135.4887413,,
大西,,식사,34.6601979,135.4879799,,
丸万寿司,,식사,34.7036853,135.5022812,,
Midnight Sun,,식사,34.679349,135.5073001,,
心たけ,,식사,34.6973679,135.5032579,,
萬野ホルモン舗,,식사,34.6631845,135.5186003,,
ラルーナ,,식사,34.6830771,135.5109242,,
shivay,,식사,34.6822177,135.5086475,,
婆沙羅,,식사,34.6748778,135.4926891,,
TABLES,,식사,34.6709185,135.4907961,,
そば打ち 松林,,식사,34.7054528,135.5018149,,
天笑屋,,식사,34.7402229,135.494611,,
おこのみやき三平,,식사,34.6704211,135.5021513,,https://www.okonomiyaki-sanpei.com/
麺FACTORY JAWS,,식사,34.6732987,135.520264,,
Brooklin Parlor Osaka,,식사,34.6709695,135.4999948,,https://brooklynparlor.co.jp/
牛かつ もと村,규카츠 모토무라,식사,34.6665974,135.5019763,Mo-Su 11:00-22:00,https://www.gyukatsu-motomura.com/shop/namba
低糖ダイニングブラン,,식사,34.6889074,135.4923819,"Mo-Su 11:30-14:30, 17:00-20:30",
ニタカリバンチャ,,식사,34.6863856,135.5132594,,
そばけん,,식사,34.687058,135.5161482,,
OPTIMUS cafe,,식사,34.6922022,135.5051938,07:30-19:00,http://www.optimus-cafe.com/
MayWinds,,식사,34.6879231,135.5130323,,https://maywinds.on.omisenomikata.jp/
やま川,,식사,34.6986868,135.5136968,,
とまとの里 信濃路,,식사,34.6825735,135.4881349,,
ちー坊のタンタン麺,,식사,34.6825082,135.4883272,,
武士道,,식사,34.6794385,135.4874275,,
サッチェズカリー,,식사,34.7040731,135.5060842,,
雪華,,식사,34.7195395,135.4853487,,
ビストロ　ソウルキッチン,,식사,34.7195235,135.4853163,12:00-20:00,
くま食堂,,식사,34.7038804,135.4990843,,
あらうま堂,,식사,34.7039113,135.4992389,,
ざんまい屋,,식사,34.7039504,135.4991564,,
あらうま道,,식사,34.7040056,135.4990954,,
BURGERLION,,식사,34.6837808,135.4859028,,
Copito,,식사,34.6861595,135.5139234,,
きゅうろく,,식사,34.704914,135.5021687,,
"Block, Steak rice",,식사,34.6609951,135.5024687,,
Nikutareya nambabal,,식사,34.6624246,135.5008161,"We-Mo 11:00-15:30, 18:00-23:00",https://multilingual.nikutareya-namba.com/
千とせ べっかん,,식사,34.6650941,135.5036729,Mo-Su 11:00-20:00,https://www.chitose-nikusui.com/chitose/
三起,,식사,34.699096,135.4962748,,
grupetto,,식사,34.7049385,135.5198195,,
soratobu kaori,,식사,34.6851205,135.4902465,,
THE CALENDAR,,식사,34.6808425,135.4958974,,
辛激屋,,식사,34.6758968,135.5044814,Mo-Sa 11:00-17:00,
麺屋イッショウ,,식사,34.740286,135.524237,,
寿しよし,,식사,34.6960231,135.4863934,,
ふぐと鯨 しお福,,식사,34.7265707,135.4997425,,
ぎょぎょぎょ,,식사,34.6790298,135.4991487,,
けんぢ,,식사,34.6671006,135.5188966,"Mo-Sa 11:30-13:30, 17:30-23:00",
restaurant bucheide,,식사,34.6662349,135.5247708,"Tu-Su 11:30-14:00, 17:30-23:00",
中国食堂261,,식사,34.6743451,135.5184979,"Mo-We 12:00-13:30, 18:00-21:00; Th-Fr 18:00-21:00; Su 12:00-21:00",
青藍,,식사,34.6716954,135.5145736,"Mo-Su 11:00-13:50, 17:30-22:00",
ブーニーズ,,식사,34.6649428,135.5166045,We-Mo 17:00-22:30,
Singh's Kitchen mini,,식사,34.6582818,135.505342,,
靖一郎 豆乳 本店,,식사,34.6771846,135.5129157,,
ちゅらり,,식사,34.6984738,135.5042862,,
肉 炉端 ROBERT,,식사,34.6483439,135.5122443,,
CRISP&LUCE,,식사,34.6488657,135.5095064,,
THE BBQ GARDEN,,식사,34.6485033,135.5096519,,
もとや,,식사,34.6653183,135.5166871,,
Malaysia boleh,,식사,34.7037568,135.4899224,,
焼肉 河童,,식사,34.700715,135.5005625,,
BEIGNET,,식사,34.7065161,135.4957942,,
地魚と天ぷら うろこ屋,,식사,34.6704589,135.5037339,,u65yasan.blog.fc2.com
まえだ家,,식사,34.6746532,135.5036287,,https://www.facebook.com/maedaya.megane/
ホンルーサンテン(紅爐餐廳）,,식사,34.6704376,135.5028322,,https://honru.jp/
艶家,,식사,34.6720436,135.5067927,,
なにわフレンチ びぎん,,식사,34.671776,135.5038031,,https://ameblo.jp/naniwa-f-begin/
桜原精肉店,,식사,34.68788,135.4888963,,
圓子,,식사,34.6768475,135.5052673,,
かき広,,식사,34.6927917,135.5013267,17:00-22:00,
haD,,식사,34.6875162,135.4906793,,
渡邊咖喱,,식사,34.6979606,135.4948448,Mo-Fr 11:30-16:00; Su 09:00-18:00,http://watanabecurry.com
生パスタ福田,,식사,34.7398115,135.5163812,"Mo-Th 18:00-22:00 ,Sa 18:00-22:00",
沖縄料理　八,,식사,34.7215453,135.4812332,,
十三の氷屋 野口商店,,식사,34.7229954,135.4853867,,
ちゃっぴー亭,,식사,34.7209764,135.4874744,,
四季旬菜むら田,,식사,34.7197325,135.4849479,"17:00-23:30 || ""不定休（水曜日になることが多いです)""",https://www.instagram.com/shunsai_murata/?hl=ja
銀のさら新大阪店,,식사,34.735702,135.4906818,,https://www.ginsara.jp/store/shinoosaka_detail.html
Jugar,,식사,34.7284307,135.4814096,,https://www.cafejugar.com/
BARVO,,식사,34.7388913,135.4841358,,
共栄飯店,,식사,34.7400592,135.5160043,"Mo,We-Su 11:30-14:00,17:00-19:00",
PAPALINA,,식사,34.7406154,135.5158676,"Mo,We-Su 11:30-21:00",http://papalina68.web.fc2.com/
カンチャン,,식사,34.7395737,135.5068617,"11:00-15:00,17:00-22:30",
お好み焼き プラザ,,식사,34.7401468,135.503627,Tu-Su 11:00-22:00,
セント,,식사,34.7385284,135.4980788,,
旅人シェフのタイ食堂 KHAO,,식사,34.7088871,135.5118505,,
HIYOMORi,,식사,34.697045,135.4998405,,
Swell,,식사,34.7397945,135.4999343,"Mo-Sa 08:30-17:00 open ""cafe"",18:00-02:00 open ""bar""",
丸三寿し,,식사,34.7398283,135.4991618,"Th-Tu 11:00-13:30, 17:00-22:30",
力餅食堂,,식사,34.7399024,135.5010568,,
すし留,,식사,34.7398028,135.500881,,
玄米食堂,,식사,34.7404621,135.4979067,,https://genmaishokudo.com/
ニュータージマハルエベレスト,,식사,34.7402727,135.5169334,"11:00-15:00,17:00-23:00",
ハルエモン,,식사,34.7397897,135.5148071,,
さが,,식사,34.7397864,135.5154469,Mo-We 11:30-22:00; Th off; Fr-Su 11:30-22:00,
豊作,,식사,34.7402942,135.5165294,,
鳥小屋,,식사,34.740254,135.5164959,,
なぎさ,,식사,34.7405141,135.5130078,,
黒毛和牛焼肉 龍,,식사,34.7386409,135.517161,Mo-We 18:00-23:00; Fr 18:00-23:00; Sa-Su 17:00-23:00; PH 17:00-23:00,
ガンガマハル,,식사,34.7387665,135.5174665,11:00-23:00,
御料理 すずき,,식사,34.7390381,135.5175577,"11:30-14:30, 17:00-22:00",
ALBERO,,식사,34.6691534,135.4901254,,
伊々,,식사,34.6962335,135.5029202,,
吉,,식사,34.7200039,135.481891,,
ROCCO,,식사,34.7203292,135.4818485,,
タマゴのイザカヤAtama,,식사,34.7204836,135.4818053,,
1代目猿肉亭,,식사,34.7199248,135.4821287,,
豚の貯金箱,,식사,34.7218431,135.4815658,,
メー・トンロー,,식사,34.72066,135.4817625,,
cafe Fan's,,식사,34.7182799,135.4780538,Mo-Su 09:00-18:00,
エルナージ,,식사,34.7311336,135.4832988,,https://el-nague.com/
いとや,,식사,34.7380132,135.5184241,"Mo 11:30-15:00, 17:00-21:30; We-Su 11:30-15:00, 17:00-21:30",
留旨,,식사,34.7377167,135.5167316,Tu-Su 12:00-23:00,
たか兵衛,,식사,34.7358195,135.5176563,,
辛口Lab.,,식사,34.7327352,135.5050251,Mo-Fr 11:30-17:00; Su off,
ZAYKA,,식사,34.7398206,135.501559,"11:00-15:00, 17:00-22:00",
-MIYAKO-京,,식사,34.7397858,135.5161042,"Mo-Th 11:30-14:30, 18:00-23:00; Fr-Sa 11:30-14:30, 18:00-24:00; Su 11:30-14:30, 18:00-23:00",
Bistro よし川,,식사,34.7215235,135.4811173,,https://ameblo.jp/b-yoshikawa/
明石焼専門店　たこ八,,식사,34.7214728,135.4808822,,
ねぎ焼やまもと,,식사,34.7192093,135.4812233,,https://www.negiyaki-yamamoto.com/
家庭料理　はじめ,,식사,34.7352896,135.4838793,,
紅海月,,식사,34.7399453,135.502419,,
A35 東三国バル,,식사,34.7399176,135.4981332,Mo-Su 17:00-01:00,
quatre lapin,,식사,34.7120347,135.4962609,,
Nomcraft Juso Taproom,,식사,34.7198154,135.4797734,,
お好み焼き みつちゃん,,식사,34.7197672,135.4797939,,
ディオス マーラータン,,식사,34.7197358,135.4797946,,
定食とおかずの店 まつ栄,,식사,34.7196999,135.4797966,,
ヒロタヤ２号,,식사,34.7195189,135.480336,,
揚げたて天ぷら 天からてん,,식사,34.7196478,135.480326,,
李朝園,,식사,34.7201213,135.4818328,,
肉のヤマ牛,,식사,34.7198438,135.482073,,
春陽,,식사,34.7409297,135.5220075,Mo-Sa 11:00-21:00,
とんかついなば和幸,,식사,34.7340809,135.4969288,11:00-22:30,
牛傳,,식사,34.7336445,135.4970884,,
ファンファン,,식사,34.7359467,135.4957638,"Mo-Sa 11:30-15:00, 17:00-23:00; Su off",
慶招樓 小麦LAND,,식사,34.7337646,135.4948729,"Mo-Fr 11:30-14:00, 17:00-22:00; Sa-Su off; PH off",
くつろぎ庵,,식사,34.7337337,135.4950298,11:00-23:00,
スタンドカフェバー　FAT MOTHER,,식사,34.7184189,135.4798748,Mo-Su 11:30-20:00,
イタリアンクッチーナ,,식사,34.7346634,135.4941179,Mo-Fr 11:30-22:30; Sa-Su 11:30-22:30; PH 11:30-22:30,
大陸まんま,,식사,34.7346208,135.4941251,"Mo-Fr 11:00-14:30, 18:00-22:00; Sa-Su 17:00+ open ""reservation""; PH 17:00+ open ""reservation""",
あじ蔵,,식사,34.739264,135.49759,"Tu-Su 11:30-14:00, 17:30-23:00; Mo off",
ダイニングバル・グラード,,식사,34.739644,135.4976879,"Mo-Sa 08:00-10:00, 11:00-15:00, 14:30-24:00; Su 08:00-10:00, 11:00-15:00, 14:30-18:00",
もつ鍋・串かつ まなや,,식사,34.7397619,135.497801,17:00-24:00,
DIAMOND BIRYANI,,식사,34.7110391,135.4935871,"11:00-15:00,17:00-21:30",
達屋 TAZ－YA,,식사,34.7069454,135.4977442,,
札幌スープカレー Jack,,식사,34.709577,135.4960229,,
MON CHARME,,식사,34.7083086,135.5088955,営業時間 ランチ(予約のみ) 木金土 12:00-14:30(13:30LO) ディナー 月曜-土曜 18:00-22:30(21:30 LO) 定休日 日曜日,
コンヴィヴィアリテ,,식사,34.6778086,135.4943042,11:30+,https://www.convivialite.info/
傾奇御麺 天神橋・本店,,식사,34.7075822,135.5106449,11:30-02:00,http://kabuki-gomen.com/
丸中商店 MAZESOBA,,식사,34.7109,135.4950446,"Mo-Su,PH 11:30-22:00; ""昼LO 14:30, 夜LO 21:30, 不定休""",
スエヒロ天五店,,식사,34.7068416,135.5110331,,
黒龍天神樓,,식사,34.7045401,135.5124624,,http://black-dragon9614.com/sp/
膳途洋々,,식사,34.7039183,135.512559,,
らいよはうす,,식사,34.7111257,135.495411,,
板前割烹 市橋,,식사,34.710333,135.494013,,
板前焼肉 一笑,,식사,34.7111129,135.4994652,,http://issho.shop/
ラ・バルカッチャ,,식사,34.7111393,135.4994585,,http://la-barcaccia.com/
スペインバル Tiburon,,식사,34.720982,135.4811806,,https://spanishbal-tiburon.owst.jp/
自家製うどん 優曇庵,,식사,34.7209701,135.4809563,,
洋食 ange,,식사,34.7207287,135.4809616,,
麺のよかにせ,,식사,34.7201417,135.480277,,
手打麺処 かもめ,,식사,34.7190746,135.4754403,,
中華料理 彩飯,,식사,34.7189603,135.4754625,,
お好み焼き 颯,,식사,34.7188936,135.4754775,,
焼肉 松お,,식사,34.7192587,135.4783197,,
たこ焼き いせや,,식사,34.7192706,135.4783654,,
美味小籠包,,식사,34.7192709,135.4783948,,
炭火焼肉 じゅじゅ庵,,식사,34.7186828,135.4792182,,
ソウルファクトリー,,식사,34.7193717,135.4798485,,
楼蘭,,식사,34.7188272,135.4811481,,
ねぎ焼　やまもと,,식사,34.7189617,135.48011,,
てっぱん番長,,식사,34.7191612,135.4801838,,
にぎり 丸三寿司,,식사,34.719197,135.480849,,
太郎坊寿し,,식사,34.7192069,135.4811152,,
活ふぐ料理 ふぐ甚,,식사,34.721082,135.4814438,,
PIZZERIA PALLONCINO,,식사,34.7211244,135.4829704,,
とんかつ 大富士,,식사,34.7209502,135.4831979,,
焼肉 じゃけえ,,식사,34.7210219,135.4833253,,
焼肉屋 牛蔵,,식사,34.7204471,135.483395,,
BOBOS,,식사,34.7198168,135.4836056,,
深廣,,식사,34.7201042,135.4820516,,
ハンバーグ専門店 ハッサク,,식사,34.6990887,135.5156996,,
中華ラーメン平和,,식사,34.7085501,135.4965701,,
松心,,식사,34.7116165,135.4970998,,
うなぎ 伊賀喜,,식사,34.6889552,135.5170602,,
Tantara西野,,식사,34.6973504,135.5167631,,
洋食 心勇軒,,식사,34.6983814,135.5156594,,
Curry&Dinnings garam,,식사,34.6984541,135.5154804,,
あぷちゃ,,식사,34.7385979,135.4973473,Mo-Su 12:00-20:00,
山口カリー,,식사,34.6985931,135.5129343,,
めん処 福籠庵,,식사,34.6995198,135.5137711,,
ラーメン つけ麺 大吾郎商店,,식사,34.7052167,135.4819474,,
大徘襠,,식사,34.6984092,135.4867251,,
富久重ホルモン,,식사,34.6768232,135.4964128,,
１ポンドのステーキ ハンバーグ タケル 西中島店,,식사,34.7273733,135.4972708,,https://steak-takeru.jp/
Dining&Bar LAVAROCK,,식사,34.7341649,135.4991734,,
お好み焼 ぬくぬく屋,,식사,34.7176681,135.4807122,,
Stella Maria,,식사,34.7155829,135.481199,,
おちば屋,,식사,34.7115098,135.4975164,,
焼肉中津 寿寿,,식사,34.7121874,135.4971038,,
和牛焼肉 布上 2nd.,,식사,34.69751,135.484946,,http://nunogami.jp/
メゾン・チャイナ・ウメモト,,식사,34.6929248,135.4839513,,http://www.chinese-engi.com/
ミスターパピー,,식사,34.697413,135.5082361,,
IL Terra（イルテラ）,,식사,34.7095196,135.5044697,,https://ilterra.business.site/
Dal Brigante,,식사,34.693013,135.4842705,,
アンバラマ,,식사,34.7097084,135.5048684,,
551蓬莱 福島店,,식사,34.692713,135.4842866,,https://www.551horai.co.jp/
カニとサカナの場 カサバ （Casava）,,식사,34.7075273,135.5119496,,https://casava.business.site/
ボダイジュカフェ,,식사,34.7026138,135.5071538,,http://www.bodaiju-cafe.com/
錦厨,,식사,34.7022978,135.5072611,,
ミストラル,,식사,34.7108708,135.4983764,,
ちょい呑み食堂 tutini,,식사,34.7106895,135.4949023,Mo 18:00-22:00; We-Sa 18:00-22:00,
信濃,,식사,34.6482618,135.5143825,,
abbacchío,,식사,34.6755625,135.5152832,,
洋食SHIGERU,,식사,34.7397222,135.515098,Mo-Tu 17:00-23:00; Th-Su 17:00-23:00,
詩宴,,식사,34.7298574,135.49788,,
すなおや,,식사,34.7303948,135.4951702,,
吟味屋,,식사,34.7296439,135.4963715,,
洋食 泉,,식사,34.6971379,135.5037744,,
J.COCO,,식사,34.7404526,135.5232738,,
池田,,식사,34.7113924,135.4939834,,
月と太陽,,식사,34.7113988,135.4929525,,
中華喫茶　トントン,,식사,34.7166744,135.5163909,,
NEXT黒豆蕎麦 hanako,,식사,34.6625098,135.5064037,,
甘蘭牛肉麵,,식사,34.668357,135.5116689,,
き田たけうどん,,식사,34.6627198,135.5043505,,
千成寿司,,식사,34.7400829,135.5184271,,
貴美苑,,식사,34.7215899,135.4863198,,
喜界島担々麺 香,,식사,34.6907326,135.5090549,,
ピッコロカリー,,식사,34.7020283,135.4990412,,
IRISH CURRY,,식사,34.7108355,135.4991347,,
大衆食堂 サニーコメル,,식사,34.7387303,135.5240198,"Tu-Sa 11:00-14:00, 17:00-21:00; Su 11:00-18:00; Mo off",
バズる,,식사,34.6666507,135.5179044,,
Mockba,,식사,34.6990438,135.4963965,,
Sinasos,,식사,34.7040608,135.5026123,,
天ぷら 心斎橋 一哲,,식사,34.6725064,135.5022389,,
Bistro fil,,식사,34.6899596,135.5136304,,
Sunao食堂,,식사,34.6899383,135.5141252,,
みくりや,,식사,34.6761033,135.5142541,,
鍋守ミートセンター,,식사,34.6972895,135.4935784,,
ゆずの小町,,식사,34.7031591,135.5020378,,
ラーメン革命,,식사,34.6776512,135.5072596,,
おさかなキッチン,,식사,34.7045607,135.4981855,,
大阪飯店,,식사,34.6644469,135.5192616,,
ヤドカリー,,식사,34.6866005,135.5165702,,
しまんちゅ食堂,,식사,34.6837611,135.5131324,,
亀の子,,식사,34.6633046,135.5180312,,
焼餃子専門店 餃子のぱくぱく,,식사,34.7121007,135.4973204,,
魚串bar（さかなくしばる）,,식사,34.6699147,135.5020673,,https://retty.me/area/PRE27/ARE94/SUB9401/100001360615/
HONMIYAKE,,식사,34.690252,135.5198757,,
ワイン食堂 アレコレ,,식사,34.6870607,135.513415,Mo-Sa 11:30-23:00,
五條家,,식사,34.6872725,135.5136202,,
花,,식사,34.6865149,135.5130318,,
天丼 正宗,,식사,34.7401912,135.5167235,"Mo-Tu,Th-Su 11:00-20:00; We off",
ひろせ,,식사,34.6717254,135.5025491,17:00-24:00; Mo off,
鮨すばる,,식사,34.6904359,135.4953012,,
ラーメン大戦争,,식사,34.6791295,135.5015231,,
串ボーノ,,식사,34.6635155,135.505181,,
串カツ彩華,,식사,34.6654391,135.5056128,,
天麩羅 えびのや,,식사,34.6782728,135.5065525,,
カレーライス専門店 Tokumasa,,식사,34.6783066,135.5041796,,
元祖豚丼屋,,식사,34.6774525,135.5053269,,
和けい,,식사,34.6777924,135.4925202,,
わをん,,식사,34.6852628,135.4903742,,
串庵,,식사,34.6852247,135.4903885,,
ごふぁん,,식사,34.7040744,135.4876075,,
スパイス32,,식사,34.6945701,135.4884488,,
うらかみ,,식사,34.6947512,135.4886535,,
BULLS,,식사,34.678864,135.5143618,,
甘辛や,,식사,34.66398,135.5191239,,
亀すし,,식사,34.7007839,135.5015201,Mo 16:30-22:30; Tu-Sa 12:00-22:30; Su 12:00-21:30,
天麩ら そば切り なか川,,식사,34.7003971,135.5011516,Mo-Fr 09:00-02:00,
すきやきダイニングひろ,,식사,34.6950327,135.4883141,Su 17:00-23:00; Mo-Fr 18:00-18:00,
CHEESE HOLIC BAR,,식사,34.7026768,135.5159813,,https://cheeseholic.com/
Kitchen market Uka,,식사,34.6838997,135.5146635,,
CHELSEA,,식사,34.6840109,135.5146598,,
BAQUET,,식사,34.7042111,135.4963346,,https://www.saint-marc-hd.com/baqet
たわら,,식사,34.6624163,135.5242559,,
青地,,식사,34.6763645,135.4940552,Tu-Su 17:00-23:00,http://www.aochi.info/
たこ梅本店,,식사,34.6688274,135.505272,17:00-22:50,https://takoume.jp/
LE PONT DE CIEL,,식사,34.6903879,135.511019,,https://pont-de-ciel.co.jp/
嘉哩庵,,식사,34.6844762,135.5054125,,
福梅,,식사,34.6873431,135.5037467,,
カレー専門店B,,식사,34.6869473,135.5059204,,
WOOL HOMMACHI BEER ARCADE,,식사,34.6845133,135.5014564,,
an39,,식사,34.6973394,135.488608,Tu-Su 11:00-17:00,https://superfoodcafe-an39.com
とんかつジミー,,식사,34.6944544,135.4867757,,
すもぉーきー,,식사,34.6941993,135.487252,,
CASSEROLE CLUB,,식사,34.6942536,135.4872425,,
Hanaco+,,식사,34.6942616,135.4870554,,
うのう,,식사,34.6942193,135.4869396,,
こなつ,,식사,34.6942038,135.4868998,,
ダルバート,,식사,34.6943644,135.4873004,,
ラムストゥーリィは突然に,,식사,34.6943446,135.4868355,,
リトルモンスター,,식사,34.7024129,135.503692,,
scoop,,식사,34.6860367,135.5114763,,
とん太,,식사,34.6890443,135.5128857,,
都寿し,,식사,34.7398409,135.51464,,
土山人,,식사,34.6942894,135.4890033,,
鮭バルSalmonBear,,식사,34.6943286,135.4877673,,
焼肉獅子楼,,식사,34.6941741,135.4878948,,
なか田別邸,,식사,34.6957315,135.4897116,,
ウォーターフロント堂島,,식사,34.6938603,135.4895755,,
あいだ,,식사,34.7050235,135.5116412,,
ぼてぢゅう,,식사,34.668892,135.501657,,
豊しげ,,식사,34.7303984,135.5008411,,
老松喜多川,,식사,34.6963327,135.505296,,
荒凡夫,,식사,34.6963702,135.5053168,,
和豊,,식사,34.696723,135.50507,,
紋次郎,,식사,34.6675266,135.5193351,,
堀江 燈花,,식사,34.6695041,135.4951841,,
Himalaya spice,,식사,34.7099797,135.4959353,,
アシャール,,식사,34.6882356,135.5143073,,
MONTOMWORKS. mt.cafe & Design Dept.,,식사,34.7154755,135.4810448,11:00-17:00; Tu 11:00-16:00; We off,https://montomworks.com/
Oursblanc.,,식사,34.7164806,135.4805551,11:00-22:00; Tu off,https://oursblanc13.com/about/index.html
La Oliva,,식사,34.6839538,135.5095625,,
福星楼,,식사,34.6548469,135.505347,,
食生々,,식사,34.6860501,135.5118303,,
浜,,식사,34.6648285,135.5231271,,
うずまき十三総本山,,식사,34.7176182,135.4828271,"17:00-23:00 || ""不定休""",
VINOTECA,,식사,34.6782636,135.5072781,,
Kitchen Bar Shiki,,식사,34.6662938,135.5162696,,https://kitchen-bar-shiki.jp
出雲そば マルト,,식사,34.6887308,135.5167881,,
イカれた鮨屋,,식사,34.6937267,135.4868982,,
鮨永吉,,식사,34.6937519,135.4868722,,
ラーメン豚山,,식사,34.6776915,135.5011927,,https://www.gift-group.co.jp/butayama/
まどい鮨 優,,식사,34.6748662,135.5165697,,
まきの,,식사,34.6664483,135.5019151,Mo-Su 11:00-21:00,https://www.toridoll.com/stores/110983
焼肉ホルモン とくちゃん,,식사,34.7391783,135.5164051,,
tonton,,식사,34.6643135,135.5207513,,
上高地あずさ珈琲,,식사,34.6681618,135.4752365,,
中華料理 新幸,,식사,34.7332226,135.4895,,
ココカラサキゑ,,식사,34.7335237,135.4905704,,
Café Hi!,,식사,34.7334237,135.4900987,,https://hisuite-shinosaka.com
こがらや,,식사,34.7275065,135.4895594,,
VENISON by TERRA,,식사,34.7255976,135.4897547,,https://www.2001terra.com/
うどんばか東口店,,식사,34.7218512,135.4832641,,https://www.heisei-mengyo.com/
うどんばか平成製麺所,,식사,34.7195792,135.4753565,,
Pizzeria Morita,,식사,34.6758006,135.5153023,,
ののじ,,식사,34.7193163,135.4796154,,
ラーメン食堂 中野屋十三店,,식사,34.7191163,135.4797569,"Mo-Su 11:30-14:30,18:00-24:00",
本せきぐち,,식사,34.6662816,135.5053645,,
ヒルマンレストラン,,식사,34.663667,135.5031414,,
DAN,,식사,34.6891791,135.5115087,,
カトゥール,,식사,34.6890368,135.5114771,,
林泉,,식사,34.68811,135.5114825,,
ABC,,식사,34.6872488,135.5114597,,
珉龍,,식사,34.6753984,135.5084396,,
TRATTORIA Pont-I'Abbè,,식사,34.6753982,135.5083789,,http://pont-labbe.com/
栄,,식사,34.6958236,135.5169779,,
道頓堀みつる,,식사,34.6658665,135.5178834,,
らきせぶ,,식사,34.6739606,135.5184468,,
Le progrès,,식사,34.6946784,135.4942323,,
麺処ふな井,,식사,34.6644461,135.5216336,,
中華そば うえまち,,식사,34.6769313,135.5210438,,
i4hara,,식사,34.6773237,135.5207369,,
割烹とんぼ,,식사,34.6761894,135.5209942,,
うどん道場,,식사,34.6759956,135.5210736,,
デジゴリラ,,식사,34.6849208,135.514667,,
Comfort Zone 8 京いたりあん,,식사,34.718114,135.4786374,,https://comfortzone8kyoitarian.com/
ル・カネトン,,식사,34.6740494,135.5180211,,http://www.le-caneton.com/
牛と野菜 そうや,,식사,34.6642851,135.5177971,,
谷町このむ,,식사,34.684244,135.5118583,,
つやみ,,식사,34.7313922,135.5080034,,
しづ,,식사,34.7184295,135.4799089,,
依屋,,식사,34.6640484,135.5055636,,
ラー麺マン,,식사,34.6876705,135.5091473,,
田なか（仮）,,식사,34.6881598,135.5159323,,
らーめんまる,,식사,34.6879226,135.5159193,,
焼肉 けむたい家,,식사,34.6898892,135.5141406,,
みふ,,식사,34.6895787,135.5055315,,
ビタミンパラダイス,,식사,34.6895309,135.5059558,,
L'orma attiva,,식사,34.6892785,135.5038569,,
もつ鍋 いで,,식사,34.7353555,135.480894,,
MERCY Vegan Factory,,식사,34.669979,135.5133594,Su-Fr 08:00-17:00,https://shop.mercy-vegan.jp/
chamois,,식사,34.6710557,135.4796199,,
いちふく,,식사,34.6740671,135.4873763,,
北堀江　宝堂,,식사,34.6730885,135.4865133,10:30-18:00,
杉玉,,식사,34.7258617,135.4997365,"Mo-Th 11:30-14:30,17:00-23:00, Fr 11:30-14:30,17:00-24:00, Sa 12:00-23:00, Su,PH 12:00-22:00",
おきなわステーキ酒場さぎり,,식사,34.7075428,135.5086508,,
NEW Rajasthan,,식사,34.7075125,135.5083692,,
馬六甲,,식사,34.7074384,135.5084759,,
定園,,식사,34.7075652,135.5088495,,
長崎五島うどんの店 510,,식사,34.7074754,135.5088399,,
麺や拓,,식사,34.6730055,135.4902353,"Mo-Tu,Th-Su 11:00-15:00",https://www.food-league.com/
SHIM'S,,식사,34.6729842,135.4832914,Tu-Sa 10:30-16:00,
trattoria 810,,식사,34.6767262,135.4879139,Tu-Su 11:30-14:00,
あびあんと,,식사,34.6738275,135.4870474,,
黒門　小雀弥(こがらや),,식사,34.6723704,135.4881962,11:00-06:00,
割烹 八彩,,식사,34.7390921,135.4994391,"12:00-15:00,17:00-23:00",
Vin Vino,,식사,34.7394384,135.4997329,,
虹,,식사,34.7394724,135.4996516,,
松吟庵,,식사,34.7402868,135.4992802,,
嵯峨野,,식사,34.7407101,135.5039838,,
丼丸,,식사,34.7406138,135.5014758,,
BISTORO LE VISAGE,,식사,34.7408484,135.5016878,"Mo-Sa 11:30-14:00,18:00-25:00; Su 18:00-25:00",
すし処 和,,식사,34.7408513,135.501751,,
ステーキ きらく,,식사,34.7408324,135.5018237,"11:00-14:30,17:00-22:30",
串久,,식사,34.7408546,135.5020698,,
アカウシ,,식사,34.7406698,135.502433,,
SAKURA,,식사,34.7405164,135.5034429,,
いちかわ,,식사,34.7406626,135.5023794,,
明治軒,,식사,34.6726768,135.5022183,,https://www.meijiken.com/
浪花オムライス,,식사,34.6765861,135.5010758,,https://www.facebook.com/naniwaomuraisu
グリル ばらの木,,식사,34.6720729,135.5026478,,
this one,,식사,34.6748075,135.4839578,,
成金屋食堂,,식사,34.6729862,135.483545,,
みやざき,,식사,34.7400402,135.5026784,,
Binita,,식사,34.7383673,135.4957733,11:00-22:30,
Sotto L'Albero,,식사,34.739825,135.497329,,
おもてなし,,식사,34.73994,135.4974226,Mo-Sa 17:00-23:00,
南蛮食堂,,식사,34.7400617,135.4974113,,
バラの木,,식사,34.7401467,135.4974156,,
焼肉 しまだ家,,식사,34.7398365,135.4989424,Mo 17:00-22:00; Tu-Su 17:00-23:30,
SAFAL,,식사,34.7398344,135.5019949,"Tu-Su 11:00-15:00,17:00-22:30",
肉匠 牛虎,,식사,34.7278082,135.4981896,"Mo-Sa 11:30-15:00,17:00-24:00; Su 11:30-15:00,17:00-23:00",
Buff,,식사,34.7278072,135.4978857,"Mo-Fr 19:00-24:00, Sa,Su 19:00-24:00",
大板やきそば センター,,식사,34.7278488,135.4979888,"Mo-Fr 11:30-14:00,17:00-23:00; Sa,Su,PH 17:00-23:00",
Rivage,,식사,34.729548,135.4979236,,
Bubble Net,,식사,34.6777038,135.4920565,Mo-Su 18:00-28:00,https://bubblenetjp.amebaownd.com/
そば処 信,,식사,34.7377903,135.4967095,,
情熱うどん 讃州,,식사,34.7376763,135.4979296,"Mo-Fr 11:30-14:30,17:30-22:00",
タージマハル,,식사,34.7384555,135.5025533,"11:00-15:00,17:00-22:00",
太養軒,,식사,34.7405652,135.4955978,,
肉匠 紋次郎,,식사,34.7403765,135.4958603,"Mo,We-Su 17:00-23:00",
すし久,,식사,34.7404328,135.4971174,17:30+,
Lumbini,,식사,34.7399448,135.5146274,"11:00-15:00,17:00-22:00",
Momo's,,식사,34.6702977,135.5015986,,
グランドゥーカ,,식사,34.6647807,135.499203,"Mo-Su 11:30-15:00,17:00-22:00",https://gd74506.gorp.jp/
鮨はなふさ,,식사,34.68593,135.5143214,,
kenny.row.,,식사,34.6945491,135.4856342,,
道頓堀 一明,,식사,34.6687924,135.5021028,Mo-Su 11:30-21:30,https://ichiaki.gorp.jp/
あっちち本舗 通天閣店,,식사,34.6520591,135.5058047,,
咲璽季～素食,,식사,34.6481859,135.5077342,"We-Fr 11:00-14:00, 17:00-21:00; Sa-Su 09:00-14:00, 17:00-21:00",https://saijiki-syojin.com
多忙飯店,,식사,34.7115747,135.4930221,,
串かつ ひょうたん 本店,,식사,34.6654263,135.5037102,,https://www.kushi-hyoutan.jp/
まぐろのエン時,,식사,34.665637,135.506926,,https://grocery-store-901.business.site/
うなぎ高木水産,,식사,34.6652697,135.5067204,,
まるたこ,,식사,34.6667021,135.5081846,,https://takoyaki-stand-781.business.site/?utm_source=gmb&utm_medium=referral
オムちゃん食堂,,식사,34.7075827,135.511607,"Mo,We-Su 11:30-16:00,17:00-22:00; Tu off",
こころカレー食堂,,식사,34.7409647,135.5122859,,
石田一龍,,식사,34.7084522,135.5112203,,
おらが蕎麦,,식사,34.7050096,135.5112997,,
光来家,,식사,34.7050807,135.5114736,,
第二アイヤー本店,,식사,34.7061427,135.5118198,,
鶏玉,,식사,34.7073384,135.5112579,,
つくもうどん,,식사,34.7033091,135.5113364,,http://www.kobe505.co.jp/restaurant/osaka/post_8.html
東海園,,식사,34.7034312,135.5115435,,
くそオヤジ最後のひとふり,,식사,34.7039171,135.5115439,,
すし半,,식사,34.7039721,135.5115533,,https://www.sushihan.co.jp/store/0663518080/
天四食堂,,식사,34.7044427,135.5113361,,
市,,식사,34.7011721,135.5114677,,http://www.sakanayaichi.com/
兎,,식사,34.7022417,135.5117816,,
中も津屋,,식사,34.6992487,135.511709,,
めん房 ごえ門,,식사,34.68065,135.50919,"Mo-Fr 11:00-14:30, 17:30-22:00",
ポルポ,,식사,34.6952924,135.5119009,,
楽園食堂パラカフェ,,식사,34.6945861,135.5120049,,
天鳳,,식사,34.6962653,135.5116939,,
大黒家,,식사,34.7297949,135.5038244,,
JINANBOU,,식사,34.7299916,135.5033221,,
Ripasso,,식사,34.7300813,135.5033343,,
マダン,,식사,34.7313213,135.5036362,,
マイカリー食堂,,식사,34.7339344,135.5029741,,
秀月,,식사,34.7336062,135.5028778,,
T's Cafe,,식사,34.7333811,135.5029218,,
Shuku,,식사,34.7319993,135.503256,Mo-Fr 17:30-21:30,
COVOJEAN,,식사,34.7104812,135.4947291,,
次玄,,식사,34.7326781,135.5045661,,
元気屋,,식사,34.732307,135.5044533,Mo off; Tu-Su 17:00-24:30,
香香閣,,식사,34.7322518,135.5044331,,
もんちゃま,,식사,34.7332141,135.5043352,,
多美,,식사,34.7379605,135.5143869,,
bills,,식사,34.7027054,135.4951916,,
ススス,,식사,34.7114875,135.4930402,,
寿し宏,,식사,34.7382957,135.4974515,,
raffinato,,식사,34.6613695,135.5177276,,
麺の香,,식사,34.7350807,135.4978243,"Mo-Sa 11:00-15:00,17:00-20:30; Su,PH off",
雄,,식사,34.7388522,135.4996651,Mo-Sa 17:00-22:00; Su off,
松本 別邸,,식사,34.7386038,135.4974061,,
宮っ子ラーメン,,식사,34.7198185,135.4834238,,
안녕하세요,,식사,34.7395082,135.5030364,17:00+; Tu off; Mo[3] off,
イル ピアット,,식사,34.6886199,135.5153555,,
龍徳翅,,식사,34.6965572,135.488809,,
裏なんば 虎目横丁,,식사,34.6655325,135.5047348,,
PiCKLE,,식사,34.7375264,135.4971728,,
東京ガパオ,,식사,34.7045769,135.4958995,,
香港茶龍,,식사,34.7041943,135.4959463,,
焼肉こじま離れ,,식사,34.7091371,135.5017112,"Mo-Su 11:30-14:30,17:00-23:00",
らくらく亭,,식사,34.709878,135.503692,Mo-Fr 11:00-20:00; PH closed,
中華料理 八番,,식사,34.7076521,135.505239,,
薔薇園,,식사,34.707794,135.5056675,,
French Chicken Noodles,,식사,34.7258631,135.4994511,,
とり軍,,식사,34.7087372,135.5079474,Mo-Su 17:00-23:00,
WHY BOWL,,식사,34.7071579,135.5095587,,
TAB,,식사,34.7073037,135.509554,,
こまいち,,식사,34.7076659,135.5098705,,
時屋レスポワール,,식사,34.7079509,135.5106577,,http://tokiya.jp.net/
餃子の勝,,식사,34.7080181,135.5106302,,https://gyouzanokatsu.com/
グリル ポテト,,식사,34.7073613,135.5067682,,
東紅園,,식사,34.7074559,135.5075873,,
Asso da yamaguchi,,식사,34.7074498,135.5078045,,
竹乃膳,,식사,34.7074812,135.5079715,,
焼肉 万福,,식사,34.7073643,135.5080084,,
ベジタブルキッチン オニオン,,식사,34.7078191,135.5095235,,https://www.d-c-t-k.net/onion
玄風館 桜,,식사,34.7051618,135.5233573,,
花甜茶房,,식사,34.7058265,135.523224,,
Jyoti,,식사,34.7400223,135.4937532,"11:00-15:00,17:00-22:00",
焼肉 平和,,식사,34.6481656,135.5144477,,https://yakiniku-heiwa.gorp.jp/
ハラペコ食堂,,식사,34.6484453,135.5137762,,https://www.harapeco.jp/
すしセンター 裏天王寺,,식사,34.6486581,135.5141851,,
焼肉 安兵衛,,식사,34.6487113,135.5139599,,
お好み焼 きくや,,식사,34.6487341,135.5137987,,
キッチン マカロン,,식사,34.6591327,135.4750474,,
しゃぶ葉,,식사,34.6747987,135.5016151,,
西安家庭料理 秦小天,,식사,34.7371693,135.5022486,,
DEVI,,식사,34.6721798,135.4961898,"Mo-Su 11:00-15:00,17:00-23:00",
King Chicken,,식사,34.7399419,135.5023359,Mo-Fr 11:00-20:00,
鮓直,,식사,34.6945801,135.5134377,,
中華料理 會元楼,,식사,34.6956873,135.5167291,,
美味屋,,식사,34.7124714,135.5120783,,
東昇軒,,식사,34.7193961,135.4823438,11:00-23:00,
Cafeteriaペッシェ ネロ,,식사,34.7209775,135.4812998,16:00-22:00,
芙蓉麻婆麺,,식사,34.7212109,135.4879839,,
らーめん ばっこ志,,식사,34.7205978,135.4828455,,
もんじゃ&鉄板ワイン酒場 JUJUJU,,식사,34.7195834,135.4807194,,https://www.instagram.com/monja_teppan_jujuju/
めがねや,,식사,34.7215574,135.4808058,,https://meganeya-jyuso.owst.jp/
TAVERNA 89,,식사,34.7222654,135.4894519,,
串かつ角栄,,식사,34.7191751,135.4804892,,https://kakuei.gorp.jp/
いっとく,,식사,34.651932,135.5062567,,
近江屋本店,,식사,34.651912,135.5062988,,
恵美須4専門店,,식사,34.6534322,135.5060158,,
焼肉屋かつら,,식사,34.6519412,135.5052895,,
いっとく総本店,,식사,34.6510258,135.5059055,,
たこ焼き,,식사,34.6510008,135.5059572,,
たこ焼き一番,,식사,34.6508862,135.5064709,,
味の大丸,,식사,34.6508616,135.5066118,Mo-Su 11:00-20:30,
漁師小屋,,식사,34.6511443,135.5065107,,
焼肉ホルモン昭和,,식사,34.6508808,135.5065312,,
串カツどて焼き いるり,,식사,34.6510798,135.5063179,,
串カツホルモン専門店 朝日,,식사,34.6511019,135.5062096,,
串カツ新世界,,식사,34.6509806,135.5060739,,
すぱじろう,,식사,34.7047697,135.4966295,,
鳥焼 とり丸,,식사,34.7260831,135.4875977,,
十三すし屋台,,식사,34.7182903,135.4761186,,
北の屋,,식사,34.7188618,135.4762254,,
天山閣,,식사,34.665348,135.5185896,,
菱や,,식사,34.711073,135.4994676,,
うの花,,식사,34.6655987,135.5187532,,
沖縄料理 ちばり家,,식사,34.7390948,135.5163102,16:00-24:00,
ランペ,,식사,34.7407352,135.5164964,Fr-Su 11:30-14:30,
肉のあさつ,,식사,34.6994615,135.5005954,,
豚まに,,식사,34.6994891,135.5006214,,
榮華亭,,식사,34.6994615,135.50062,,
こめとやさい,,식사,34.6866541,135.5163571,,
Trattoria Cielo,,식사,34.7289492,135.4958104,"11:30-14:30,17:30-22:00",
餃子工房 ギョィィィィィィン,,식사,34.7259249,135.5006147,,
焼肉 韓国料理 瑞英,,식사,34.7261027,135.50057,,
海鮮茶屋貝族料理 みのしょう,,식사,34.7260725,135.5007953,,
千利,,식사,34.7196323,135.4854295,,
といとい,,식사,34.6994239,135.5025637,,
壱庵,,식사,34.6996923,135.5025162,,
八華,,식사,34.6996489,135.5008727,,
焼肉 力丸,,식사,34.6996481,135.5010089,,
やきとり こけこっこ,,식사,34.6645107,135.5213637,,
らんらんルー,,식사,34.6735531,135.5162763,,
NOOM,,식사,34.684968,135.4955825,,
ラーメン男塾！！,,식사,34.6613742,135.5050613,,
Yakiniku Taru,,식사,34.6629625,135.5055621,,
生ホルモン　いただき,,식사,34.709815,135.4957619,,
おおくら,,식사,34.673488,135.4962523,11:00-23:00,
エガオ　バインミー,,식사,34.740217,135.515393,,
大淀信州そば,,식사,34.7039486,135.4854601,,
うばら,,식사,34.6669979,135.5227194,,
菜都,,식사,34.666926,135.5227178,,
骨付鳥 一鶴 心斎橋店,,식사,34.6702937,135.5006038,,
あしべ,,식사,34.6794355,135.5073098,,
敦煌,,식사,34.6981665,135.4952396,,
だしと小麦の可能性,,식사,34.6647084,135.5057756,"Tu-Fr 11:00-14:30; Sa-Su 11:00-14:30, 17:00-20:00",
五郎寿し,,식사,34.6717002,135.5024582,,
ソウルカンジャンケジャン,,식사,34.6744801,135.5034298,,https://seoul-kanjang-gejang.owst.jp/
俺のフレンチイタリアン,,식사,34.6744343,135.5024361,,https://www.oreno.co.jp/restaurant/french_italian_shinsaibashi
みずどり。,,식사,34.67397,135.5022933,,http://www.mizu-dori.com/
とり匠,,식사,34.6739215,135.5024602,,https://www.instagram.com/torishou.sinsaibasi/
大阪焼肉・ホルモン ふたご,,식사,34.6739027,135.5022872,,https://yakiniku-futago.com/
麟家厨房,,식사,34.6986488,135.4989292,,
油そば きりん寺,,식사,34.7038203,135.50092,,https://www.suzume-group.co.jp/kirinji/
Hide Away,,식사,34.7038132,135.5008154,,
とんかつ 小ばやし,,식사,34.7038088,135.5007604,,
博多もつ鍋 やまや,,식사,34.7038071,135.5007061,,https://restaurant-yamaya.com/
らーめん 亀王,,식사,34.7026379,135.5009307,,https://www.kiou.co.jp/
俺のフレンチ,,식사,34.7021577,135.5008301,,https://www.oreno.co.jp/restaurant/french_umeda
ゆいの,,식사,34.6646475,135.5214589,,
さかな食堂 とらまる,,식사,34.6645493,135.5216388,,
菊池,,식사,34.6960229,135.4971032,"Mo-Fr 17:00-23:30; Sa 17:00-23:00; Sa[3],PH off",
ステーキ屋根裏,,식사,34.6961138,135.497071,,https://www.instagram.com/steak.yaneura
仔牛,,식사,34.6963021,135.497093,,https://www.instagram.com/koushi7575
サケトメシ,,식사,34.6754716,135.4754826,,
味ヒーロー,,식사,34.6753674,135.4756301,,
伍久楽,,식사,34.6754165,135.4756784,,
千年UDON,,식사,34.6751683,135.4772374,,https://1000udon.com/
春日亭,,식사,34.6621907,135.5053919,,
HEY,,식사,34.6593618,135.5056667,,
こいろり,,식사,34.6593939,135.5056337,,
家庭料理　穂光,,식사,34.7111934,135.4990072,,
聚香園,,식사,34.7119997,135.4998794,,
グリル　アイ,,식사,34.7108856,135.4986366,,
焼肉ソウル,야키니쿠 서울,식사,34.6569926,135.4943968,,
李香,,식사,34.6760968,135.4837053,,https://chinese-lixiang.net/
ちゃ味鶏,,식사,34.6760849,135.4841123,,
鮓 あさ吉,,식사,34.6765451,135.4846793,18:00-22:00; Mo off,
焼肉 らくはち,,식사,34.6761307,135.4829258,17:00-23:00; We off,https://tabelog.com/osaka/A2701/A270105/27118352/
ますや,,식사,34.7243227,135.4866991,,
麺スタイル谷本家,,식사,34.6811966,135.5014394,11:00-22:00,https://tanimotoke.menstyle.jp/
中華そば フラン軒,,식사,34.6802603,135.5013824,,
味べい 丼池店,,식사,34.6801114,135.5023903,,
味万,,식사,34.6797094,135.501363,,
功夫蘭州ラーメン,,식사,34.6796215,135.5013721,,
にーぼ,,식사,34.6651684,135.4804314,,
ハンバーガー・ママ,,식사,34.6650722,135.4803875,,
七里香,,식사,34.6637127,135.4797345,,
かど家,,식사,34.6662457,135.4785826,,
お食事処 てる,,식사,34.7092714,135.5245834,,
さかえ,,식사,34.7027337,135.502837,,
鉄鍋餃子,,식사,34.7008122,135.5031145,,
まさる,,식사,34.6594213,135.5094739,,https://masaru.biz-option.com/
グリル ムビー八戸,,식사,34.6592283,135.5098318,,
大阪　松下,,식사,34.7090805,135.5017223,Tu-Su 11:00-20:00,
サント★ロペ,,식사,34.709337,135.5018269,,https://tropez-diner.com/
季節の鍋　縁,,식사,34.7093121,135.5022237,,
鰻の成瀬,,식사,34.6996461,135.5006289,"11:00-14:00,17:00-20:00",https://www.unagi-naruse.com/archives/19
ホルモン道場 焼肉 尚,,식사,34.7386437,135.5065307,17:00-23:00,
チカッパ,,식사,34.678667,135.510385,,
エウレカ,,식사,34.6771982,135.5106158,"Mo off; Tu-Su 11:30-15:00,17:00-22:00",
禄樹園,,식사,34.6742976,135.4930403,,
ニューベイブ,,식사,34.6744013,135.4930383,,https://www.instagram.com/newbabe_0329/
That's Pizza,,식사,34.6725395,135.4904044,,https://thats-pizza.org/
旬菜ゆらり,,식사,34.6569302,135.5075051,,
遙華,,식사,34.6984752,135.4994338,,
老派酒肆,,식사,34.6587446,135.505982,,
蕎麦とラー油で幸なった。,,식사,34.6587642,135.5066589,,
芙蓉苑,,식사,34.6748667,135.5066083,,
串樽,,식사,34.7109584,135.4987666,,
大淀　信州そば,,식사,34.7108696,135.498516,,
てんぐ,,식사,34.7109932,135.4987571,,
銀座鮨,,식사,34.6692956,135.5042146,,
Toyoさんの台所,,식사,34.6753833,135.5103273,Mo-Sa 16:00-23:30,
歴史を刻め日本橋,,식사,34.6562507,135.5049756,,
一釜食堂,,식사,34.6562294,135.5041713,,
寿司広,,식사,34.7340733,135.5039843,,
ツキノワ,,식사,34.6793899,135.5105744,11:30-16:00,
AKASH,,식사,34.6793422,135.5105506,"11:00-15:30,17:00-23:00",
マドラス,,식사,34.6796431,135.5105087,,
L'orma,,식사,34.6792283,135.5083334,,
NINNA MANNA,,식사,34.6795531,135.5082815,,
RISTRANTE SPELLO,,식사,34.6810097,135.5076007,,
Sukhasana Pozzuoli,,식사,34.679021,135.5118124,,
Kitakyuuoji Tsugaya,,식사,34.6800326,135.5104787,,
一風亭,,식사,34.6760424,135.5104338,,
Bistro MOUSQUETON,,식사,34.6754721,135.5106071,,
裕華樓,,식사,34.7031475,135.5048425,"Mo-Sa 11:00-14:30,17:00-23:00; PH closed",
食彩と縁 小森,,식사,34.6772026,135.5092113,,
YUZAN,,식사,34.6757617,135.5091745,,
ココカラ,,식사,34.6763333,135.5093535,,
そがん,,식사,34.6651,135.5181325,,
船場亭,,식사,34.6758874,135.5070153,,
塩町 おばこそば,,식사,34.6758086,135.5072372,,
串やき処 軒先,,식사,34.6546341,135.49932,,
にくまるや,,식사,34.6829924,135.5063287,11:00-23:00,
JTBistro,,식사,34.7208315,135.4832076,,
アマゾネス・ブッチャー,,식사,34.7209152,135.4830237,11:30-14:45,
立ち食い寿司 ゲンヤ倶楽部,,식사,34.7207916,135.4830577,,
4坪 牡蠣小屋 キヨリト,,식사,34.7207485,135.4835108,,
Bleu,,식사,34.6694143,135.4959831,,
The Lively Kitchen,,식사,34.6828157,135.5076926,,
中華そば 那由多,,식사,34.7212726,135.4832868,,https://tabelog.com/osaka/A2701/A270302/27140783/
goodspoon,,식사,34.6910636,135.5006219,,
Kohaku,,식사,34.7069645,135.5008245,,
淀,,식사,34.7205568,135.4828288,Mo-Su 09:00-22:00; PH 09:00-20:00,
ニューナンバーワン,,식사,34.7122274,135.5078597,,
カルクオーレ,,식사,34.7122881,135.5080888,,
羽柴家ろうす,,식사,34.7359755,135.5136998,17:00-24:00,
丼丼亭,,식사,34.7025109,135.4997841,,
牛たん焼き 仙台 辺見,,식사,34.7026364,135.4999225,,
居酒屋新,,식사,34.6711371,135.5081496,Th-Tu 17:30-02:00,https://izakayashin.net/
Re:Dinner,,식사,34.6998186,135.5199918,,
いろはにほへと,,식사,34.6999697,135.5199502,,
ざく,,식사,34.6999708,135.5200374,,
肉匠六感 はなれ,,식사,34.7000843,135.5200468,,
掌,,식사,34.70021,135.5199637,,
アショカCafe&Bar,,식사,34.7001218,135.5199435,,
ROYAL EVEREST,,식사,34.6662869,135.5248933,,
焼肉心たけ,,식사,34.696566,135.5017201,,
Ohana,,식사,34.6973095,135.4996066,,
華風　一軒目,,식사,34.6972824,135.4996019,,
いしかわ,,식사,34.7404449,135.5155447,,
おでん 八重福,,식사,34.7095281,135.4990026,,
ガテン,,식사,34.6697015,135.4988827,,
小ぼけ,,식사,34.6919956,135.5031334,,
十方,,식사,34.6696973,135.4994866,,
一蓮家,,식사,34.669736,135.4995373,,
博多女,,식사,34.696243,135.5006852,"Mo-Fr 18:00-02:00; Sa 18:00-23:00; Su,PH off",
NISHIDERIA 堀,,식사,34.6971266,135.5005961,,
彩り鍋 さかい,,식사,34.6971646,135.5006115,,
のり友,,식사,34.7284135,135.5058662,"Mo,Su[1,3] off; Tu-Su 17:30-23:00",
バッファローマン,,식사,34.7309002,135.5024868,,
串揚厨房 Kanta,,식사,34.6968314,135.4916489,,
あずまママ の できたてキッチン,,식사,34.6652908,135.5041656,,
Fuku,,식사,34.6983077,135.5023554,,
中華料理 ココ,,식사,34.7394235,135.4944406,,
キッチン　はな,,식사,34.7394063,135.4942026,,
炭火焼鳥専門　蔦,,식사,34.7393456,135.4938621,,
幸ちゃんラーメン,,식사,34.7407465,135.4932623,,
お好み焼き 好きやねん,,식사,34.6711393,135.5074355,We-Mo 17:00-23:00,
立ち寿し しおや,,식사,34.7036615,135.4982551,,
弐ノ弐,,식사,34.7036586,135.4983371,,
Sakura,,식사,34.7035251,135.4983849,,
堂島＋Dining,,식사,34.6957131,135.4943253,,
うさぎや,,식사,34.653853,135.505927,Fr-We 12:00-20:00,
豚とん拍子 難波千日前店,,식사,34.6654289,135.5038285,We-Mo 17:00-00:00,https://tontonnamba.owst.jp
うどん処いづも,,식사,34.7386125,135.4848964,"Mo-Fr 11:00-15:00,17:30-21:00; Sa-Su,Mo[4] off",
たこ焼き酒場まるはち,,식사,34.7340261,135.4893903,"11:00-14:30,17:30-22:00",
1004〜てんし〜,,식사,34.7388443,135.4863932,"Mo,Su off; Tu-Sa 11:30-14:30,17:30-22:00",
揚子江ラーメン　林記,,식사,34.7004533,135.5038631,,
西松屋,,식사,34.7007377,135.5037973,,
すし処 ひでまる,,식사,34.6880531,135.5159114,,
Pizza Cinq,,식사,34.6963141,135.5078399,,
煮干しらーめん 玉五郎 黒門店,,식사,34.6652856,135.5065584,,
ペゴパヨ,,식사,34.7028995,135.5031767,,
Naniwaku-inari Maru,,식사,34.6637081,135.4908042,,
牛串あきね,,식사,34.7216204,135.4815537,,https://gyuukushi-akine.com/
きりんホール食堂,,식사,34.7028685,135.503805,,
TAISHITA,,식사,34.7280069,135.5026103,"Mo-Fr 11:00-14:30,17:00-20:00; Sa,Su,PH off",
うどん食堂まる,,식사,34.7164104,135.48061,,
もんじゃ焼き　しるく,,식사,34.7076776,135.5017531,,
中津川,,식사,34.6676995,135.503563,,
串料理 いづも,,식사,34.6676986,135.5035271,17:00-24:00,
ビャンビャン麺 朋友,,식사,34.6710928,135.509405,11:00-00:00,
ロイヤル エベレスト ブッダ,,식사,34.7314128,135.5058488,,
大鮨,,식사,34.7312104,135.5061223,,
天神大吉,,식사,34.7312383,135.506457,,
てっちり 福力,,식사,34.6644461,135.519179,,
きた寿司,,식사,34.6995023,135.5015175,,
よこ田,,식사,34.6994019,135.5017571,,
ふぐ天神,,식사,34.6995223,135.50266,,
こちゅ,,식사,34.7228184,135.4906282,,
藤山,,식사,34.7233483,135.4867956,,
エベレストキッチン,,식사,34.7233705,135.4867551,,
韓国料理 海雲台,,식사,34.719907,135.4789533,,
スパイスカレーとカヌレのお店 pole pole,,식사,34.7188774,135.4761815,"Mo-Tu,Fr-Su 11:30-19:30; We 11:30-14:00; Th off",
WINE cafe 67,,식사,34.7220211,135.483886,,
まるっひ K2,,식사,34.7227892,135.484871,"Mo,We-Fr 11:30-19:00",
喜仙はなれ,,식사,34.7251247,135.4904997,,
IRUAERU,,식사,34.6930439,135.511189,,
まんぷく,,식사,34.7219429,135.4833957,,
焼肉ホルモン瞭,,식사,34.7216878,135.4832656,,
焼肉ホルモンとくちゃん,,식사,34.720782,135.4828308,,
Pivot BASE,,식사,34.6686273,135.5024235,"Mo-Fr 11:30-24:00; Sa,Su,PH 11:00-24:00",
sumile OSAKA,,식사,34.694805,135.5039254,,
YAKINIKUEN 忍鬨,,식사,34.6664037,135.5057614,,
ALLEGRO,,식사,34.6664764,135.5044781,,
麦と鶏,,식사,34.7085145,135.510985,,
焼肉ここから,,식사,34.7074377,135.5110319,,
喜楽亭、,,식사,34.6634543,135.516895,,
旬創菜 じんや,,식사,34.7258274,135.4975322,,
U/,,식사,34.6842575,135.5083718,,
真菜也,,식사,34.7058712,135.4992445,,
焼肉ふうふう亭,,식사,34.7061998,135.4990104,,
焼肉六甲,,식사,34.7079867,135.4991244,,
Nobu,,식사,34.7059771,135.4974475,17:00-24:00,
ひげ,,식사,34.7067216,135.4977941,,
タコハウス,,식사,34.7066539,135.4978199,,
和牛亭,,식사,34.7066179,135.4978173,,
大松,,식사,34.7057845,135.4975347,,
蝋燭屋,,식사,34.707089,135.4982684,,
un demi,,식사,34.7102433,135.4961351,,
密教,,식사,34.7111003,135.4981046,,
仙酢,,식사,34.7060161,135.4974138,,
鬼に金棒,,식사,34.7061287,135.4974413,,
お好み焼きメロディ,,식사,34.7062508,135.4976105,,
イタフレ酒場シェアシェア,,식사,34.7063101,135.4976271,,
たこ伊焼,,식사,34.706165,135.497524,,
農絆卓恵,,식사,34.7060929,135.4994203,,
らーめん 3729,,식사,34.6634325,135.5197043,,
瑞炎,,식사,34.7085596,135.4969478,,
Griante,,식사,34.7055297,135.4975695,,
土佐清水ワールド,,식사,34.7055444,135.4975909,17:00-23:00,
THE JACKSON GARDEN,,식사,34.7039544,135.4917186,,
COURAGE,,식사,34.7399667,135.4954424,,
MAGIC SOLEIL 太陽と魔法のレストラン,,식사,34.7040258,135.5019697,,
手打ちうどん がんちゃん,,식사,34.6853548,135.5035096,,
はなたれ,,식사,34.6992714,135.5033316,,
いわさき,,식사,34.6993586,135.5033726,,
ふぐ乃介,,식사,34.6994356,135.5033815,,
天すし,,식사,34.6995106,135.5029503,,
てげ,,식사,34.6654013,135.51886,,
トミオ,,식사,34.6479791,135.5249358,,
横浜家系ラーメン 独覚家,,식사,34.6484732,135.5243489,,
焼肉どら,,식사,34.6479396,135.524567,,
まるよし,,식사,34.6569523,135.4996002,,
hanakin,,식사,34.6575842,135.5006129,,
LUU's BAO vegan bao speciality shop,,식사,34.6576755,135.5055707,Mo 11:00-16:00; Th-Su 11:00-16:00,
心斎橋肉劇場,,식사,34.6704267,135.5010678,,
請来軒,,식사,34.719904,135.482137,,
十三代目麺屋よし川,,식사,34.7202387,135.4819634,,
麺や 恵,,식사,34.6828406,135.5152896,,
まるふ食堂,,식사,34.6829813,135.515285,,
Tibet Restaurant&Cafe gallery SNOW LION,,식사,34.6789769,135.4957967,,
麺工房,,식사,34.6781831,135.5169171,,
蜀味天下,,식사,34.6737857,135.5035128,Mo-Fr 15:00-22:30; Sa-Su 11:00-22:30,
Sakasushi,,식사,34.6692361,135.5006215,Mo-Su 11:30-23:00,
Minh Anh,,식사,34.6663238,135.5048072,,
Olympic,,식사,34.6641685,135.5041042,Tu-Su 12:00-00:00; Mo 17:00-00:00,
K-story,,식사,34.6678117,135.5009308,Mo-Su 12:00-00:00,
Fantasy Food Garden,,식사,34.6667247,135.5019174,Mo-Su 12:00-00:00,
Ngon巻,,식사,34.6989839,135.5035739,,
ぶどう亭,,식사,34.6990661,135.4994952,,
ささがわ,,식사,34.7233207,135.4888989,,
たま寿司,,식사,34.664284,135.5216117,,
kurogeWague,,식사,34.6647648,135.5044008,,
チャイニーズカフェ ゆめや,,식사,34.7145252,135.5160379,,
Folk茶菓,,식사,34.6952202,135.4881816,Fr-Tu 10:00-19:00,
田毎そば,,식사,34.7052932,135.497904,,
博多もつ鍋 いっぱち,,식사,34.6655506,135.5186005,,https://www.enjoytokyo.jp/spot/g_kbhb112/
洋食シバタ,,식사,34.7196512,135.480391,,
404 Not Found,,식사,34.6994681,135.5013726,,https://notfound.osaka/
お好み焼き えっちゃん,,식사,34.7260847,135.4886061,,
山西刀削麺,,식사,34.654872,135.497583,,
餃子558,,식사,34.6543742,135.498054,,https://www.instagram.com/gyoza.558/
菜々人,,식사,34.6874445,135.5057627,,
Diwali,,식사,34.6889299,135.5064024,,
タラキッチン 北浜店,,식사,34.6887397,135.5086219,,https://tarakitchen.foodre.jp/
そば 丸平,,식사,34.6867205,135.5083544,,
町中華パンダ厨房,,식사,34.7002258,135.5007231,,
もりもり寿し,,식사,34.6699382,135.4779563,Mo-Su 11:00-22:00,http://www.morimorisushi.com/index.html
麺処 山城,,식사,34.7396382,135.516145,,
悠.mom,,식사,34.7398057,135.5020335,,
あばらや,,식사,34.6649105,135.504543,Mo-Sa 16:00-23:00,https://abaraya-namba.gorp.jp/
中華料理隆福,,식사,34.7188451,135.4798878,,
キヨミズホール,,식사,34.7036975,135.4910026,,
boo boo boo,,식사,34.7058307,135.4924737,,
やたがらす,,식사,34.6828886,135.516922,,
喜楽園,,식사,34.6826784,135.5169339,,
味雅軒,,식사,34.728635,135.5002789,,
釣船　生駒,,식사,34.7286227,135.499967,,
ひまわり亭,,식사,34.6645908,135.5232539,,
スシ政,,식사,34.6644379,135.5232502,,
かかし,,식사,34.7397937,135.4969362,,
栄楽鮓,,식사,34.6935622,135.5140688,,
たべてや 一得,,식사,34.7001089,135.4835361,,
くっくん,,식사,34.7254004,135.5004117,,
焼肉 はぐれ雲,,식사,34.6652062,135.4987222,,https://haguregumo-nanba.owst.jp/
The Second Room Cafe / Vegan & Glutenfree Osaka,,식사,34.6997409,135.4989694,11:00-22:00,https://www.veganandglutenfree-osaka.com/
火鍋 成都,,식사,34.7023392,135.5179964,,
Mike's Slice of Detroit,,식사,34.7037505,135.5210607,"Tu-Th 12:00-14:00, 17:00-19:00; Fr-Sa 17:00-23:00",
大漁ずし,,식사,34.7394747,135.4948247,,
レスンガ,,식사,34.6655358,135.5162623,,
ちゃびー,,식사,34.7074467,135.5073439,,
La Pizza Doro,,식사,34.7081498,135.5072982,,
LOTUS BEE KITCHEN,,식사,34.740188,135.5164576,,
中華料理 刀郎餐厅,,식사,34.6691883,135.5068874,,
旬菜食房 静,,식사,34.7120646,135.4975531,,
EeeK-A Souk,,식사,34.697732,135.4861065,,
Lee,,식사,34.6973185,135.4862551,Mo-Su 17:30-00:00,
芥川珈琲新福島店,,식사,34.6946544,135.4864831,Mo-Sa 10:00-21:45; Su 09:00-20:00,
Mealthy,,식사,34.6994384,135.4881285,"Mo-Fr 11:00-14:30, 17:00-20:00",
台湾料理 故郷,,식사,34.693035,135.4766154,"Fr-We 11:30-13:30, 17:30-21:30",
Nicklaus Meat Deli,,식사,34.6950405,135.4827744,Mo-Su 11:00-22:00,https://nicklaus.jp/
金沢インデアンカレー,,식사,34.6657119,135.5170891,,
さんま半立ち食堂,,식사,34.690788,135.4755792,,
フジ,,식사,34.6926842,135.4751151,,
canary curry,,식사,34.6918618,135.4790398,,
北新地さつま,,식사,34.7016627,135.4941829,"Mo-Th,Su 11:00-24:00; Fr-Sa,PH -1 day 11:00-05:00",
とんかつ和幸,,식사,34.675261,135.5055764,,
やきとり家 すみれ 福島店,,식사,34.6962696,135.4849031,,
天下の台所 大起水産 八軒家浜まぐろスタジアム,,식사,34.690541,135.5146696,11:00-22:00,
お好み焼き いまり,,식사,34.7018763,135.493377,,
心から,,식사,34.7270833,135.4965664,,
HITOe natura,,식사,34.7270728,135.4964914,,
五味箱,,식사,34.7268034,135.4953503,,
SEBiYA,,식사,34.7400964,135.4969304,,
オルタンシアビストロ,,식사,34.7403153,135.4972049,Mo off,
天ぷらとお出汁 渉,,식사,34.6923946,135.4750775,,
mano a mano,,식사,34.6928837,135.4756309,,
bee9,,식사,34.6983981,135.5154675,Mo-Fr 11:00-17:00; Sa-Su 18:00-23:00,https://bee9.shopselect.net/
結局たれ,,식사,34.7033307,135.5046452,,
ディップガーデンテラス  KITTE大版店,,식사,34.7007134,135.4944328,,
海鮮もんじゃ海老蔵,,식사,34.6661333,135.4982159,Mo-Th 17:30-00:00; Fr-Su 11:00-00:00,http://www.genjisoba.co.jp/
La Verandah,,식사,34.682338,135.4997293,,
常夜燈,,식사,34.6994997,135.5017478,,
はなわ,,식사,34.699507,135.5026912,,
Classico,,식사,34.7008668,135.5013587,,
一国一城,,식사,34.7008607,135.5014183,,
串あれ,,식사,34.7008848,135.5014359,,
どうらく,,식사,34.7008999,135.5013134,,
精鋭麺部隊,,식사,34.719957,135.4820132,"Mo-Tu,Th-Su 11:00-23:00",
焼肉　タンとハラミ,,식사,34.7036781,135.502637,,
タコスと肴と酒 タコフィニ,,식사,34.708368,135.5094815,,
唐黍堂,,식사,34.7018959,135.5113939,,
オウギマチ ラブ ブリトー,,식사,34.7058393,135.5097831,,
クラフトバーガー 堂島,,식사,34.6961214,135.4953685,11:00-22:30,https://craftburger.jp/
Parfait de Merrily,,식사,34.6819166,135.5219033,,https://parfait-de-merrily.owst.jp/
Hyoutei Soba,,식사,34.6989948,135.5014137,Mo-Su 11:00-23:00,
純,,식사,34.7390239,135.4842267,,
雨と猫,,식사,34.7082102,135.5110673,"Mo-Fr 11:30-14:00; Sa-Su,PH 11:30-15:00",
ゆめ八難波店,,식사,34.6685907,135.4996815,,
焼肉 うしすき,,식사,34.7081036,135.5110464,,
とりすけ,,식사,34.6679311,135.5020651,,
ステーキ&カツレツ Nanba 4029,,식사,34.666094,135.4993403,,
Oishi Việt Food,,식사,34.6609848,135.5077512,Mo-Su 11:00-21:00,
ミラ  チキン&キンパ,,식사,34.7096838,135.5049272,,
竹園,,식사,34.7046177,135.5214154,,
Soba to Tempura Ishiraku MARK IS Minatomirai,,식사,34.7053761,135.4978952,,https://mec-markis.jp/mm/shop/
Teuchi Soba Ishizuki  Grand Front Osaka,,식사,34.7045007,135.49475,,https://r.gnavi.co.jp/f1gea9ce0000/
わだ家,,식사,34.7287834,135.4991199,,
鶴丸うどん本舗,,식사,34.7279556,135.5002511,Mo-Su 11:00-21:00,
丹桜苑,,식사,34.7382736,135.4972942,,
（株）総合オリコミ社 大阪支店,,식사,34.7284437,135.5033069,,
北野ガーデン,,식사,34.7099349,135.4981034,,
Pizza TOKIO STUDIAM,,식사,34.6725769,135.499297,Mo-Su 11:30-23:00,
CAFETERIA AGORA,,식사,34.692746,135.4904344,11:00-17:00,https://www.rihga.co.jp/osaka/restaurant/list/cafeteria-agora
からふね屋カレー店,,식사,34.7021699,135.4953372,,
韓国料理 CHEONGANG,,식사,34.7390865,135.4874639,,
手作り餃子ネムノキ,,식사,34.7383275,135.4858411,,
かわはち屋,,식사,34.7389539,135.4878959,,
タコタイガー,,식사,34.7383387,135.4837732,,https://taco-tiger.com/
The Baan Suki Thai,,식사,34.7114449,135.5007976,,
ここらへん,,식사,34.7391234,135.4903237,,
らーめんstand R&R3号店,,식사,34.7352799,135.481889,,
キッチンカトレア,,식사,34.736094,135.4851314,,
北極星,,식사,34.7018866,135.4948171,,
焼肉やっちゃん,,식사,34.7198055,135.483633,,
水キムチとチゲの店 ピンナ食堂,,식사,34.72108,135.4832911,,https://bichnasigdang.my.canva.site/
チカチキン,,식사,34.7040323,135.5046366,,https://chikachickenumeda.owst.jp/
油そば・まぜそば ロマン,,식사,34.7391382,135.5175246,"11:00-15:30,17:00-22:00",
元祖343鮨,,식사,34.6563814,135.498113,,
白鳳,,식사,34.6776683,135.5015818,,
うどんそば松屋,,식사,34.6504291,135.5062617,,
Trattoria Curvetta （トラットリア・クルヴェッタ）,,식사,34.6938302,135.512718,,https://www.instagram.com/trattoria_curvetta_2024
Bhatti,,식사,34.6718371,135.5071575,Tu-Su 10:30-03:00; Mo 10:30-22:30,
Third Eye Indian & Nepalese Restaurant & Spice Mart,,식사,34.6540687,135.5067458,Mo-Su 11:00-00:00,
CENTRUM,,식사,34.7001335,135.4960128,"Mo-Su 11:30-14:00,17:30-21:00",https://osaka.hiltonjapan.co.jp/restaurants/centrum
つぼや,,식사,34.6986347,135.5017712,,https://www.instagram.com/tsuboya_official/
サーモンLabo,,식사,34.703582,135.5026846,,https://salmonlabo.owst.jp/
タイヤタイ,,식사,34.6989817,135.5039723,,
Pizzeria Taniguchi,,식사,34.6791806,135.4903713,,
牛とろ屋,,식사,34.6931863,135.4755838,,https://localplace.jp/t200464317/
やまとラーメン 香雲堂,,식사,34.6930636,135.4757243,,https://www.yamato-ramen.com/
正乃屋,,식사,34.6907218,135.4771643,,https://chiritorinabe-masanoya.owst.jp/
野田肉焼屋,,식사,34.6906915,135.4771247,,
炭屋へべれけ,,식사,34.6906578,135.4770758,,https://sumiyahebereke.owst.jp/
Cherry Jam,,식사,34.6906292,135.4770396,,https://cherryjam.owst.jp/
お好み焼 風月,,식사,34.6902526,135.4765387,,
美食家 きらり,,식사,34.6914121,135.4761578,,
京都力山,,식사,34.6657847,135.5012215,,
みずき,,식사,34.6657701,135.5012766,,
のどか,,식사,34.6657736,135.501315,,
大興寿司,,식사,34.6634673,135.502717,,
金麺と金蕎麦,,식사,34.7205896,135.4832001,,
鶏paitan心麦,,식사,34.7204346,135.4831993,,
蓬莱,,식사,34.7327615,135.4979196,,https://www.551horai.co.jp/shop/list/53/
道頓堀今井,,식사,34.7331716,135.4990997,,https://www.d-imai.com/
寿司と天ぷら明,,식사,34.6679284,135.5044968,,
夜郎時代,,식사,34.7213614,135.482977,,
あらし,,식사,34.7213578,135.4829365,,
ステーキハウス ロマン亭,,식사,34.7335474,135.498693,,
焼鳥 祐,,식사,34.669531,135.5118733,,
Ricoprire,,식사,34.7398223,135.5151297,,
Casablanca Namba Riverside,,식사,34.6692556,135.4983831,11:00-24:00,https://www.instagram.com/casablanca_namba_riverside/
Pasta+,,식사,34.6807189,135.4966013,,
イチャドル,,식사,34.7287986,135.5008673,,
YAKINIKU J&ELVIS,,식사,34.737971,135.5151545,,
麦言,,식사,34.68004,135.4891043,,
博多もつ鍋 善し,,식사,34.728715,135.5000925,,
らぁ麺 喜希,,식사,34.7286302,135.5000922,,
光南,광남,식사,34.7286293,135.5000409,,
肉八,,식사,34.66934,135.5030036,,
一味禅,,식사,34.6693337,135.5031959,,https://ichimizen.site/
神戸牛和ノ宮,,식사,34.6688612,135.5041476,,https://www.koubegyuu.com/wanomiya-dotonbori/
焼道楽丸八,,식사,34.7199805,135.4835887,,https://yakidourakumaruhati.1net.jp/
チャイニーズキッチンSAKAMOTO,,식사,34.7200673,135.4809062,,
ムマ インビテーション,,식사,34.729847,135.497811,,
元祖豚丼屋 TONTON,,식사,34.7303138,135.4971448,,
京都ラーメン ちゃっちゃ亭,,식사,34.7302788,135.4971256,,
オカシパワーバイバウンドハウス,,식사,34.7050854,135.4906796,,https://okashi-power-umeda.owst.jp/
IN and OUT,,식사,34.6796662,135.4934483,,https://www.instagram.com/inandout_osaka/
蕎喜,,식사,34.6797558,135.4934068,,
麺飯天国,,식사,34.6803066,135.4933763,,https://x.com/menhan_paradise
やねん寿司,,식사,34.6804291,135.4933742,,https://yamaki-osaka.com/yanenzushi/
鶏白湯・芳醇醤油らーめん,,식사,34.6778492,135.4935358,,
うどん山斗,,식사,34.6778781,135.4935325,,https://www.instagram.com/udonyamato2009/
Kinmugi,,식사,34.6620735,135.5006884,,
Kaiten Sushi Ginza Onodera,,식사,34.6715719,135.5000648,,
Namba Okonomiyaki Ajinoya Honten,,식사,34.6681036,135.5009834,,
インディアンレストラン アンチャル,,식사,34.7148169,135.5075963,,
天六ぼんてん,,식사,34.7081976,135.5124757,17:00-24:00,https://tabelog.com/osaka/A2701/A270103/27151013/
本町ぼんてん,,식사,34.6831646,135.5095498,17:00-24:00,https://tabelog.com/osaka/A2701/A270106/27104116/
花くじら,,식사,34.6943323,135.4871753,,
いわむら,,식사,34.6984968,135.4983732,,
ラーメンステーション,,식사,34.7397692,135.4988848,"Mo-Th,Su 11:00-24:00; Fr-Sa 11:00-05:00",
麺屋ガテン,,식사,34.6876088,135.5029638,,
家系ラーメン頂㐂家,,식사,34.7344153,135.4939331,,
阿波座テッパン,,식사,34.6829391,135.4861779,,https://www.instagram.com/awaza.teppan.kzm/
オオサカチャオメン 難波千日前店,,식사,34.6647941,135.5040696,,
串かつおうじ,,식사,34.6502985,135.5063206,,https://takoyakioji.co.jp/
Otarueiroku Sushi,,식사,34.6828617,135.5059905,,
王氏麻麻辣辣烫,,식사,34.6632631,135.5033276,Mo-Su 12:30-23:30,
創作料理 鮨 たかひろ,,식사,34.6704841,135.5033442,Tu-Su 17:00-23:00,
Kita Liquid Port,,식사,34.6541645,135.5038559,Mo-Fr 16:00-21:00,
Café Kitsuné Osaka,,식사,34.702368,135.491661,Mo-Su 10:00-21:00,
牛たん焼き仙台辺見,,식사,34.6990045,135.493284,,
うおまつ,,식사,34.7070972,135.5019403,,
TOROMI洋食堂,,식사,34.7076794,135.5038664,,
濱鮓,,식사,34.7071216,135.5046437,,
すきやきしゃぶしゃぶ大牧場,,식사,34.6684082,135.5135254,Mo-Fr 11:00-23:00,
真水無香,,식사,34.726073,135.497102,,
天来家,,식사,34.7266921,135.4976417,,
Storia,,식사,34.7262673,135.4966646,,
HI-RI-N Soup Curry,,식사,34.6746507,135.5140779,,
天幕,,식사,34.6866028,135.5169297,,
Oh.lala,,식사,34.6779107,135.5000362,,
しゃぶ壺れ,,식사,34.7275224,135.5002414,,
そば処一品料理 勝盛,,식사,34.7276385,135.5003912,,
BUTAKIN,,식사,34.72703,135.499611,,
SIAM KASATH,,식사,34.7270384,135.4993848,,
麺屋 左衛門,,식사,34.7270217,135.4991379,,
東京油組総本店,,식사,34.7270446,135.4989774,11:00-22:45,
さこちゃん,,식사,34.7358755,135.4840045,,
黄金流,,식사,34.7197274,135.4806864,,
八百屋とごはん むかい,,식사,34.6805992,135.5049315,Mo-Su 08:00-23:00,
NewBang Burger,,식사,34.6812076,135.5026024,,
今里焼きそば,,식사,34.6492257,135.5060601,,
Ai Bánh Mì,,식사,34.6496453,135.5065563,,
ひとあじ,,식사,34.6499346,135.5066553,,
Mary Spice,,식사,34.6516351,135.5033194,,
阿斗,,식사,34.6512869,135.5023878,,
太陽軒,,식사,34.6509387,135.5056151,,
大坪商店,,식사,34.6511991,135.5050726,,
Menya Char Siu Dream (Jinrui Mina Menrui),,식사,34.6995698,135.506589,,
Taiyo,,식사,34.6721746,135.5031682,,
Andryu,,식사,34.654543,135.5041556,,
タージマハルエベレスト 難波中店,,식사,34.6597063,135.499091,,
周記蘭州牛肉面,,식사,34.6597646,135.4982394,,
めん屋こがね,,식사,34.7037906,135.5045293,Mo-Su 11:30-16:00,
FOTAN,,식사,34.7115278,135.4930329,,
ヒシミツ醤油,,식사,34.6913272,135.5074646,,
燒肉麓の宫,,식사,34.6723946,135.5011766,,
花まる亭,,식사,34.6824638,135.50161,,
肉屋の肉バル,,식사,34.6825454,135.5014591,,
ラーメン町田商店,,식사,34.6826138,135.501616,,
和牛と豚,,식사,34.6826546,135.5014504,,
rho,,식사,34.6828569,135.5014464,,
KO-SOBAN,,식사,34.6828442,135.5016663,,
きりん寺,,식사,34.6793378,135.5013733,,
Kuromon sushi,,식사,34.6663208,135.5074126,,
博多焼鳥たとり,,식사,34.7110438,135.5133976,,
鮨 かわ上,,식사,34.711024,135.5133906,,
中華そば ひよこ,,식사,34.7012859,135.5180673,,
さすらいのカンテキ,,식사,34.7204039,135.4817227,,https://www.instagram.com/kanteki_juso/
とりたんとん,,식사,34.7206016,135.4816864,,
四十八茶百鼠,,식사,34.7324696,135.4934661,,
つけ麺 雀 アメ村本店,,식사,34.6711695,135.4978304,,
神戸ビーフwagyuハウス 和牛王国 心斎橋 焼肉,,식사,34.6710426,135.5020355,,
四季自然喰処 たちばな,,식사,34.7003301,135.4962433,,
志,,식사,34.6596184,135.4973773,,
ニューすしセンター,,식사,34.7032059,135.5020299,,
ナジミキンパ,,식사,34.6622288,135.4972393,,
好屋麺,,식사,34.6620464,135.4971251,,
Junction namba,,식사,34.6610361,135.4959556,,
串かつ 元かつ,,식사,34.6591075,135.4980643,,
町田商店,,식사,34.7195785,135.4828723,11:00-24:00,
ẤM THỰC VIỆT,,식사,34.7207876,135.4827974,,
かに鉄砲,,식사,34.7205362,135.4833874,12:00-24:00,
蟹吉,,식사,34.7215697,135.4832737,,
ネクストシカク,,식사,34.6641594,135.5033151,,
Salmon Kat Namba,,식사,34.6674318,135.5032279,We-Mo 11:00-00:00,
心斎橋 禅園,,식사,34.6740649,135.4999892,,
博多 華味鳥,,식사,34.6738807,135.4997706,,
本串家物語,,식사,34.6739877,135.4997827,,
きんのぶた,,식사,34.6739083,135.4995775,,
但馬屋,,식사,34.6737197,135.4995789,,
絆,,식사,34.6654425,135.5188284,,
Zen Laboratory,,식사,34.707544,135.49761,,
OSARU COFFEE tumugi,,식사,34.6771943,135.4920551,,https://www.instagram.com/osarucoffee/
萬庵,,식사,34.6919155,135.4924368,,
Sushiro Namba Amza store スシロー 難波アムザ店,,식사,34.6667623,135.5034753,,
うどん魂 侍,,식사,34.6865478,135.4998678,,
ちゃんぽん亭,,식사,34.6861801,135.4996606,,
辛来飯,,식사,34.6844742,135.5083851,Mo-Sa 09:00-14:30; Su off,
SAGAR,,식사,34.684423,135.5092316,,
STEAK RON,,식사,34.6980326,135.49792,,
浪花ひとくち餃子 チャオチャオ天満店,,식사,34.7053095,135.5110903,,
食膳軒,,식사,34.7037876,135.5048048,,
焼肉左近,,식사,34.7054063,135.4953182,,
こなれ梅田店,,식사,34.7038092,135.5005878,,
海鮮丼の駅前,,식사,34.7193543,135.4791753,,
鯨料理・割烹 柴田,,식사,34.708181,135.5071906,,https://kappou-shibata.owst.jp/
風華,,식사,34.7265044,135.4956585,Mo-Tu off; We-Su 11:00-14:00,
栄成軒,,식사,34.7264946,135.497417,,
祥之家,,식사,34.7260617,135.4973681,,
個室焼肉 匠,,식사,34.7259948,135.4973654,,
ゆうらく,,식사,34.7259479,135.4974448,,
やきにく百番,,식사,34.7261303,135.4974147,,
漁り舟,,식사,34.7265282,135.4970884,,
食堂はま,,식사,34.7066027,135.4877855,,
ル・マケランシュ,,식사,34.7066596,135.4877887,,
Hansや食堂,,식사,34.6789947,135.4889935,,
キッチンハウス エル,,식사,34.7409428,135.5038118,,
八百屋とごはん たかはし,,식사,34.6921189,135.4954641,Mo-Su 11:00-23:00,
Sea Cave,,식사,34.7298524,135.5000363,,
吴記 哈尓滨焼烤,,식사,34.719541,135.4794892,,
金の華,,식사,34.6990254,135.4988026,,
らーめん　やまちゃん,,식사,34.6987331,135.498415,,
il Picolit,,식사,34.7389599,135.5073908,,
林家とん平,,식사,34.7102602,135.4939653,"Tu-Th 11:00-14:00; Sa 11:00-14:00; Su,Mo,Fr off",
トラットリア あるふぁ,,식사,34.7102553,135.4939727,"Mo-Sa 18:00-25:00; Su,Mo[2] off",
高槻味楽園別館,,식사,34.7394307,135.5182433,,
ホルモンうどん権兵衛,,식사,34.6527752,135.5052366,"Mo-We, Fr-Su 12:00-19:00",
牛かつ富田,,식사,34.6627217,135.5039631,11:00-21:00,
Saporo,,식사,34.664222,135.5039804,,
Halal Ramen Honolu,,식사,34.6622939,135.4955969,"Mo-Su 11:30-14:30, 17:00-21:30",http://www.halalramen-honolu.net/
Chicken One Noodles,,식사,34.6673964,135.5059042,,
ノワ・ド・ココ,,식사,34.7125398,135.5087024,,
金福源,,식사,34.6839752,135.4851311,,
鮨ざこば亭 まっちゃん,,식사,34.6844053,135.4844257,,
1968古潭,,식사,34.670376,135.4784786,,
テキサスキングステーキ,,식사,34.6704906,135.4784239,,
牛角 焼肉食堂,,식사,34.6702483,135.4785484,,
かな泉,,식사,34.67033,135.4785164,,
夕霧そば瓢亭 バルチカ03店,,식사,34.7020005,135.493549,"Mo-Su 11:00-22:30; closed ""定休日は、バルチカ03に準ずる""",http://www.hyoutei-soba.com
Rasa Bojun,,식사,34.6873987,135.5100987,,
串カツ専門店 縁日,,식사,34.7018142,135.5004835,,
焼肉忍鬨,,식사,34.7018329,135.5004862,,
笠松,,식사,34.7010365,135.5001866,,
飛鳥座,,식사,34.7010392,135.5002205,,
ヤキニク キナシ,,식사,34.7014395,135.5000612,,
HUONG SEN,,식사,34.7014391,135.5000758,,
ニューミュンヘン,,식사,34.7012433,135.5003572,,
有機茶寮bySOLVIVA なんば,,식사,34.6622529,135.5027106,Mo-Su 10:00-22:00,https://www.solviva.net/restaurants/namba/
スパゲティのパンチョ,,식사,34.6624998,135.5049303,,
天龍ラーメン,,식사,34.6491698,135.5017828,,
新今宮 屋台村ステーション,,식사,34.6505995,135.5003375,,
まぜそば 寿寿寿,,식사,34.649974,135.5000389,,
親子寿し,,식사,34.6493847,135.502714,,
極細麺 長江,,식사,34.7396681,135.5158822,"11:00-15:00,17:00-23:00",
飲み屋さん,,식사,34.7351569,135.48191,,
インド・ネパール・レストラン ASAL,,식사,34.7356958,135.4822581,,
喫茶プリメロ,,식사,34.7395515,135.4845904,,
居酒屋ポポロ,,식사,34.7382637,135.48476,,
ItaRu,,식사,34.736814,135.4819312,,
キッチンはる,,식사,34.7378098,135.4824965,,
曇母,,식사,34.7357371,135.482434,,
むか井,,식사,34.7363903,135.4828223,,
味幸房　きの,,식사,34.7362469,135.485613,,
まんてん,,식사,34.7390462,135.4842502,,
昼耕夜鶏,,식사,34.7392132,135.4835885,,
まだらスパイスカレー,,식사,34.7387736,135.4872098,,
和食小料理 惣カツ,,식사,34.7384151,135.4864378,,
韓食酒房 幸楽,,식사,34.7394156,135.4836014,,
Lekali,,식사,34.7385425,135.4838926,,
パスタ工房あるでんて,,식사,34.7387301,135.485048,,
広島焼きよ,,식사,34.6664226,135.5053265,,
牛めし 前田 優,,식사,34.6662986,135.5052098,,
鮨バル enishi,,식사,34.6662928,135.5052772,,
点心储,,식사,34.6664111,135.5052903,,
HeavEN 24/7,,식사,34.7408226,135.4934837,,
お好みぽーにゃ,,식사,34.7401311,135.4971069,,
Namba Wagyu Yakiniku Sukiyaki Kasumi,,식사,34.667377,135.503603,Mo-Fr 17:00-23:30,https://share.google/YZpQWwKS1ncnhiJ4I
川田流,,식사,34.7327126,135.4937777,,
BISTRO Sora,,식사,34.732821,135.4941624,,
トンのトンの拍子,,식사,34.7328075,135.4940739,,
鯛白湯らーめん ○de▽,,식사,34.7328142,135.4941181,,
寅虎軒,,식사,34.7108283,135.4927144,,
グリル モトカラ,,식사,34.72603,135.4997934,,
グリル ロア,,식사,34.6995256,135.5017467,,
Tsucusi,,식사,34.6994473,135.5017559,,
創作串揚げ 圓治郎,,식사,34.6503215,135.5030322,,
KAMUKURA,,식사,34.6864491,135.5004769,,
Fermata,,식사,34.6921591,135.475103,,
ロマン亭,,식사,34.7335786,135.5015499,,
魚がし日本一,,식사,34.7335066,135.5013753,,
わなか,,식사,34.6660193,135.5070892,,
豚まんの蓬莱,,식사,34.6665415,135.5013162,"Mo-Fr 11:30-15:30,17:30-21:00; Sa-Su,PH 11:00-15:30,17:30-21:00",
左近焼肉,,식사,34.668505,135.5035741,,
ZEN,,식사,34.6977356,135.4948457,,
豚そば月や,,식사,34.6978186,135.4951188,,
都由,,식사,34.6965058,135.4955355,"Mo-Fr 07:00-22:00; Sa-Su,PH 07:00-18:00",
ほてい鮨,,식사,34.6643757,135.5195404,,
小沢ラーメンの家庭料理,,식사,34.7396083,135.5034505,,
new KOBE,,식사,34.6978224,135.4955936,,
Daru食堂,,식사,34.6977538,135.4954026,,
浪花串カツ,,식사,34.6963586,135.4953988,,
てっぺん とさか,,식사,34.7116342,135.4942285,,
吾作亭,,식사,34.6962175,135.4872954,,
一獲,,식사,34.7009293,135.4869981,,
ラーメンステーション大阪駅前第4ビル,,식사,34.6997416,135.4992859,,
米福,,식사,34.6958936,135.4962116,,
野口次郎ラーメン,,식사,34.6959199,135.4963535,,
焼肉えきす,,식사,34.720413,135.4816635,,
幸左衛門,,식사,34.7205565,135.4808127,,
上海バール,,식사,34.7018239,135.4947248,"Mo-Su,PH 11:00-23:00",
氷見うどん麺つるり,,식사,34.7019228,135.4947612,,
二代目一幸舎,,식사,34.7017104,135.494625,"Mo-Su,PH 10:30-23:00",
極,,식사,34.677456,135.5013172,,
ニューペイブ心斎橋,,식사,34.6774655,135.5015467,,
心斎橋食堂,,식사,34.6768537,135.501522,,
小松屋,,식사,34.6980018,135.4992901,,
OTTONOVE,,식사,34.6951914,135.4999708,,
よど屋,,식사,34.6951884,135.5001987,,
北新地牛の善,,식사,34.6980037,135.4992153,,
谷本家,,식사,34.6980345,135.4987141,"Mo-Sa,PH 11:00-15:00,17:00-03:00; Su 11:00-19:00",
がんこ魚美酒進,,식사,34.6971558,135.4958772,"Mo-Fr 11:00-15:30,17:00-22:30; Sa-Su,PH 11:00-15:30,17:00-22:00",
日本料理しゃぶ禅,,식사,34.6970398,135.4959249,,
ミナモ十三,,식사,34.7182828,135.4867807,,https://www.minamo-juso.com
七宝,,식사,34.7264472,135.5012227,,
LABOおPIZZA,,식사,34.6912875,135.4998873,,
百薫香辛食堂,,식사,34.6828243,135.5013817,"Mo,Th-Su 11:30-14:30,18:00-21:00; Tu 11:30-14:30",
Șașlık Kebap & Samsa,,식사,34.6729291,135.5081858,,
Gobu ラーメン,,식사,34.6954663,135.4782873,,
函館函太郎,,식사,34.7045427,135.496852,,
らーめん桐麺,,식사,34.7045547,135.4969623,,
神戸元町ドリア,,식사,34.7043285,135.4967106,,
紅虎餃子房,,식사,34.7043202,135.4962889,,
豚と炭火。こぶた家,,식사,34.7041727,135.4962418,,
博多おおやま,,식사,34.7042621,135.4961879,,
酒場食堂ニューワクラ,,식사,34.704133,135.4961689,,
難波千日前釜たけうどん,,식사,34.7040777,135.4960769,,
舎鈴,,식사,34.7040408,135.4959917,,
ねぎし,,식사,34.7038389,135.4960803,,
麺屋優光,,식사,34.7039754,135.496142,,
月島もんじゃくうや,,식사,34.7038702,135.4961812,,
barrfoot Curry,,식사,34.7039984,135.4962317,,
鉄板肉食堂TEPPACHI,,식사,34.7040279,135.4963068,,
天ぷら寿し米福,,식사,34.7040676,135.4964168,,
PORCHETTA,,식사,34.7041054,135.4965155,,
鳥料理藤よし,,식사,34.7044521,135.4960769,,
炭炉まん,,식사,34.7040583,135.4958268,,
虎鶏屋,,식사,34.7039505,135.4958548,,
焼肉の牛太本陣,,식사,34.7038287,135.4958963,,
さち福や CAFE,,식사,34.7047746,135.4963028,,
焼肉ジャパン,,식사,34.7048494,135.4967823,,
Gobu+,,식사,34.707112,135.5126015,,
天ぷら定食まきの,,식사,34.670472,135.478066,,
TonTonカンナム,,식사,34.694231,135.4869704,,
隠れ家ごはん おはな,,식사,34.7095331,135.5114331,,
和牛焼肉 日高商店,,식사,34.7105361,135.5111294,,
炭火焼干物定食 しんぱち食堂,,식사,34.7105362,135.5111379,,
老媽麻辣湯 上海生煎包,,식사,34.7095053,135.5113296,,
La Golosetta,,식사,34.6772168,135.5044752,,http://lagolosetta.web.fc2.com/
元祖油堂,,식사,34.6977861,135.4957667,,
麺は鎹,,식사,34.6978067,135.4967727,,
素麺かけふ,,식사,34.6975603,135.4970675,,
匠の焼肉せきぐち,,식사,34.6975537,135.4971163,,
板前焼肉一牛,,식사,34.6955932,135.4973362,,
maren,,식사,34.6968453,135.4972287,,
プリック 天満,,식사,34.709534,135.5110631,,
もっくん,,식사,34.699532,135.5026946,,
お好み焼三代目てんぐ,,식사,34.6964681,135.4952432,"Mo-Fr 11:00-14:00,17:00-22:00; PH off",
カレーハウスサンマルコ,,식사,34.6671379,135.5007939,,
串かつにしき,,식사,34.6679316,135.501516,,
ソフィアマハル,,식사,34.6891141,135.4762428,,
Tonkatsu daiki,,식사,34.6725053,135.5052304,,
Senzu,,식사,34.6683004,135.5049884,,
My neighbor,,식사,34.6834398,135.4936795,,
Koen,,식사,34.6858092,135.5066743,,
スパイスカレーRoche,,식사,34.6991321,135.4965383,,
信州そば処そじ坊,,식사,34.6995157,135.4988364,,
With Green,,식사,34.699467,135.4974698,,
小僧までおまえか,,식사,34.6888055,135.4922848,,
うっとり酒場 アメ村店,,식사,34.6692867,135.498882,15時〜5時,
LIREGALO Cafe Dining,,식사,34.6700532,135.5008125,,
海鮮レアカツ,,식사,34.6700269,135.5007876,,
〜YHYH〜 ウホウホ,,식사,34.7178621,135.4859768,,
神虎,,식사,34.6917063,135.4955789,10:00-22:30,
麺屋TAKA,,식사,34.6856952,135.484835,,
Kitchen casa,,식사,34.7245767,135.4938778,"Mo-Fr 11:30-21:00; Sa-Su,PH off",
YASOHACHI,,식사,34.7222704,135.4894515,,
カレー＆ケバブ バラジ,,식사,34.7227547,135.4904828,,
にんにく焼肉,,식사,34.7199322,135.4847042,,
油そばあけぼの,,식사,34.7199174,135.4845038,,
あづま家,,식사,34.726784,135.4976276,,
とき田,,식사,34.7265143,135.4964278,,
まんぷく亭,,식사,34.7265141,135.4963947,,
和心料理いとう,,식사,34.7265288,135.4967364,,
㐂蕎麦司 きし元,,식사,34.7268019,135.4953085,,
Sunny,,식사,34.7270929,135.4957239,,
TAKUMEAT STORE,,식사,34.7269887,135.4945755,,
たちばな食堂,,식사,34.6479313,135.5022363,,
THE WAREHOUSE,,식사,34.6954427,135.4954011,,
旬処 貴久治,,식사,34.7288856,135.4973141,,
大正庵,,식사,34.6663016,135.479408,,
からんころん,,식사,34.7288674,135.4967857,,
とんびととりの 光龍益,,식사,34.7284907,135.4970274,,
麺や人類,,식사,34.6718445,135.4988881,,
油そばきりん寺,,식사,34.6720209,135.4984148,,
ヘッド,,식사,34.708204,135.5044944,,
サカバダアレグロ,,식사,34.7086589,135.5049933,,
焼肉屋大牧場,,식사,34.6688969,135.5017617,,
室内烹煮,,식사,34.6689011,135.5018142,,
和和鍋,,식사,34.6689001,135.5018403,,
吐魯蕃　なんば本店,,식사,34.667531,135.5018285,,
味ニューほり江,,식사,34.6725625,135.4969649,,
AManTo 2,,식사,34.7082675,135.5051659,,
piccoro,,식사,34.7024934,135.4966467,11:00-21:30,
碧,,식사,34.6962133,135.4952911,,
THE PUBLIC PLUM UMEDA,,식사,34.7034116,135.493456,,
NIRVANA,,식사,34.6991127,135.4962272,,
らーめんやまちゃん,,식사,34.6989376,135.4962704,"11:00-15:30,18:00-20:30",
インド料理ミラ,,식사,34.6985415,135.4970181,"11:15-14:45,17:00-21:30",
鴻福,,식사,34.7192065,135.480751,,
ふらん,,식사,34.698759,135.4964319,,
彦寿司,,식사,34.6987578,135.496521,,
すし処いしもん,,식사,34.6987372,135.4961465,,
中華居酒屋,,식사,34.6988357,135.4963094,11:00-23:30,
HUGHES PIZZA,,식사,34.7091149,135.5037885,,
Abura Soba,,식사,34.7072591,135.5051477,,
痺れ屋,,식사,34.6951771,135.487563,,
ロイヤルホスト,,식사,34.66813699090909,135.48849506363638,,
焼肉ごりら,,식사,34.661038266666665,135.49761491666666,,
栄洛亭,,식사,34.6650914,135.4999173,,
正起屋,,식사,34.66504526,135.4998635,,
デニーズ,,식사,34.64858969333333,135.51913977333334,,https://www.dennys.jp/dny/
ロイヤルホスト上本町店,,식사,34.65806348571429,135.5181679142857,,
お食事処 きよみ,,식사,34.7121465,135.50721221999999,,
一品香,,식사,34.71106984,135.50511446000002,,
担々つけ麺ごまゴマ,,식사,34.70973894,135.50077624,,
らーめん弥七,,식사,34.71129274,135.49969448,Mo-Fr 10:45-16:00; PH closed,
オリビエ・ル・フランソワ,,식사,34.707732619999994,135.50372628,,
幸太楼,,식사,34.712614359999996,135.5090197,,
九州かしのや,,식사,34.71348542,135.50722598,,
北京料理酒家 菊華,,식사,34.71167244,135.50109274000002,,
カンティプール,,식사,34.7077620625,135.509509675,,http://www.kantipur.co.jp/
でん 中崎店,,식사,34.70731326,135.50685612,,https://japanese-izakaya-restaurant-27529.business.site/
佳集,,식사,34.7073132,135.5068082,,
ザ・ガーデンオリエンタル・大阪,,식사,34.6939770037037,135.52406415185186,,
鮨八三郎,,식사,34.666431116666665,135.50552608333334,,
すし一心,,식사,34.704542616666664,135.5026066,,
炭火焼肉吟味屋,,식사,34.706023125,135.5095558875,,
虎寿司,,식사,34.70358718,135.50265196,,
やえがき,,식사,34.70342336,135.5024925,,
知慕里,,식사,34.70141542857143,135.50262531428572,,
桃栄ビル,,식사,34.699668300000006,135.50064445,"11:00-14:00,17:00-20:00",https://www.unagi-naruse.com/archives/19
民芸茶屋 豆狸,,식사,34.70021641428571,135.5032759285714,,
レストラン利樹,,식사,34.7129675,135.51122768333335,,
焼肉きんぐ,,식사,34.70865510833333,135.51731948333335,,
げん家ラーメン 天六国分寺店,,식사,34.710020074999996,135.5159575125,,
マシ亭,,식사,34.6995139,135.51175646,,
長浜らーめん,,식사,34.69911166,135.51352408,,
フグ料理専門店 勇吉,,식사,34.666248558333336,135.50450283333333,,
楽洛亭,,식사,34.66546736,135.50566762,,
月島屋,,식사,34.6656753,135.50425239999998,,
福太郎本店,,식사,34.66560932,135.50452518,Mo-Su 17:00-00:30,
蓬莱瑞翠,,식사,34.66639452,135.50089192000002,,
551蓬莱,551호라이,식사,34.6664727,135.50124057,,https://www.551horai.co.jp/
一米,,식사,34.66518864,135.50420248,,
麺屋のスた,,식사,34.66372296,135.50398596,,
かうぼーい,,식사,34.66343982,135.50418782000003,,
墨国回転鶏料理,,식사,34.7069945,135.51312227142856,,
三豊麺 なんば日本橋店,,식사,34.663024480000004,135.505039,,
なみ一７,,식사,34.66363998,135.50486099999998,,
マッチョ,,식사,34.663716199999996,135.50542372,"Mo,We-Su11:30-15:00,18:00-22:30",
寿司処高雄,,식사,34.66567478,135.49966755999998,,
とらちゃん,,식사,34.6682537,135.502315,,
ふぐ鍋屋,,식사,34.66843876,135.50633554,,
新世界日本一の串かつ横綱,,식사,34.668039320000005,135.50166454,,
法善寺山かづ,,식사,34.668144260000005,135.50246766,,
道頓堀今井本店,,식사,34.66857948,135.50270608,11:00-21:00,https://www.d-imai.com/
新世界串カツだるま,,식사,34.668862860000004,135.50306903999999,Mo-Su 11:30-22:30,
たこ梅,,식사,34.66887268,135.50526796,17:00-22:50,https://takoume.jp/
旧桜宮公会堂,,식사,34.698451077777776,135.5215156222222,,
Reverside Grill & BEER GARDEN,,식사,34.69255836,135.50814478,,
高麗橋 吉兆 本店,,식사,34.68965782,135.50415678,,
うどんちり にし家本店,,식사,34.67373836,135.50245628,,https://udonchiri.nishiya.co.jp/
てんぷら廣長,,식사,34.6830321,135.51039181428573,,
美々卯本店,,식사,34.68711764444444,135.49873662222222,Mo-Sa 11:30-21:30; Dec Mo-Sa 11:30-22:00; PH off,
A la Maison,,식사,34.678963683333336,135.5127269,We-Su 08:00-22:00,
えび亭,,식사,34.67367676666667,135.5127995,"11:30-14:00,18:00-22:00",
立ち飲み居酒屋 「うおずみさん」,,식사,34.69636466,135.48771648,,
興隆園,,식사,34.6737671,135.51655495999998,,
うどん 讃く,,식사,34.69455424,135.48693125999998,,
寿し寅,,식사,34.66810601666666,135.48966578333332,,
マジックスパイスなにわ店,,식사,34.66472158,135.49109072000002,"Mo,Tu,Fr 11:30-15:00,17:30-23:00",http://www.magicspice.net/2013shop/2013osaka/index.html
新世界かわち屋本店,,식사,34.65148286,135.50599434,Mo-Su 11:00-24:00,https://tabelog.com/osaka/A2701/A270206/27131370/
らーめん風ちゃん,,식사,34.67295612,135.52478288,,
マルミヤ食堂,,식사,34.653845000000004,135.51304474,,
ふく流らーめん轍 総本家,,식사,34.64893616,135.52408502,"11:30-15:00,18:00-22:30",
御参詣者休憩所,,식사,34.65309979999999,135.51671102,,
夕陽ケ丘 更科,,식사,34.659096,135.51706398000002,,
GARB weeks,,식사,34.6928005375,135.50588735,"Mo-Su 11:30-15:00, 17:30-22:30",https://www.garbweeks.com/
WINE PLANET,,식사,34.681321966666665,135.49744238333332,"00:00-01:00, 17:00-24:00",
5 Minamori,,식사,34.67065844,135.49498128,,
Chao Lua,,식사,34.671724266666665,135.49553964999998,,
LAMPE,,식사,34.672163739999995,135.4848787,,
カレー屋さん,,식사,34.67374828333333,135.49427048333334,,
かすうどん屋さん,,식사,34.67402701428572,135.49353141428574,,
まこと屋,,식사,34.69741002,135.47499937999999,,
沖縄料理の店 はながさ,,식사,34.72080828,135.4817377,,
Yatara Spice,,식사,34.666631225,135.479679125,,
來來亭,,식사,34.72667904,135.48736892000002,,
とりどーる大正店,,식사,34.65032962,135.47596598,,
ジョリーパスタ,,식사,34.64963616,135.47647006000003,,
ELTRO KOBE,,식사,34.695192999999996,135.49989834444443,"Mo-Fr 11:30-13:30,17:00-21:00",
ソライロキッチン,,식사,34.648793562499996,135.5110991875,,
青いナポリ イン・ザ・パーク,,식사,34.64800668,135.51206145999998,,
天王殿,,식사,34.65344878095238,135.50998224761904,,
TXAGORVA,,식사,34.71166794,135.49639738000002,,
ろうす亭,,식사,34.708744360000004,135.50882442000002,,
可真人,,식사,34.70875838,135.50861251999999,,http://e-nkaiya.com/kamado/
ハライッパイ,,식사,34.70872722,135.50195448,,https://haraippai.owst.jp/
イタメシヤ エイト,,식사,34.708581800000005,135.5019327,,https://itameshiya8.owst.jp/
PIZZERIA DA DOTS,,식사,34.66756351666667,135.47892673333334,,
